2 300
8413 662
5000 8990
31684 110340 114992 10938 4230 102121 14539 119323 102533 16937 109135 127491 125341 29515 121324 106876 6169 113315 2356 103195 106809 7657 120867 117068 109787 118156 5703 116672 1191 8063 14465 114204 23427 104996 8388 104414 120866 17973 132113 105874 4558 123955 2238 103221 32756 12310 132506 131049 2262 32215 12801 101082 122485 4754 1000000000 104816 112496 17783 113701 31897 13531 4606 1016 5670 100221 7806 27398 2721 101522 125091 11788 23727 4864 130810 128697 28790 119896 8294 16027 123099 109764 123491 125637 30569 27529 5631 1576 108607 104371 118514 110587 100704 21182 5310 106519 116230 121670 2751 101810 125155 109799 15341 21899 24760 18738 27132 121473 106354 29313 30389 10284 14505 122641 28054 112582 106177 101148 17321 25183 3287 117788 27041 122146 110426 116836 111699 20334 101932 25199 107425 4300 117272 20375 124251 114014 122387 1000000000 10753 24230 115115 1000000000 18811 20986 106159 132606 125958 1000000000 113689 105078 131044 106998 117311 112420 116499 16249 28920 22514 110595 126387 105109 131198 106148 1024 129849 103706 101235 1017 101015 25335 115139 129484 4212 123048 117064 117968 19433 122628 116456 117422 29510 106784 123077 124426 111520 106306 127365 9641 30808 29044 104164 118435 577 28514 26186 18569 107742 125161 3893 20378 105243 131224 112294 101567 114253 26304 129139 12212 24709 101274 109132 125446 120458 19867 101338 17571 2779 16111 127151 10928 126220 23812 121040 116043 113801 8279 18337 11329 115616 114811 123731 11595 15934 110393 11742 1000000000 116710 21057 26948 112685 17769 102713 107144 24409 8285 122947 124922 18877 23614 4347 1000000000 124220 10565 125106 104861 109025 123461 113273 106507 12542 608 19196 28075 8549 145 11770 130156 102875 132217 104367 24212 29322 104630 4181 6518 127507 18922 121004 15085 117978 129638 123605 26103 119995 125080 112816 110884 14310 126115 110245 1628 3225 128728 23671 26466 9280 22606 100667 333 127858 32198
120888 28050 30839 129758 107421 27105 129329 26933 19205 128918 20392 1778 4783 119245 6872 22254 107565 1000000000 108561 11808 424 128390 28791 26354 23934 6968 105958 31998 120800 127486 125623 15625 100256 7447 112389 17732 7030 130130 3903 20929 109679 31240 102886 4403 100662 128084 21490 32234 103840 122611 129990 30477 22420 107016 7757 5657 27497 103060 8584 105141 120542 115497 104188 109576 28709 102841 127048 131842 26852 1000000000 132158 116904 103500 30374 28256 119250 9437 107544 125827 30357 7874 23372 25903 121994 126233 132446 118218 31357 1672 2290 16448 1617 114530 124925 2345 29775 3905 120859 21782 21769 5350 102579 110319 120438 103571 120645 23397 12273 126972 105202 102879 113770 22900 131404 14999 19307 25503 112223 110324 115409 4979 117759 1000000000 10078 6504 3130 118337 12604 125556 7889 127993 693 117014 3138 14865 30866 122301 127082 131828 24286 28152 116410 131814 32733 3204 942 125313 4941 31215 6919 24908 2528 19139 3963 125776 130105 117979 16616 21021 27300 26439 15277 117718 30171 23820 2951 126146 759 132161 12462 15099 119319 12379 4912 29024 108481 24459 4236 12148 127785 31888 32657 9541 29263 14606 18041 116287 111512 117696 24385 143 103766 117981 124796 131585 5300 5471 121811 130643 8862 24507 7162 1000000000 23531 111521 12874 131541 101304 20000 11047 666 5006 117010 14529 114278 1000000000 110319 32402 105893 22196 124938 30652 15900 7626 123657 102529 116531 18809 25767 20676 112457 123574 17374 110187 118151 23675 119547 122389 10832 103084 10203 3704 105023 117971 25382 29197 127556 124060 128163 19391 21352 103471 9660 32466 25115 9975 29631 11434 102434 108566 113609 123594 1000000000 116864 118941 19538 3809 12636 18422 112644 100880 17997 121176 110581 24970 102556 18251 102399 13037 13103 14284 116358 22695 4420 27315 19706 120991 19328 14128 102513 103816 12707 106187 118546 116805 116626 4262 124927 31733 122270
6137 960 2549 5294 6459 250 953 7816 2789 7359 717 7520 3713 6805 6178 6436 9487 1754 4999 5826 9321 9213 2021 8294 7212 8782 4089 592 9540 547 1779 4889 54 2093 527 3287 5284 4667 4321 1488 9373 7853 5543 1036 2467 2171 250 2029 129 822 3140 6339 8797 7055 5144 9835 474 1144 8671 9832 7217 9160 6687 7941 9041 9059 8961 4362 8756 712 6722 765 7188 3276 2922 9770 9694 1432 4876 8790 7253 47 2637 6865 5370 8803 2649 105034 5756 4632 9394 391 10 9672 8618 7925 8768 7496 6355 3965 8722 2107 9652 6584 8850 134 2159 8468 1048 5188 1985 2967 1379 1595 1786 2403 8395 100127 9550 875 4136 8661 8971 8485 1928 5483 8332 2448 4605 2262 3565 4952 2038 8171 8879 3672 6672 5218 446 4815 7195 6872 9474 9063 9953 108548 6771 103666 4997 3997 1296 1525 9161 3561 770 505 290 2825 3628 7375 6080 7427 6566 4820 1640 3824 103371 2246 9892 6232 1791 1142 9343 2746 3973 7070 7353 3201 591 7701 1154 1747 5911 8784 8532 4411 3278 4716 5729 5226 5508 5129 2415 3513 9223 1241 8241 101282 3599 6313 7449 96 3625 4415 2010 4676 3618 6309 4883 7066 2439 7269 616 2011 9083 1638 4115 8275 7337 4021 2188 118 3706 3623 2532 3023 2216 100990 4168 8361 1540 906 9668 2946 198 9010 8566 4589 2515 8820 773 8102 5555 1465 3218 1787 6308 5628 237 361 3369 4269 1387 9461 2231 7328 103974 7677 9649 1019 1222 1246 674 2081 6575 134 9180 8408 7387 12 1806 5970 5721 9023 6603 9562 6565 909 6281 7325 5387 630 5223 411 1126 815 3827 6205 9518 107 2442 5690 5586 647 7681 6917 657 8996 2292
4569 7391 1307 8605 1848 1814 3452 1831 8240 1579 9272 6435 4319 515 8256 9099 2040 6982 7341 9973 6774 6099 7697 7707 1233 8452 1181 745 751 5794 5013 7446 3020 6348 1665 3222 9869 8069 6997 2606 1586 2492 5140 1242 5226 2431 8864 781 1691 3378 7797 8119 1042 349 4279 1067 4056 1556 1992 5089 2710 27 1183 6601 5002 9801 7110 5778 6170 428 1714 5418 24 4078 6840 8374 6919 8711 7294 6708 6541 2514 5472 2751 4810 7524 5669 9875 2440 8251 593 9138 179 9395 6955 5143 858 9375 9266 2360 679 70 1643 4641 2459 7195 8302 7007 62 2785 4835 5673 102 4367 7559 1558 2133 3649 8595 2763 2072 1360 4558 7284 7101 8563 8226 5270 8341 1701 2589 7794 9883 6792 41 1468 6899 3242 6285 5052 3574 551 1989 1588 7133 3296 5776 9268 6396 603 7305 9019 3281 5323 7065 959 2909 9121 106 2607 5379 2259 4367 2870 222 7324 8306 514 5992 1396 7614 1926 2936 369 4014 717 5963 5901 2981 8273 8166 9963 6960 3051 9339 5125 6888 331 827 2359 6925 9594 9003 7073 7488 8189 233 857 895 5981 2561 6911 4711 5781 9115 3685 1540 9980 5095 2095 9325 3540 2876 5767 4702 1618 2621 3525 2869 4303 2334 9261 2225 9326 9189 5480 2136 4783 3940 743 409 9955 1302 1125 8369 6273 1336 2717 8257 3113 442 7869 559 3239 105910 6217 6892 6601 7376 2131 6679 4980 2702 4969 8768 1717 7786 1823 2399 7956 3622 31 8662 4109 7088 7614 6676 9026 918 1073 3228 1739 9787 6991 805 7040 1979 905 3571 7768 6331 7559 108358 7043 105460 1557 225 101 1282 4830 1358 1747 8120 5928 2224 771 9431 8801
552 1167 9134 9287 5805 8139 3859 9310 8710 584 8515 7421 9529 7239 8551 5274 2474 66 5160 8024 7788 167 6340 5470 1531 6166 4529 2570 1341 1853 9714 422 2054 1330 103816 4825 715 8641 2490 5217 1290 3783 2280 9215 6008 6718 508 1283 7498 8969 2914 3067 6329 9955 1497 8022 4431 8259 970 1022 5479 9923 2265 8757 4996 4113 1051 4846 5744 2997 5687 8416 8393 5284 5519 7735 7927 4101 6081 6603 9200 3570 2552 9541 2703 9857 5465 5615 5475 1043 9355 4811 3316 4364 518 631 9868 1157 719 671 4051 543 5331 387 2699 2473 1507 3051 4957 1331 3790 3865 6180 6259 7237 9998 7448 920 6059 6383 142 734 4315 101625 7214 5217 8079 3411 6148 1766 958 6083 6316 8502 709 1459 2488 1468 73 7701 3220 8241 2332 6245 2636 7093 79 101150 3084 6545 6807 4544 6743 8891 9811 545 7052 7642 103196 3313 2758 5051 925 3490 6899 6451 4054 6967 8872 9894 1004 8380 5283 2551 2275 4695 8369 5936 6286 2174 1345 5253 7574 2089 3656 9204 8058 8649 3622 6383 1526 4329 4841 6094 807 532 2144 9086 1165 1096 3027 4111 8946 1481 2930 4333 8826 3480 475 5852 6556 6405 7648 7914 1168 2627 392 7935 2297 1644 6932 4072 597 996 6981 1477 7346 9010 9308 6223 787 8572 4498 1982 8499 4787 9929 108778 7370 2943 7186 1409 2606 8572 9393 520 2268 9237 3758 1781 4023 4927 1742 1228 8112 3930 8289 3753 7238 4883 3165 2798 1840 1901 123 7341 825 4082 3728 664 5162 1205 4031 1446 9951 1401 428 9721 2963 9383 6164 7246 1293 3596 956 5189 9183 4289 711 9746 9276 9343 2172 8866 9579 9667 7879
8290 2569 1006 991 957 9635 2464 2136 5236 9588 9014 9354 6211 2748 2 2849 1266 418 6906 7766 3945 5259 3779 4558 2247 7740 9439 6770 6837 9436 996 3039 8902 9709 2432 366 4674 7325 1466 5463 9091 9080 9691 2913 6879 224 5180 1885 7816 3199 1041 3508 609 6268 7415 206 5554 5165 218 1077 4237 4252 1098 6473 1985 941 9391 6949 4719 479 731 802 8059 1473 4174 2603 2661 2470 8480 9712 1305 3532 9114 1503 7876 1242 6294 863 2697 648 5352 8431 9251 4275 2957 1887 7387 1521 7076 9517 1883 449 1625 3315 3156 9143 137 1902 5149 7367 2307 66 3182 5264 6700 7053 9100 3852 6518 8105 8213 8772 3746 1382 4110 1624 2867 8584 5387 4960 3141 4364 6544 3229 6062 2688 9669 4419 2180 2436 3823 4043 6847 2284 6397 8804 768 9143 9983 5178 3041 8037 2606 3450 2927 7236 7240 3060 100438 5931 539 5794 9404 8699 9732 7752 6497 2515 8856 1725 6293 3348 2210 5193 8363 5764 7102 5583 748 5974 5814 6477 8591 665 3420 8545 8423 1440 1111 5519 5822 8898 8897 102352 4609 1715 9296 2061 5931 915 3475 5436 3702 7461 32 3690 3663 3811 2955 8058 1930 7728 5305 877 9207 3294 8630 18 8851 1425 8852 3344 2481 8052 2486 5682 7194 1818 103740 4370 6211 4376 5023 2025 7022 9585 6591 2581 5636 1490 3114 4172 3138 1039 6752 6145 4241 6061 485 3781 3594 9377 5943 2751 4425 1257 7601 8927 9761 1098 3920 7535 1425 2218 9267 7915 1334 8207 3544 6787 9409 2231 8244 3966 9050 6217 3571 7457 3589 4700 2738 5073 660 5623 8520 1829 1741 1977 972 7952 4606 6394 1347 9053 7278 1057
2409 8859 100341 3799 434 5867 4494 2299 2209 4664 1276 8328 4297 7399 460 7781 5106 4623 522 5243 9535 7146 2294 4812 1901 5180 951 8225 8814 1060 7248 4181 455 8864 8515 6049 9159 6790 2644 3559 3145 8353 6655 8883 5355 5961 1373 9470 1584 2486 2274 2533 7059 1605 7258 6122 7358 8524 2182 9097 8073 8635 8129 6638 2614 2963 3417 8325 9501 1164 1690 7938 692 4306 652 8610 9985 2239 624 1233 9363 5903 5782 5469 2590 2751 3892 3403 1349 2455 4146 2425 7692 5962 7257 9076 6830 4444 7837 8747 6365 3540 5544 2963 457 3890 3962 4685 2083 108274 1358 5669 9906 6977 6766 6779 1670 3839 7225 6983 6618 6934 4084 1913 4127 4635 2511 511 8087 386 1497 6347 1471 4806 5895 8996 9553 3962 5905 6268 3433 7977 1725 5441 3414 7765 641 104 100499 1694 2835 4487 1879 5713 8931 2177 3418 3651 3387 7256 1801 8894 5509 7677 2731 6028 2206 1996 3829 2401 1034 3431 109866 2670 8728 3279 1591 2418 2519 1066 7631 8852 5145 1905 115 3567 5319 7049 2260 6653 8853 1221 3195 9095 6216 202 4873 5675 8325 2451 7866 880 2523 3766 3408 1078 4372 3046 4877 2273 4440 7274 9505 9720 6355 3598 3045 6297 4040 6809 2470 4687 9494 2687 5158 8374 1354 6136 512 6862 7572 289 7755 2094 1550 8545 129 3803 2283 3134 6912 3530 2605 17 4912 6114 9210 5687 1126 7958 5583 6489 2680 3441 901 9231 3154 7906 1123 5841 1849 7339 4884 1662 8319 1460 105147 8256 2294 1621 1092 303 1143 2340 5677 2565 4997 1724 2533 8194 782 9167 1827 2034 4946 6012 282 104027 311 7124 1580 2731 4508 9498 204
6626 5885 6490 5577 9835 6214 109948 9976 6913 6988 4184 3712 101872 8792 411 5692 5673 5477 6027 7116 4138 908 107368 4318 317 9565 2020 2316 2832 3697 8676 2325 8069 5518 7415 9264 102203 1627 6070 6957 102620 9829 7261 6463 6872 449 3450 1368 6579 1874 8435 5491 9946 93 2652 6840 2476 7051 4073 8779 5222 6976 9313 7814 8943 8250 3796 9560 726 2315 2990 7838 8216 9323 9100 609 5719 6471 1214 2784 3895 3678 7310 9615 3051 1614 104417 8384 9407 411 5787 3345 7127 9792 488 6551 7800 2153 5144 6746 2757 8255 7274 4496 9022 1093 2716 2526 244 1252 7026 3708 6207 5026 9061 7385 6259 8008 4318 3871 1152 6019 692 103623 7754 2714 6994 8960 3257 8498 3068 797 6561 9007 1203 103821 1492 5037 2150 9983 9798 8766 8844 3988 7698 4324 2192 8087 4364 5856 6956 5995 7814 4524 101641 5845 5526 1431 9958 1546 5064 2831 1895 8617 2384 6483 1696 1548 2147 7017 8002 3211 9111 100878 3732 6785 5384 4252 2390 3475 3068 5169 8803 7999 9561 9774 5909 8705 8085 1212 685 1356 4735 3894 2514 8503 5228 483 2009 6725 340 1634 823 2138 3198 7340 4468 266 9113 692 208 6692 105597 8306 3738 3664 4929 9888 8398 7829 9518 756 2350 3214 452 240 8533 3982 8236 5926 3880 641 8253 100528 3262 2548 7987 7487 2929 8680 1565 8258 3381 6115 6086 7210 281 8392 8054 1723 6732 3000 361 5574 1074 793 2161 853 5655 9974 2072 85 915 8967 6440 5771 6222 8226 4158 5777 1173 2354 1020 8608 4510 5975 654 4482 4361 9822 7600 8104 6792 931 5902 9065 4848 5540 940 6220 5072 1095 5543 5352
8594 2383 2748 6474 3328 7115 6071 1784 5896 2160 3054 3828 6147 1272 4639 5074 9314 8906 599 8893 1018 3564 2341 9750 6306 4983 107935 1103 3466 101658 7747 2007 9806 2114 624 2183 3067 1320 4534 5741 5666 1210 7147 5814 107403 95 9824 1826 347 5445 2452 4386 2873 8702 631 8501 2717 7195 9889 106228 9610 4598 5923 107146 382 998 1886 5016 101112 2639 7876 1928 1993 2537 4540 109664 2878 8531 4441 4393 100077 7014 5853 4689 4077 6606 5402 1310 7067 8023 3609 3828 5003 852 102063 4056 9724 101350 102877 4758 5230 2570 2567 816 8264 5876 375 9208 9269 4060 4242 5857 8527 1734 6331 103104 7376 7238 3271 4824 3140 9395 1505 2103 4931 2747 107375 75 5709 9863 1077 1001 5910 6769 9832 104159 2501 9811 9861 2552 456 6626 355 1648 362 1035 5015 1673 3768 104717 7303 2509 5968 9319 8816 6292 2938 6771 3979 5961 2555 5475 1262 1000 7432 5051 7344 2667 137 6239 2735 100998 9646 7566 4197 6783 7654 2431 8631 9474 3581 91 9776 8483 4149 812 6382 2069 9129 1876 1516 9291 7422 108737 9344 104589 635 2464 1989 8333 4011 4831 8171 5659 108304 5143 5326 6934 7114 8442 3973 3251 2632 1337 2187 3683 1998 102969 7875 9376 9096 3943 536 5528 9342 2442 2995 2030 6312 2680 7105 2109 4372 1339 4339 5310 1685 2853 823 124 94 434 663 2326 4992 6126 2481 2469 161 5431 4263 9662 2222 5779 6344 8026 1985 5461 6559 628 4582 1836 8010 3459 571 4828 3310 1305 534 102817 1448 9499 892 321 6695 6450 8526 9058 7817 6016 4998 1148 419 103111 6148 4352 7925 2487 9202 5514 6140 8119 103822
226 3706 3574 7673 2137 4451 9890 4923 9618 7178 553 7369 559 124 9646 4890 6126 4570 1694 9207 9155 2973 8643 5073 3559 6245 4201 9479 2561 1747 2047 3431 613 5175 2160 4309 650 9964 2658 7643 9233 7203 6671 3104 1378 9070 4675 3995 1321 8334 5381 1193 721 5230 1146 8686 2527 5954 1877 3177 5411 682 387 3834 9914 2619 7879 7592 9368 416 6097 2510 100 4397 6357 3543 7396 20 5801 4010 4491 8380 4686 5703 5968 2255 2547 7698 6240 3682 1046 3599 647 314 8157 6479 6443 2685 3444 970 9530 9207 9271 2670 357 9150 100467 4310 5468 2296 488 9662 716 8732 8497 3190 8327 246 743 6614 4915 5279 659 5921 8165 1916 6339 1069 3743 5701 9455 834 1224 7033 1676 6752 6763 0 4976 2902 5763 8049 3239 1168 6469 109862 6358 449 1774 2701 5134 8194 2927 5807 6483 9961 3942 1286 7422 6637 9519 2283 4399 2680 2314 2958 4311 8879 8543 103002 981 1455 4527 2263 4528 5304 685 5922 164 7214 830 8714 8320 1757 1580 1244 2175 2941 1729 9826 9862 2166 8402 1191 9118 4950 6745 1646 5217 5264 1848 660 1931 5048 8555 5522 3561 4333 9229 5816 2469 5093 3326 5751 9941 9343 1875 5085 3744 9493 5822 1766 6386 5969 4720 3169 9570 721 9004 5057 2866 4846 6990 6389 1927 5097 2412 8475 6587 1543 6588 2128 5407 3103 406 1338 8372 9553 1739 7274 7851 8890 2134 2476 8459 1845 6961 945 1300 2180 1356 3519 7234 100351 9514 1127 4660 5964 2284 4600 7517 9551 5250 2194 699 7668 6526 301 7958 9243 7724 8667 747 7811 106048 9083 3514 4619 542 5391 3276 1685
4911 193 2569 5531 818 9489 1705 3878 6594 5746 73 925 9095 7030 9025 9851 1151 1367 4547 9061 7150 408 1030 2042 7332 7083 3253 8443 7806 7668 6818 4540 1327 8301 1854 5164 305 5307 1453 8018 9846 6594 1173 4792 1700 4101 9576 5357 2593 7792 8259 7909 5962 1785 726 5844 5226 7572 8116 7420 3562 9846 61 2386 36 6668 8507 5047 5996 4398 8489 3894 2625 9118 4779 1305 800 2853 7738 65 2474 3968 9646 8486 9799 6838 8673 7051 3355 4478 4513 2214 6776 5982 7334 1503 2084 6951 1286 9238 8381 3488 6981 9962 3290 3663 5281 1640 6595 1951 108477 6192 196 1583 3531 8974 1230 6055 8832 109207 350 1793 3123 4514 7810 9349 9782 6650 7993 9172 3848 8353 2107 6826 681 6551 745 3406 4112 5227 678 6508 4650 4434 1238 7925 1780 1350 6982 9141 5818 2192 924 1877 593 4264 2256 4129 6434 6156 2667 7885 9656 5728 1518 2340 6765 1397 2743 7122 1439 2525 1568 850 1465 4590 6088 5882 1151 4149 9015 2246 3833 8828 4796 1618 612 7967 9864 2028 8677 8524 3248 8777 5376 4026 7887 1639 1992 2411 2043 882 632 548 3017 5755 6481 1100 6851 1174 981 1395 5145 7971 4963 9350 3302 4576 4532 2080 7316 1197 5782 6899 5730 7599 1942 1399 6645 3849 1011 3842 7485 9128 2097 1801 7402 1214 5148 8581 3406 6817 1037 2602 1189 6437 882 324 5554 8839 6280 7923 987 3467 9372 7368 6649 2937 1795 2560 152 1779 8055 5649 1222 1899 2211 2579 6794 9203 800 3521 103410 6964 897 9375 1586 5906 1147 6799 1209 5328 7450 9535 5878 5424 8960 9588 3083 6206 5039
4941 6001 4686 5241 6897 413 3763 8854 4667 2961 8145 6358 2583 6133 5829 7799 8813 6008 2164 441 7390 3234 3329 9440 9212 7756 7331 874 1695 8194 7190 7122 2533 407 6577 9812 4057 6602 424 1410 9176 1832 146 7094 4304 5857 462 8793 6266 5520 9137 1331 9193 677 2195 4083 8579 8245 8668 7634 8160 149 5737 3924 353 9282 5139 4127 6546 3573 418 2462 9939 1797 2061 1704 4627 2942 6277 4125 3646 8112 5507 3200 2874 7595 4111 3019 1980 1434 8131 5808 3632 3197 1759 2828 1672 8235 4510 2897 7348 1191 2345 1636 7347 7107 7194 5699 6905 5522 3220 1083 1122 4243 1937 8857 2039 4123 6860 1088 3086 5569 3632 2619 166 432 3536 9955 787 4265 6345 5955 5158 7095 3173 1754 2817 7 8065 5248 1898 7815 2369 4621 9886 2990 3 5159 472 6477 3825 1866 8290 1365 2299 7644 4459 4424 2180 2929 8553 6836 7676 1021 545 7774 4398 2681 6021 9675 874 3336 6701 4581 7638 2265 9385 1435 3265 5151 5526 8650 5688 3200 543 923 7708 8347 5078 2125 1635 878 8547 2341 5823 8167 1484 100258 1420 4713 4886 3910 9341 6369 9659 3890 234 1977 2860 5281 4499 8700 264 2409 1496 1675 1054 6045 2651 4544 3536 2726 5910 6130 905 1330 1786 2584 592 9357 9703 5185 6669 5744 5331 339 9915 4360 2501 8755 7342 9929 2929 788 2392 1138 3129 7075 2055 8226 6369 8403 448 1499 147 5284 6786 4054 245 9050 7892 5959 2008 171 4113 2370 5458 6360 2326 686 4078 8032 5352 474 9763 9825 1483 5997 2530 6224 9569 7586 7316 9979 9375 2564 4020 9214 2839 4918
6168 5763 8049 1495 109461 1709 8219 7907 5555 662 6387 2573 207 5047 3202 3404 7121 5497 4523 5923 13 4682 5108 2246 8701 1682 2981 6746 8335 6454 2271 796 9899 508 367 3477 1560 6112 6546 3404 5135 7366 699 8572 1727 1010 8227 439 1875 3685 1440 1467 3185 6744 9513 1717 101877 6574 6873 4788 1198 5349 6547 2719 6534 8957 4325 4425 2327 5660 4911 9603 5692 177 2341 7779 2310 327 6019 4692 113 7084 5730 8190 8022 2675 3576 5207 178 1768 2996 4138 6311 2978 922 5879 385 3597 1275 5707 4156 4136 154 1410 5172 684 1962 7066 5693 7215 8732 6202 4372 9048 9367 4963 6101 9780 7416 3317 4462 567 9005 6629 2980 9623 6141 7933 4981 3110 9979 9236 2270 4062 138 656 3501 2834 386 4922 1210 9090 1235 4705 866 2511 7898 3970 3524 8560 9410 9110 108192 5861 4429 9100 3339 2602 9507 696 296 2990 6602 1932 1956 2228 6519 1638 4289 105689 8612 2074 3798 4872 499 6866 6100 8299 2577 707 300 1026 1726 5346 7887 120 3436 1703 2358 2436 6581 2912 9988 6622 1955 107865 9640 3091 6442 43 3127 8971 6745 5331 5689 2216 673 3508 1955 9585 6532 1215 965 3457 9251 3410 5445 9242 107601 670 5068 3917 1179 3022 5231 9742 1484 7813 6273 6451 843 1255 2055 6446 7832 4811 252 3052 8008 687 5061 7436 301 4845 8424 105332 6201 9917 103049 5936 5908 7242 2101 3341 6444 6393 8115 438 8045 1399 3943 2540 1682 7587 9561 2539 4026 3948 917 5274 4238 316 1268 5267 9057 1493 8411 7636 7817 5643 6563 6341 109214 1506 2457 204 8241 9785 5478
2989 1903 7096 2034 325 1941 8278 1653 2329 7654 3950 1182 2747 7659 2306 2871 1613 2619 101600 9496 89 2059 8292 5531 6176 8551 1327 2432 8273 6225 5191 610 188 5193 79 8298 3048 2863 6728 9715 2178 5685 2103 5677 3607 6520 2425 1382 131 976 1685 3077 9451 6214 9729 4249 744 9590 648 3922 53 1077 5994 7710 3788 7461 5444 7783 9915 5014 1569 2651 1868 2495 3473 796 261 3933 4442 296 9598 5995 1580 6156 2913 3059 7049 103461 1543 2644 3957 1655 6784 7269 8042 1266 2354 8424 4991 6673 4407 8914 58 8581 6304 7099 1971 2370 2783 193 6284 1255 1139 6946 1662 5796 1941 1929 5973 359 6883 2664 3518 5960 101210 1992 8576 9446 9577 9677 2137 8448 5972 4413 4682 6537 9974 3153 9286 2454 1051 461 7271 3418 1005 7741 7314 7428 3965 7649 7451 6887 196 4779 3212 7227 4811 1766 4530 4098 7032 7449 8073 2189 2793 4076 3786 303 8022 4491 7649 9778 914 7080 9187 5161 6098 2469 8304 3782 3458 6067 1062 5902 2804 8757 1926 8681 5034 1368 2539 1822 8646 8151 7303 2574 4560 2570 6480 111 7944 4046 8140 7597 6956 104491 745 5772 140 9858 6640 5953 8092 2358 8843 2242 8378 9005 9092 4683 9136 3830 3392 5666 700 100061 412 1581 5231 4508 7734 2642 6819 4933 4080 303 8033 2622 7584 2059 1969 7739 3179 5101 4274 8882 9764 9964 5709 4571 2991 1351 2037 5975 4811 5126 130 8867 5759 2320 9199 1069 7748 6558 5152 438 404 2352 6200 9656 2273 8975 1082 6889 9320 754 5454 97 6952 9573 8710 1912 2446 1479 2929 8420 4211 1682
6224 7666 2248 7969 5128 104451 8112 6973 263 185 9824 8264 7786 337 4306 106222 9326 2723 4240 6968 5510 8712 8767 787 3645 7660 1289 9617 8044 104500 5936 3263 622 106962 4864 4534 3186 5110 116 981 128 9511 8364 927 7856 434 7341 5489 903 8066 3194 1703 8131 5698 9426 9776 4666 7551 7737 8687 1278 6880 5723 7011 83 6362 1902 8089 2276 7295 4744 3824 7843 88 2593 3293 7439 3971 266 109377 5131 7614 7518 216 7437 3044 5608 4690 1044 7495 9477 4440 3566 3712 4539 6519 2024 5651 6666 5841 39 6278 4370 3797 551 6531 2390 6683 4610 3227 592 2468 6452 6238 788 3361 101820 9305 6457 2899 1637 5279 8581 8227 4581 6939 7512 4596 105142 4788 4077 5061 2851 5586 1068 7339 7125 864 947 6943 3408 9811 8295 5796 7191 7914 965 102059 1175 5751 9741 5450 8723 1629 6594 4234 2731 9529 3931 3264 9858 2838 4062 319 8592 9772 109373 108 4950 1449 9233 1058 3840 5283 7511 5143 9263 2332 2712 5599 8600 214 2925 5375 8631 3609 9443 3940 5160 9940 2779 3765 7879 6272 2629 2854 3878 7179 2446 9743 4831 2356 9831 1613 187 100530 2072 4439 2467 8281 613 563 1461 1551 5936 2154 1113 3996 8064 2729 515 5953 5504 6554 1564 1739 103562 2898 4061 4408 8678 3100 2699 9529 4797 2950 5465 4696 9971 5130 8954 1964 5957 4673 8631 4106 7327 1715 5504 7438 6705 513 6182 843 9411 5766 8392 4991 9494 4587 8764 1850 2317 715 4065 3553 572 3319 1426 7950 1664 2346 8765 4218 4415 2943 4949 1550 881 7506 9030 454 159 5572 8279 8904 7035
107523 8196 1955 832 2121 812 922 1147 2340 5096 2419 5835 1030 4094 1484 6229 430 7061 8830 3899 5991 6761 276 1774 1119 1265 9741 2065 6250 4431 8224 7840 7160 3160 108736 1297 9765 4533 5760 3273 102479 1545 4296 8114 109997 9924 281 748 5710 5815 3150 1170 32 9145 3235 2110 8898 6906 9402 1072 9260 3766 7916 5450 6461 8892 107773 5152 149 1295 2595 4798 6548 4284 6456 2714 4195 2413 2046 100924 5426 3198 3010 763 8577 8687 4404 9226 100867 8537 5414 9138 8608 1380 2580 3186 6426 7815 4451 9973 5970 129 3148 5987 1948 4841 103578 1018 432 3793 1042 2158 4338 104193 579 3294 6276 5169 479 6313 1802 5557 3929 4305 6671 1104 6143 8527 7271 7475 6025 6648 8292 9877 162 6799 2525 1559 7751 7722 1115 5032 5326 9545 5350 8903 969 9924 5072 951 3019 1796 7392 792 5738 5157 5890 8275 5253 1418 5660 106070 109928 6610 2708 2577 174 5818 4112 672 1238 9763 7022 3066 1209 2341 1654 5321 1163 5123 2509 103291 100768 1025 5307 9416 738 108052 4303 2501 3120 426 7473 8617 105464 7370 1480 1774 2439 2396 6222 9066 2640 8459 688 4638 492 6730 4586 3791 5554 1142 1731 9251 1800 746 5205 6190 7304 968 2784 6590 1205 9351 7806 8020 2112 1448 3098 2516 1078 8974 3117 4910 733 140 8554 104158 7071 5825 7467 2545 3173 6306 8714 1865 2440 2935 7652 6530 148 1353 5035 4854 1999 8921 8204 7838 8456 107445 8257 1355 7395 3223 2743 2564 7236 7214 4354 3072 4793 5201 5599 9398 461 2257 6730 5667 43 8190 738 8204 4160 1037 362 3109
9012 8489 4961 5681 6026 40 3876 5274 2021 2511 9490 8739 205 2632 7425 1565 4067 1826 735 55 1266 1178 187 1162 2982 9577 693 1331 6098 6862 8132 3138 9548 105406 2518 9811 987 8921 3549 101066 1076 62 9736 102501 7873 7122 2703 5789 9092 2365 5540 8109 8539 5797 790 5893 660 4320 4039 9457 2898 1747 3312 998 9168 108416 2836 6381 1382 9856 5395 8724 10 2637 1840 5264 3112 260 107956 8935 4021 409 5732 1198 944 2155 4145 105070 6267 4873 2671 172 8905 6389 3704 1481 1688 3192 1553 8359 8192 1926 5902 2509 4220 107316 5074 1869 3433 2167 8249 4628 107869 6478 2409 3154 3483 9603 4853 6475 8483 9550 8773 8957 7567 4795 2707 2579 251 5101 3527 6601 8740 1986 4389 5424 8437 1945 693 1204 9293 3506 7012 3533 2373 5253 8649 163 6865 805 1419 1093 7014 9126 2673 9180 2507 9821 3785 2091 107954 106439 5597 2618 3288 5741 3010 6436 2875 230 9171 5581 7484 8253 6047 5048 293 3877 2286 5223 108141 103434 2409 8644 889 4074 102219 9328 7525 6564 3234 1019 7220 100895 5514 1971 6740 6670 6749 6016 4310 3874 7427 6895 7741 929 8912 4541 5412 6422 2063 4760 7300 6777 9225 352 9094 6257 8939 4707 2759 8966 5718 1865 1498 156 5784 3645 1410 6029 652 8909 7775 5974 4365 2164 101672 2133 3073 8886 8075 8353 8708 4780 6209 7898 8866 6177 9941 2771 809 4043 8518 1517 5965 5870 6955 1766 105358 6205 8711 9458 3672 3059 3790 3784 2570 9058 8294 7473 6057 3690 1345 364 9397 1947 6906 7174 8395 350 9998 9336 557 8417 8061
6481 1536 5778 9088 8501 2404 6110 5774 2070 6521 682 2202 7027 6608 9298 1263 4174 5455 8832 4847 1778 522 2511 535 2756 478 7536 1319 1369 4591 1261 8210 7737 2821 3068 8881 7298 1538 2167 1596 7824 1047 9962 1115 2348 7496 5260 7178 7235 7229 7393 109228 4376 459 5071 3953 1644 3378 2207 8059 6749 8535 1127 1501 4173 8581 7958 3877 2020 6592 1071 4284 1225 9163 586 9659 557 5466 9975 8976 9432 4634 9493 625 6872 8496 8882 7584 5847 2655 4803 4320 4748 7230 4454 2343 7989 7641 2166 9877 6228 3382 9103 420 2855 5611 3747 2448 2157 9967 7757 7000 9621 4830 5683 1733 4905 8673 5553 331 8987 5005 8964 767 1567 1962 35 9784 4698 1655 3381 936 4873 1404 431 156 8308 737 9373 6194 1812 6893 9108 4539 2739 6737 3557 106273 1044 1478 1812 7435 9699 1652 8137 1855 5869 6005 9015 279 355 2345 3563 2135 108139 9371 1575 2125 2024 7715 592 4794 9419 1358 4117 6752 1497 7643 6673 3453 2015 3847 6739 4311 9924 7724 1739 1992 7710 9077 100423 461 4328 5333 3408 5113 4834 5209 2479 8527 3449 2555 340 7007 7961 456 7992 672 6384 3204 2864 9040 9780 107469 7301 3784 2152 2877 2386 452 9611 7348 8414 6065 2066 773 2347 9767 8999 8831 4366 4505 3649 6863 7520 1546 1190 4965 1060 3507 102271 3604 3162 104291 2155 2174 2819 3318 7718 5135 2502 9225 5483 8968 2259 236 1256 4416 8550 1480 6065 1062 1885 2612 5927 2313 9774 3683 4251 2107 6003 9872 3502 7396 5639 9789 4954 108083 502 2248 2966 5354 479 1327
1702 8539 8045 6293 3970 4845 8919 7734 1160 7476 4805 4503 5204 3408 708 109713 9215 6628 8923 6256 6037 5962 8799 8839 5387 6229 4372 86 321 1687 677 3567 8805 9876 821 2197 4520 9014 7399 3190 6341 99 2475 7547 1407 3020 971 4189 5082 4183 7205 6554 845 6287 108185 1304 7590 4090 4645 3754 2750 8956 4495 1009 4255 3243 4147 5012 3299 8402 5598 4610 100591 7401 2138 2679 7776 4085 7178 2686 548 9644 4425 4839 4973 2652 8078 9769 5393 3900 8355 2041 9301 979 103766 9740 5212 888 543 4745 6778 2857 7699 7010 2590 2608 3385 9316 3632 2371 4683 7341 8470 9867 100975 4286 1549 471 1494 8914 6790 104338 420 1150 1263 2706 7362 9640 2996 4275 2113 8813 3670 595 8320 893 2411 7087 3695 442 8837 2014 340 242 1399 5388 7902 8248 3174 2458 7417 8906 2237 532 5346 7454 4307 1923 123 1614 1392 5780 7776 6503 4302 4360 3579 6092 9821 9725 5669 288 1033 1678 9742 5572 8816 8727 8607 4717 2367 6923 1870 5402 812 9593 8291 3668 9113 2012 8392 2054 2807 2531 2645 101744 9546 8032 1101 7927 4284 3092 1491 1119 6708 1163 9985 3003 1592 1620 8843 6324 5584 7780 4079 6153 9597 102315 6767 5446 9674 887 19 3912 4882 8104 1416 5871 8050 20 100014 2741 2192 1739 1233 6446 125 3101 6901 6000 1367 9483 2248 5878 6434 9004 7538 1631 4295 8705 6176 5852 3293 363 6050 1163 6648 8059 3905 397 1775 9866 2645 7902 6866 3898 2854 6118 8860 7421 2290 747 101 9716 4814 5290 763 7403 1712 8870 100307 755 8733
9823 7818 2320 4574 103271 2369 1636 5048 5937 1528 9947 1132 7339 3017 9785 3900 2926 3801 5185 2223 8291 100523 8936 423 2185 502 8153 337 7620 2727 9673 100077 9703 4410 8702 9647 3493 2165 4524 2132 6052 357 2704 2505 4932 590 8832 9801 8767 6381 7522 1509 6865 3984 205 2537 522 3656 6494 349 4193 8046 347 2665 2475 308 7053 4060 101645 1389 2697 335 3406 159 3407 1909 9424 920 6919 5574 2945 1343 5625 6460 6797 4300 5804 8046 1670 3243 498 2955 1462 7981 6882 2377 2532 4992 517 4879 7494 9552 4740 7183 838 100605 5698 6616 6744 7807 6375 9659 7707 3975 1820 6588 8365 9448 4462 5116 2708 5590 1069 869 9483 2878 5364 1909 8905 9558 9534 2366 2905 5862 9526 8093 5829 2983 511 3706 2147 6443 4278 7311 4405 2878 2965 8445 3948 7099 9658 875 1517 5874 7479 1 407 8312 5562 1844 803 111 8448 8290 2461 3688 6838 832 3266 8054 2688 8994 9146 4485 8621 1676 9032 2731 7051 4550 8640 9085 3015 9269 7225 4277 9064 536 4643 1251 1997 655 6538 4370 3363 1459 1771 8861 3979 5522 2678 5425 3292 7034 5045 3748 9381 8248 7756 3222 2133 6161 4098 4167 3679 6592 9759 4297 5224 1393 854 8360 99 3631 4597 5063 1519 1113 8538 3069 6399 100169 5464 5248 5594 1112 2635 2976 5748 3180 4153 120 6333 8804 7465 6336 4473 2566 7528 5510 6495 5766 1497 462 7286 6714 876 5463 221 7995 4883 1536 1529 671 8737 3756 1860 485 1268 610 6132 2208 901 2503 8906 1208 9678 2672 204 957 811 5267
710 4509 51 845 2956 968 3145 4921 2371 107122 7790 9807 1553 9738 5945 4956 8257 6984 8554 2017 5387 8956 859 107230 6404 9140 2696 101024 9362 1726 8993 7000 8531 1055 5485 9726 191 2579 6577 6102 3706 9479 4194 1426 9566 7970 711 6168 5481 4571 3122 3957 4819 3863 7057 7234 979 8802 2272 630 5186 8880 9937 4685 8992 2036 6095 5944 4053 1777 3759 2212 2795 104784 3127 6863 5114 3857 4068 8024 2596 2548 1863 8423 483 3562 8863 8765 383 6200 9645 4893 1828 9853 7844 75 3955 5588 5664 3571 520 524 1912 4237 1037 7029 6343 752 8028 8237 101687 1701 4266 653 8223 8798 9347 1502 1359 5846 9664 543 109848 6906 8192 8891 4322 6537 2582 5815 1768 3608 3087 2058 5671 4776 2663 6176 6615 1884 749 104304 3881 8918 2451 124 3906 930 362 6248 5958 5813 2238 5311 6169 2231 6862 899 1154 9679 105168 3860 7473 1213 1698 3043 1538 8670 275 919 3282 1515 1539 5904 5601 244 7480 3706 1641 2059 4466 7027 7022 2083 4354 4416 8455 5051 2407 5901 1996 3957 2072 1301 5168 1245 9977 6961 6193 102374 1000 4227 1166 5062 8503 3702 1976 1253 9743 110 2412 9122 6274 9878 3551 5847 5090 4346 2043 2014 108609 737 682 4372 3720 9520 9968 2717 764 5179 957 4584 5869 2268 8883 404 5569 1785 2774 835 8001 5090 994 8750 9618 1496 9185 1610 9127 2020 6060 3929 2933 5671 145 6467 8903 333 6311 4343 4419 9720 4558 5613 444 8250 6074 4046 2042 1059 9634 9494 5543 7596 3187 1736 4778 930 4971 7186 8442
5864 659 1299 7595 550 3500 1867 2013 9830 1357 1762 9446 6657 7595 3548 1420 8581 635 4954 1976 314 7140 4436 2327 5317 8585 5799 6787 9580 6597 937 6145 5804 4247 1557 2956 3111 4032 7203 101970 5602 6059 4774 3565 5486 845 4253 2789 3940 4253 1794 8644 3463 8981 4487 7307 2981 9497 8355 4355 9502 4392 7303 2646 3272 1793 1829 2430 3442 1368 723 6062 1208 5161 5644 9249 108055 6955 5208 1375 3745 9641 4622 8999 9538 1789 1783 569 5748 7566 980 2643 9568 6092 8498 6719 2902 8217 5101 4811 6751 8074 2915 9945 8945 4430 795 2648 5795 8750 1670 5139 3378 7766 3188 4744 2691 8531 9002 571 5817 9918 7715 4332 2073 9608 52 4438 3597 3302 7892 3642 3366 1359 5884 6571 8149 2354 6348 1899 795 926 3902 9335 5264 3389 4174 8494 106657 7888 3834 7528 1357 7473 1223 7476 8899 1957 8037 3010 5764 109552 2579 8914 1502 3070 9509 1725 8588 2287 7045 6051 7496 1122 9321 2052 2258 9525 3956 7619 8598 412 8350 2791 2041 9408 6632 420 4276 7562 4603 6939 3012 7728 8465 2605 6192 2463 1447 6789 107069 1995 8400 1670 8224 546 4813 6978 4258 2983 300 5934 2488 8526 6863 546 6275 8691 8767 2421 324 8256 5216 6328 5989 100686 86 370 3125 668 8200 5980 3602 4110 9013 1774 4891 1656 3348 634 7126 8827 6208 3702 192 366 9764 5040 1203 9313 3843 7486 9821 6046 347 4115 1311 8466 6139 9849 3106 1754 9586 1883 5233 6753 8250 289 4531 473 3974 7906 8231 5912 3303 405 8694 405 3525 8889
5475 3523 540 7766 6822 9277 6549 8835 1561 3202 3943 2362 9298 1668 7661 1608 2211 9067 1337 5897 4830 5968 745 105444 6445 1350 5674 274 7329 3291 9627 2005 9241 7360 1699 5703 8806 9237 6452 1856 9132 2521 1586 6749 9980 3760 8863 637 6288 8454 5961 9261 3062 6210 6567 3798 3840 3279 4336 5685 6091 1079 2860 2668 3087 5121 9855 7416 1142 1853 7699 4611 4081 2301 5780 7226 5783 100486 4642 49 719 8871 6739 1957 1617 4986 4888 6354 6760 3624 7233 998 1786 7698 9634 1990 171 4893 6168 2705 3246 462 6775 4130 6270 518 166 1065 7996 2783 9758 8219 7498 2536 5214 313 8007 2414 6930 1023 3052 2572 6469 5326 1879 7251 3061 3916 6853 3021 2566 6122 7958 7503 5178 3046 8763 2334 847 914 7491 7923 2281 4661 119 9921 2626 1569 2098 1558 9999 9620 9301 1329 3845 8691 3418 5715 636 2452 5463 6873 9602 8667 469 1129 6019 4055 8898 2234 5320 4173 3028 100585 8061 3414 5279 5290 1608 485 7177 123 4710 1259 5291 4895 856 3102 4106 6474 399 2743 5368 7608 1987 556 8325 5827 4650 8222 9977 5733 775 227 2950 2858 4561 9654 6714 6697 4486 9965 579 4917 9456 3419 7846 6527 390 4247 1233 3087 5398 1694 1903 4643 2434 8453 9724 1798 8040 1137 4042 3828 6870 6602 6259 4237 1486 8621 4128 7689 3286 3201 297 5691 1476 8108 2526 7737 568 5335 7205 8218 7530 5647 9141 1185 2277 1006 6915 5578 5396 9529 171 4082 1885 1115 4305 6091 155 1155 8728 2832 4192 1529 3907 9606 3018
1238 858 9364 5365 484 2319 4709 2002 7172 2658 5931 2551 7775 1106 6646 4774 2959 7877 9541 1026 2495 3561 2732 1360 5392 7691 3254 3083 1037 2409 5693 2410 6017 8643 4969 3989 264 1991 37 6262 5507 9534 4136 1213 5840 2016 6354 7543 1050 943 2581 7503 8684 2851 4807 277 604 5233 5573 2767 1494 6386 7625 8525 1253 417 1903 5345 5529 1221 9093 4911 7190 48 9313 5921 5962 1095 6231 78 9025 4659 5531 380 6844 8887 5908 2627 3359 8770 194 7444 4650 6007 6482 6314 5819 3916 8543 6960 2513 2897 1403 2020 4356 1521 5998 2954 8115 1069 9677 371 4942 3047 47 3951 3350 732 4268 6369 1361 4454 8552 6547 1474 4865 3519 8506 6953 6684 7056 1594 2199 7794 8367 7741 9205 7242 2518 9360 1493 2555 4731 1423 2456 3332 6040 1138 1025 2571 2759 1079 4075 5477 332 3667 9383 6134 1864 8371 1960 9464 5099 632 4787 737 4330 8306 9536 9232 2689 8044 8966 6825 2378 9545 2519 2546 4447 92 7447 6476 1660 9646 7635 5462 9017 9324 2239 878 9287 799 3745 4506 4120 3457 6924 5510 8275 7724 8751 3790 6888 1605 928 1967 2706 4361 7219 921 7227 358 8335 1335 5892 7197 2706 7842 6341 967 8660 2515 3729 150 5274 2792 9358 8077 1708 2713 101060 3314 313 411 3747 5107 8681 9492 3210 1575 5940 192 7365 3943 6929 2228 5015 3245 5553 6481 7832 203 5405 6811 2241 2398 653 6811 1542 9428 4218 2529 3714 5709 3286 2862 153 5007 5515 2193 1562 9132 6434 3601 6100 4247 149 8282
5996 2308 5270 9515 7275 3872 9522 192 7580 4065 5744 5019 2423 7679 8750 1336 101911 6084 2334 3648 9555 7455 1165 4591 7307 9359 106517 7586 1233 9902 1363 9283 5979 9452 9323 6584 2246 206 6202 1432 1613 9447 7549 2911 314 1621 3280 2324 3195 8927 6650 6777 889 5534 4583 9716 7397 6825 9605 5628 6052 8165 1459 107365 1213 5820 9703 527 1344 1598 8159 1659 842 8918 8666 9185 1782 2511 7769 9342 8054 9270 6560 2225 9650 6481 1169 6792 655 2176 9178 7175 7636 5987 6701 2553 5354 5869 6770 1225 108658 8439 9016 7123 4715 6168 8993 1271 4420 5764 8623 286 8847 8226 7993 8704 6822 2770 1075 4629 8850 2142 4317 3178 4090 17 6410 1687 2233 1830 9251 1758 4835 4210 4381 1959 1785 2660 1257 874 1307 6492 4235 2012 2574 4682 1405 1965 7182 2728 8133 9921 2854 5691 2468 3327 4541 6598 5280 5030 323 4783 404 9478 1548 390 9078 2654 8012 5939 2090 8434 4852 6735 6677 2655 6412 838 1157 8194 6530 2684 2623 6181 6482 6174 2840 8812 6374 7930 2760 5200 7199 8049 1852 473 5957 5387 1611 8049 9531 4092 7116 3126 5719 9926 6 3776 9409 2207 3367 613 1689 356 6809 345 2654 6415 8546 4026 764 6981 7515 4395 3382 6562 108051 2334 1781 6233 8005 7640 4351 5751 8631 2864 2827 7496 7492 9288 788 7612 829 1183 508 395 9403 4469 7235 3622 2760 401 7144 5344 4655 8240 6799 269 3521 5855 996 2425 5194 507 5119 5628 691 7062 6121 6733 3321 8221 8878 3653 5325 5063 9090
7142 1102 4657 5193 11 101492 5336 1506 1538 8510 1943 4483 7959 3918 6098 9371 5922 6563 3617 7428 8980 8488 3873 2104 158 1963 1959 7718 5779 5313 4455 7332 9103 3512 5972 8903 8343 813 505 2561 9315 2622 295 3642 106202 2195 9632 8162 7308 3017 6291 3206 8838 46 185 2769 4450 6036 7008 7685 4445 3776 7525 6154 7245 8530 4760 918 226 698 778 8349 1051 1449 4282 8891 4877 4134 8992 5184 6864 6370 2970 92 9851 3454 4390 1131 5985 2907 526 2098 6187 2066 3946 4731 1160 3429 787 8429 5042 2885 2532 9632 1587 2502 1702 6719 7176 3888 8220 6510 1797 424 3212 2062 8905 5166 3615 3999 2532 3623 3722 6150 854 1598 2126 6032 8441 5767 8941 501 2721 245 3647 3727 7155 8669 5476 1021 4068 2905 90 9236 1779 2657 4465 6037 1738 6167 6493 6437 1553 3986 1228 2441 8836 9390 1977 1280 2535 1250 928 3605 2038 5714 3507 1749 6449 7590 6412 5870 5368 3770 8884 1481 7875 8071 995 3577 4630 1346 393 7300 2979 707 28 8210 8304 5289 6611 8259 4890 7565 1875 1622 9546 2292 107463 4760 5095 3352 7670 4441 8668 3593 7616 2389 844 9808 7720 881 4403 5653 105880 3701 8127 2482 9458 8105 9039 1975 8947 7475 5579 7151 3725 8608 2340 6883 2373 3152 2876 2029 7529 7319 4873 7856 108038 2129 2838 5766 4682 6022 1195 1338 6101 6543 5247 7223 3973 4184 5835 7728 2338 5990 4368 594 1847 4954 828 8151 1059 1110 2041 7836 9391 8032 5430 7638 640 1893 4010 3056 4271 2784
8454 1784 1863 2219 5050 2058 8686 372 9563 3661 4408 1892 3492 5997 8425 3997 8730 5896 3386 2770 3460 8046 1774 3675 7867 4082 180 3896 367 2470 3999 4054 170 438 3781 6448 9641 563 5525 776 8871 948 4285 8758 3804 5144 6299 3712 3079 2751 2418 4363 3240 8073 2783 2592 257 1166 104620 1379 5917 6784 6500 128 881 3582 136 7671 818 5531 7074 1370 8488 6366 7065 9492 1394 6267 5124 3948 1450 5874 2722 7609 1642 2550 6713 101161 8447 8465 8958 5837 103292 5222 9525 5943 1202 5863 1784 8119 7311 8968 2733 5538 3685 2291 9347 9717 973 9582 750 264 4731 1866 7604 2486 3092 861 1910 9771 4365 8387 1395 5327 7589 6224 103177 6611 5062 9225 2781 6585 4776 6563 5325 6841 3047 1164 3701 1617 2486 4521 3071 1789 1587 3552 7406 8296 7245 3303 1836 2385 6019 6172 4402 6161 5295 214 2681 6347 1396 8444 3151 101813 8564 8757 28 7943 105700 1023 9733 8402 35 4196 102640 595 9529 426 137 7063 2381 4922 3381 3137 9194 2660 6421 138 8131 5760 3917 9544 5220 9432 9957 4642 8187 9668 1600 1683 6854 2742 252 8765 1886 9239 9593 6161 3845 9282 100845 4604 6477 1680 7479 803 7449 5987 162 1154 6440 4487 9581 769 7630 5397 6233 8633 85 8170 5458 5542 6725 23 2337 5197 5999 5659 7489 9839 5904 2510 106081 7758 9972 9823 8490 4336 5961 8193 1538 290 5798 3393 256 927 7499 2379 6513 1137 394 4045 2137 1639 1607 9404 6270 6744 29 109750 6706 390 2081 2568 8367
7158 1930 8209 360 1792 4913 3078 3501 6258 3173 4231 1647 1098 4242 4786 1301 531 9411 1831 8991 2271 6646 5788 9369 5174 5792 8721 2738 1214 7600 7511 6189 1692 6648 8748 2151 1402 569 5578 2203 2185 2462 7970 1811 5305 6124 7090 5375 1751 7128 6975 4026 1605 6457 1375 2155 6048 4800 4533 1738 5886 8230 994 5076 8503 7045 4266 817 108807 6969 3462 8067 528 2792 2024 9458 1140 6415 6596 9478 6915 463 2444 3140 1218 4505 3964 4956 5950 9958 56 6674 2623 282 9507 9292 1296 4041 6802 2892 1518 9770 4560 7487 7535 9147 259 116 1908 4469 3438 8625 3010 498 2120 1811 94 333 4189 102996 5255 6633 2916 3938 8745 6148 6833 6301 9262 4412 7612 105569 4456 4099 2305 1125 4941 1744 8521 2739 2785 182 6122 1033 9738 776 4634 639 6320 8493 8281 6843 9828 9889 4416 3969 4515 3228 660 607 5386 167 7168 5623 2716 6700 2962 5614 2738 4957 9108 7557 3586 9529 446 9190 596 1770 9530 5346 6465 9617 5304 1960 2092 646 611 3400 7605 539 436 5449 6444 107473 2390 4952 7731 2094 8394 6322 3015 93 3531 6532 1536 3493 3348 4320 103 2575 3872 6770 664 4882 4386 6388 9960 3361 1239 5680 4792 9336 9513 7268 1931 2195 9414 3338 3876 8112 528 5656 5044 8149 5286 134 4035 4677 103522 6382 6572 7519 2868 873 9230 1543 3024 8599 5135 2810 2483 9375 3028 2492 5772 6776 3439 8820 3592 5686 5705 8666 6894 3690 192 1519 6013 7795 4818 7918 6338 9610 1034 5090
2014 5965 2650 9097 1544 1337 3114 4535 2511 941 6672 5118 995 8957 2513 2604 109492 6484 1335 9909 5083 3070 8084 594 7640 2997 3333 4138 1691 1434 1082 6241 2183 1015 3285 1423 4803 3314 4881 5474 8707 1956 1957 6710 8727 9226 25 4659 5362 8108 7368 2376 3822 6877 1063 1623 3007 9875 8133 3104 2309 791 5332 547 4533 1806 902 177 7097 281 5211 6722 4903 3578 5291 9004 6416 41 2334 8562 6971 822 6740 8843 6369 2463 3570 549 6938 4916 7946 4057 2056 8121 6191 49 1137 2012 7143 4791 1715 1191 9905 1840 4147 7624 2184 7049 6039 9824 9593 2048 8229 101705 2562 934 7115 380 8300 8548 705 6961 6139 620 2091 2599 8787 6481 6052 3191 3821 778 311 6501 3018 8546 8703 5494 3863 1972 7938 8504 210 5317 570 8494 5355 5282 4980 3755 670 2652 4796 5506 721 1425 9177 2139 4809 205 9780 9256 162 6961 2911 5400 5167 1490 4516 9244 654 8213 5291 1977 9151 9962 3568 1277 279 134 20 3381 8192 5126 8915 9631 4339 8417 135 8923 6969 4045 2043 6471 7262 9940 106833 8587 2455 552 2280 7746 294 5221 6873 3179 4107 38 7089 8030 7133 1515 5123 1555 3865 2393 6447 3535 2586 4082 2926 8336 6234 519 1775 8988 3624 5164 4999 5493 4779 8699 1908 3295 5158 1291 8755 8245 9324 8225 9139 9081 357 3223 3242 7611 1714 5037 8294 2075 158 2526 38 34 7365 6309 4362 3310 2393 3087 392 4285 291 4131 1457 5005 7799 2495 8147 2048 75 5204 2480
7109 7337 5141 159 4085 6786 1643 6273 4156 1926 4557 2327 9641 6146 5022 4403 3831 6889 3016 9900 4636 3702 7512 9269 9874 9872 985 6784 6500 2655 3046 6319 2684 1790 3226 27 2251 5154 1114 4185 4872 1866 8134 6250 4284 6616 7195 8481 4525 2303 2028 9402 4954 2444 2595 4602 2790 8746 9458 7538 6713 1617 751 9079 1492 383 8448 7063 7651 3913 8658 2276 3367 9667 689 2789 5365 3839 291 4094 25 1235 7749 5916 2383 3278 6667 8694 8227 5356 1153 6113 9303 9768 4248 5634 1573 4417 622 8313 1798 3952 9804 12 4979 1353 4038 6833 4714 6672 4238 6257 4547 926 3882 4825 8338 8452 104 2003 8544 9119 2623 5509 2390 2013 9159 2839 3321 7071 1804 6426 7708 1647 5311 3304 6322 5891 5006 567 1204 2227 7589 898 100194 6024 7444 3273 7437 1237 5746 8664 1220 8555 3731 7094 61 439 8039 1230 551 1695 1203 4115 9901 7165 5635 2816 206 6890 960 1773 9674 1407 1358 3161 4192 5816 3226 2308 5798 5930 8898 4796 552 4055 7653 5068 100677 9231 7597 559 6662 9049 4730 2459 8865 4467 2625 123 1789 9830 2580 8301 6470 605 6260 5710 3347 9767 2100 275 3814 3387 6256 5737 9796 4492 5341 9231 1334 5293 4243 5330 4639 1766 2681 2601 6591 3000 5056 8787 279 366 2162 6366 6670 5540 1628 6585 7892 9212 2714 8348 105077 9951 8674 106038 6256 2305 1060 6679 2328 2088 1312 960 8122 7118 360 1287 6576 6005 6936 1583 6614 1562 8707 5016 6860 4653 4800 8578
2107 7360 2565 8840 7451 2990 2242 1163 2355 111 5153 2876 995 104105 9068 4847 8639 105320 6384 2556 5516 513 897 503 5777 2819 2831 3362 2358 2944 8967 6466 3695 3131 1388 8591 7535 897 7207 4096 8407 701 8509 6119 638 1319 4704 3608 1765 5693 2681 4352 7147 6277 2036 1219 5103 4785 8460 3350 4452 3668 2553 105935 9946 7316 3303 2810 666 8624 7977 4269 2610 5972 9790 7534 8834 267 5107 308 9270 7732 7257 9147 3941 2376 9608 8619 8121 8907 7300 8059 8704 1105 911 7426 8802 9811 4671 6767 100916 1074 5889 2026 7213 7995 6510 8315 9127 2972 8557 4457 109736 2806 362 5013 1570 3379 7030 2344 9639 2346 1598 5097 2177 3328 784 7828 2256 8994 7931 104104 6629 2480 7510 8000 656 3484 3957 788 3797 787 3031 7552 9636 2459 3859 8390 2745 7646 105716 5712 7889 4133 5219 7672 5134 1129 1380 7707 1260 6806 8835 8523 9349 866 8033 3733 8194 9324 729 4579 6628 5016 1736 306 562 106 7389 246 8915 7328 172 1260 6222 709 4265 7361 2112 100163 6068 2385 8046 906 3680 6562 4892 1438 2344 7218 5741 8741 5972 4910 139 9058 968 2646 3690 2107 101134 5453 4728 7298 5670 7973 4807 386 922 5802 3615 503 679 6397 8270 8051 9305 356 5041 7039 2262 3968 8791 7903 4909 7071 8355 9033 2256 2643 6387 1159 6896 3411 4640 8987 6105 4049 7237 7187 7918 4700 7186 7085 9669 5190 7171 7948 1398 4873 8621 459 9296 7637 729 385 3309 7485 4037 2086 6823
1427 7302 5670 3179 9121 770 4852 2301 9674 6686 1472 4060 4127 803 332 2727 1734 7878 6635 7888 5145 4888 8283 9120 6635 4523 8868 251 7104 8679 4689 7285 8269 5739 383 5637 5949 7816 108372 314 1478 1450 3778 8700 4220 9480 8924 932 9908 5871 5864 5549 4571 138 886 7100 8584 9333 8976 9823 8016 2513 6034 5955 4425 1658 219 4936 4561 904 8516 2056 2543 483 6513 8966 3481 1434 5334 7828 2808 4518 6492 4472 9385 3866 1365 5535 4790 2830 8204 7730 9605 45 9103 2072 3135 6299 273 2284 1219 9435 3580 1904 2395 4015 5028 835 480 1921 5826 8351 1050 9538 6783 2518 5882 9842 4911 8110 5772 4415 1456 7450 6855 1745 7907 1804 8551 7093 7514 2199 557 6009 115 9466 852 4008 6548 8058 3847 2165 2151 9902 626 1773 5176 865 8727 3336 9437 6515 6802 2001 8277 5777 350 9590 4708 1015 6809 3826 782 8051 8965 3033 7393 4668 337 932 2937 7699 584 9358 9854 4040 5048 4413 1984 4000 7110 2821 9414 8293 4063 2458 5619 47 3506 1524 8330 9730 106029 5864 4628 5448 6741 6117 9552 976 794 4219 3466 135 3290 4963 2734 9254 104276 8539 2159 9723 6896 1041 2035 6221 2957 6706 5073 907 9803 6995 3087 2132 5243 464 9941 8844 7012 2371 677 477 101383 7351 2047 9052 9092 1949 1152 3726 4718 351 827 3611 2941 9475 6588 7234 3635 6323 8408 9549 8322 2491 9848 7638 1003 2770 552 473 7433 4876 1419 9420 2176 1695 5537 3149 6256 6484
956 9803 1999 1169 7759 87 6774 8341 2312 5196 9929 5235 3728 6013 973 9395 2208 9822 774 7509 9398 1414 2334 984 7912 2052 3533 9274 4360 2735 3109 1776 4553 9522 8189 1896 4593 8584 4449 2125 7775 899 2119 2491 4847 2580 8037 4436 316 3654 4002 7299 5126 7756 5034 9550 5620 8477 3958 3393 4651 5900 6347 4233 7071 1853 113 1326 103146 7380 391 5748 9803 7600 2470 2259 224 377 4323 2006 5351 9334 6584 9874 2721 8898 5525 2632 5496 4031 1171 9084 7187 1275 7194 4534 200 9923 1044 3369 2641 2533 6321 1170 3474 104410 9692 3827 4649 1076 5773 769 2279 8452 6401 2555 4574 3088 8327 3788 9516 8211 413 9891 4615 805 5242 2096 6649 6556 2396 7058 4174 643 5094 1855 7660 8442 4482 8835 4163 6894 5629 3661 6020 5066 5011 550 8790 814 3560 851 7911 7440 2298 5549 6992 2512 8451 2303 157 4273 1411 6544 3483 7156 9629 1698 9490 966 1217 4042 5605 6126 5498 4049 3591 4624 5960 9722 4273 4181 9713 4853 242 5070 107731 2611 1782 9431 9310 4811 9945 6985 7936 5565 2014 2530 2912 1637 2651 7416 6255 6866 4296 7612 109820 2343 264 5036 9239 9985 8406 300 9800 3866 1556 1382 8529 1054 3856 3439 8673 5244 4568 1068 2106 1279 2015 6068 6294 4110 6320 152 2405 8769 1891 7969 3098 7685 9566 8376 6823 1905 7678 9596 7974 9162 2390 6351 8490 7668 2726 6962 229 6266 832 7058 2203 7663 6983 4851 3959 4758 697 6764 1692 4639 2991
9891 8206 2420 6050 3643 1602 1171 5984 1339 8452 3516 8143 4113 7864 7133 7009 199 499 8204 8265 2420 6794 9349 3982 6502 154 725 2541 3470 2587 101718 4067 2157 5311 5931 8059 9534 3983 5823 7397 7043 8280 1209 1400 8501 3345 6483 1033 2198 8833 3963 1260 4313 9823 7785 5787 7493 7497 658 1333 6182 5545 9597 9000 8548 2949 6340 2194 8904 8054 1789 2324 9836 108 5257 4073 7506 9151 636 3765 7016 184 4111 4161 4058 2754 7843 1510 2072 5899 4711 5880 7738 7472 5755 6310 6162 2488 7733 8846 4305 4351 1812 6886 7852 2182 7412 6329 1584 7641 2402 3278 324 2337 1792 5103 5438 3499 3978 8745 5032 3641 6234 7711 676 4487 25 1924 942 5360 5703 6665 102449 5394 7598 9075 2541 4512 8162 6592 9816 3159 5867 588 7266 5907 5045 8783 861 6418 8535 5881 4476 1833 5620 7681 1691 1926 7359 9179 3840 1365 7346 5320 2513 2919 9361 1522 1431 6544 2266 9848 9281 9265 6847 1350 139 1573 4488 2616 7967 7855 3442 9793 7357 1652 6461 9367 7176 8805 7829 514 1889 368 8494 5509 5064 2342 3510 7035 2592 2256 453 6566 5683 1502 2440 324 7941 1153 3935 7811 5789 7834 1283 6455 98 2642 6620 137 4914 8891 6626 4082 9896 5063 3715 4488 367 3832 6036 7528 4642 8455 4955 3781 4422 3561 3165 751 6827 3758 8707 2136 5822 8364 4226 2019 103507 4412 2699 6686 689 9635 4064 7138 8750 3747 6312 9464 5612 8467 8053 7854 9508 7549 3972 4011
7827 9415 1893 9439 2418 1332 2860 3310 3723 7899 2326 1742 3400 9400 32 127 6141 7698 5573 4347 2649 317 3862 9742 7690 4848 8559 4744 2431 4778 9976 3568 689 3953 8313 6139 9188 4187 109185 8381 2074 6880 761 6592 1674 8415 5460 9203 8143 4497 6170 7780 3571 3195 7141 7345 107646 9720 6140 2332 3658 982 1406 9789 3657 1279 1073 5244 4920 5467 4748 5423 389 9428 7057 6640 5232 9562 101791 2611 4958 9592 1527 4150 9572 7479 1197 858 3458 7345 7266 2162 589 9833 976 8266 5377 7481 100101 5785 5175 5612 2579 7993 5108 101645 6631 6599 5362 6544 3337 2838 4547 7295 6899 4809 9250 23 7046 4353 29 5669 3529 4883 4560 2299 4596 1150 8659 5095 1516 6971 1592 3430 1679 6214 5133 3317 1715 4124 5593 1432 5913 6165 7332 1135 968 1284 4519 6053 2743 8461 4727 1850 1643 6855 6828 3252 5219 3313 471 3106 8255 4346 819 3329 856 5691 762 1747 732 8744 2763 8060 4073 7128 9595 1086 6460 106976 5067 3624 9546 9303 3544 2266 7903 3541 5352 2092 1764 1725 4707 2480 8375 1933 3888 7014 9350 8595 1986 102382 1691 1858 2563 6931 1103 1286 2848 806 6760 2692 9428 6392 107445 2326 7705 2508 9260 581 2476 6588 9121 536 7729 7867 7818 92 4072 4555 672 5348 190 2656 9417 579 2918 5845 1796 2455 8297 1469 372 3881 3916 8076 705 162 9826 1848 2251 2721 2785 4570 9216 5994 57 8665 4880 9360 722 8857 7072 4630 104757 4752 7692
8355 606 102665 6912 3780 3008 701 8152 6167 8154 7998 9558 3077 4985 1542 6836 415 109710 2240 9946 2604 9137 7956 5747 4913 3734 121 9532 8915 3695 1766 4348 108809 8482 3625 1482 101125 2045 4268 6075 4277 102311 5541 8507 8517 9656 4830 7022 103223 9995 3092 7943 357 109347 803 8953 9334 6317 5217 7773 4464 4709 6010 7875 206 8875 7789 106508 1378 4630 100996 102470 5883 2633 1225 5257 3258 6 8631 7475 5346 2625 8992 8575 8575 1991 3182 5388 109848 2222 11 8554 3031 5197 1780 6343 985 8496 7051 107260 753 6917 620 9090 530 5915 7331 4553 109565 1900 6316 5209 3927 3735 4634 4250 9295 5299 1356 3826 8319 1281 101501 6301 160 3954 9820 5714 1459 9065 6140 2211 957 6449 2092 1733 2402 9490 41 4337 726 5360 6002 5129 107983 6165 2012 7807 3887 9969 6967 8163 4018 3871 6753 5244 2419 5001 4554 7066 6579 5614 5384 1337 9180 8771 108044 6855 108626 4008 5604 4057 9356 7341 2258 4491 1170 107140 7021 6360 9207 5320 1942 7417 6393 8143 3966 5585 7398 988 100694 6600 1474 2024 2407 1653 1942 818 1396 3266 2667 660 332 7435 792 4488 564 2903 1783 1659 85 5755 366 3137 1889 187 1229 8329 3100 3490 948 4258 8328 99 3143 4414 5970 3377 1252 918 444 4892 932 9486 1674 1389 8625 379 6688 629 1063 2498 102763 3345 1805 2130 6096 2960 7254 1973 8019 4935 2707 2387 5065 6773 108763 4984 4895 2691 5678 8167 3772 3550 4470 109999
101604 7113 8544 9981 79 7516 2121 8514 8377 5217 3452 710 8603 113 603 7164 7115 3562 572 8808 4959 2644 7382 2015 839 2820 2043 7518 8108 3408 6201 8862 7700 1765 6188 6262 1095 8533 9942 4641 6918 3429 3490 3138 2667 8374 6517 5301 9916 49 8998 9416 5748 8857 5455 1562 1059 5724 2660 6386 4932 8218 1988 2211 8672 6777 6526 8047 3154 6536 9686 103594 2906 7075 9431 7216 2454 4055 411 8329 103246 3814 7929 7035 7150 7212 9615 2993 2874 109331 1937 6348 2172 5156 4032 5031 7762 106783 13 9391 5046 6733 6688 8626 9230 5684 1509 3831 6885 6891 7878 8735 5065 239 1103 1418 871 9093 2829 8989 9203 304 4233 108674 6973 981 3012 5617 3808 3454 8130 8510 3085 9452 2620 9075 8840 8592 6513 1871 1329 6203 8078 5087 5093 1749 510 9244 2293 3771 1010 5 8568 2349 468 1566 2925 100343 5945 41 1252 1661 6149 7781 4494 140 2099 4820 289 8335 9494 8849 3136 3664 1418 9265 9722 3967 9166 6889 3250 2872 246 5345 6784 2368 2587 7384 5606 7472 7254 456 7365 3317 7597 4811 8480 6599 1613 6285 2193 6184 3753 1972 572 4368 109106 8158 7105 4023 3880 2122 3093 370 191 2090 8035 8770 790 8182 4270 4489 8772 6789 9483 766 2563 5832 6237 4515 593 9975 4305 453 1925 912 9419 227 831 269 9296 547 2484 7942 9318 3666 3448 630 9337 1466 1836 5714 159 8633 109738 5048 6078 3392 3854 2308 2636 1929 4808 169 3671
7116 6592 3966 3607 8275 8153 6342 113 8140 1065 5973 1405 4208 2791 1904 538 6338 2438 5892 3728 2266 1265 1785 150 6546 839 1560 8997 4768 202 9995 7405 4726 2434 4661 4582 3430 4503 5970 42 2906 9503 303 818 6867 101 2925 7086 768 4171 1554 9112 98 7409 6865 299 7086 1142 1675 1392 1314 2894 2054 6521 5035 4084 685 242 2966 722 102056 1333 2453 3168 1949 5469 3333 7433 8487 101725 3646 1332 9702 2433 1962 8561 695 6261 103370 3410 6598 2341 2197 8108 8865 3797 108530 8270 1119 2162 4809 594 2512 4600 357 3985 8854 9718 8716 8716 2229 8335 9826 6472 2567 1794 8346 826 6996 2300 6959 83 105504 8044 5938 8477 6884 5912 7205 1671 273 3902 935 4238 4099 6061 7233 4909 355 7141 4945 5285 31 5324 8436 1472 6542 3443 1018 6643 30 8280 6452 4626 1729 2221 106177 9577 9720 4073 1786 3064 9390 8238 6746 4718 4120 4763 4130 4378 6555 530 1836 5885 6622 5004 4574 3700 9410 3916 3473 1397 143 9666 3651 5991 2769 3969 8906 551 5988 626 7274 1176 8331 7162 7225 6971 423 7050 6368 160 7878 1893 4324 106668 41 6984 4839 1547 1419 661 7721 5111 5455 4752 7394 9689 5817 5438 8005 9024 4848 5210 1869 1296 4962 3578 5243 573 4168 401 8003 9976 5516 2455 2467 2889 6105 3702 4566 4430 9745 7574 1960 2450 7397 1899 6955 6721 528 9693 6937 108955 1540 5833 2507 2504 8538 678 8793 8043 9828 2362
4595 874 2054 4350 1439 5516 6708 432 596 5556 1261 6071 6743 2717 100713 7836 1412 4647 2414 3479 9823 7249 1849 7799 5931 2135 5243 2566 8219 101006 2418 540 439 100925 7003 7236 6001 4622 101524 3580 5737 6390 1462 1248 9438 105393 6227 9353 3046 2050 102220 1058 367 2681 4870 7548 9318 245 958 9795 8985 8493 7499 3680 108568 6458 6803 107215 101569 7687 6305 4084 4301 9419 1077 1882 3604 1830 7003 6076 2872 234 385 3144 2929 108668 3012 1584 1348 4523 5722 4899 8906 9713 6710 588 100750 2056 359 4073 5911 6830 7345 8478 2103 100924 7760 1499 9619 787 4954 8764 6180 2600 5973 4127 8685 8802 3690 103707 4973 9841 2040 2399 9223 2978 2235 137 257 8864 2430 2344 1915 1580 4254 8900 6464 2672 561 76 5745 108433 5304 9936 6992 8036 513 385 6698 8546 8704 1622 3577 7630 1038 496 2457 9543 6802 6799 4633 3513 1312 100246 7588 101641 9951 317 5137 2992 8224 4038 5367 5575 101051 482 5301 917 9692 7509 6689 6309 9326 327 352 7579 6310 106604 86 9768 9220 646 9085 1964 5621 746 3291 3052 2365 3297 5680 8468 1955 4559 4221 7662 4045 2425 5371 7716 1662 7539 5194 6834 5677 423 1689 3168 3912 4589 7638 4190 3304 1815 1399 7361 1974 2188 7272 4797 1039 2936 1621 3939 4356 6497 3163 7550 8373 106781 7434 7624 8736 8962 3869 5042 1188 2575 5485 1668 5754 297 1299 107985 7254 6040 9789 479 1147 8740 131 3269 100525
1002 2458 3574 4955 8387 8168 2734 9740 1238 3225 3626 152 5020 7794 6028 9835 5813 1140 303 8982 6026 6835 6504 5975 4659 6744 6510 842 9946 7588 3964 1455 1023 1957 4260 2974 9052 3102 886 8857 8012 3218 9729 9313 2632 3329 6761 6139 9235 4022 8394 7667 6055 672 1436 1522 6302 3488 5512 5693 7334 482 5321 542 4895 5392 3910 4567 2694 1411 1551 5284 4919 2155 966 2080 702 3025 6081 7931 4767 3771 749 7274 8344 6048 181 5423 100739 2748 258 27 1648 4774 4885 3969 114 4001 9764 45 3800 4432 6145 3589 8143 7981 3393 8479 9047 9019 5771 3587 102707 3226 5967 5730 69 2395 2010 823 2265 454 87 109564 5616 1544 3143 2305 7008 4992 9013 4953 5002 5852 4563 9957 8397 144 1321 5461 2233 8567 2256 332 646 5036 905 5123 7621 427 835 1409 3544 9572 4285 2489 2878 4224 2456 6660 433 5383 8177 690 6452 7249 270 2811 295 2363 2855 2442 4045 1277 3831 396 4544 9513 3442 6 9379 9815 5209 3109 2839 1807 9772 6681 1826 1366 7056 389 4686 2620 2033 6656 1982 2549 6905 6655 2982 8792 107122 231 4715 7412 1737 9326 7657 4009 5251 6321 4628 8742 9396 1771 1248 2063 7885 5877 4533 2177 9654 3993 285 8425 3613 875 1872 801 8285 2074 1203 3389 4275 3795 3692 9590 781 5975 4376 7380 6260 9710 177 4353 8459 7180 7162 5051 2056 4579 5053 7147 3762 7450 7192 3252 9740 1068 8386 3405
7330 7427 836 3315 2721 6102 4102 9 9788 5281 9159 1681 7420 9973 978 3376 108711 3503 109 5917 3972 5917 6660 8490 1374 2351 7125 9062 8263 7418 237 2417 7135 1618 6755 7234 4661 8745 3827 1526 5613 4419 6526 474 3475 9373 2271 2123 31 5453 6913 4075 810 9947 6304 6935 815 2528 7406 1014 8053 1501 887 2245 5437 9632 502 5313 551 3011 9961 9349 825 4950 9363 4357 7426 4334 4672 329 2476 5517 102766 7678 1841 1955 2923 2169 6128 3429 6489 4078 6239 1822 9177 4112 4611 9764 919 3690 7406 7116 7746 3805 5400 672 623 1595 529 8208 9086 4547 9046 9495 157 6382 3522 3087 1899 7930 7687 8279 4592 3652 3741 6580 4236 5436 9977 8086 9677 3 4962 6205 5476 344 8417 4235 1626 7492 3367 1276 7327 4754 6308 9267 5476 5811 7172 9719 3370 5840 6044 846 5834 9409 2502 904 8870 3215 425 3983 4047 3397 9517 2349 6825 9532 9133 3295 8220 8855 9245 3513 3197 4972 6542 1722 9644 3092 1296 5153 5615 5412 1928 3744 8863 102525 2722 6848 5105 9570 553 150 4135 1752 8388 84 2984 1522 1443 7123 158 105693 5259 109055 6942 2649 3901 8131 6414 9626 6494 6855 1666 8510 2402 1831 3463 4608 5627 3398 4179 1740 9601 2595 5644 1684 7154 9803 8825 2658 6652 9999 1718 2287 9527 1735 8028 7587 7177 6470 672 4478 1621 9216 1003 9350 7476 4346 9482 2610 1766 9233 3782 6551 8682 638 1574 5776 2412
9897 8436 564 703 2283 5550 1651 3964 9544 102366 9168 5337 9100 1836 2054 8253 3557 7857 36 1795 2 9600 5610 8878 1658 817 4249 9084 5840 6061 3654 4557 150 5121 6287 6949 9344 9900 5537 5968 2938 619 202 9222 3388 456 101658 2832 6429 1839 5023 4650 9126 9329 5265 4024 5976 8635 4667 3966 6912 537 3676 2235 42 1400 461 614 933 314 7203 9500 997 7133 3079 7080 5550 4382 5172 1748 7472 2842 6656 105502 7054 9781 9199 5295 1651 5342 2757 6664 2039 4803 7403 5118 8750 3473 4372 9865 9042 7935 8639 4007 802 2699 2543 4566 6811 9829 4906 5185 7094 7211 2399 2922 738 4900 3772 1801 6772 2721 8591 2388 1020 5953 667 9440 1305 5060 8893 1974 8975 9506 575 2730 8056 93 3996 9208 4474 3076 4677 7120 4328 2202 6532 5652 9371 1462 1312 8142 194 1772 7360 6520 8663 2220 803 1382 6276 793 15 4390 4885 1837 2473 9932 8160 8539 2421 1479 9155 3237 2573 9784 7901 2591 6759 9844 992 9076 3954 5480 9397 7175 9378 9084 5856 6364 8349 6459 5317 4521 1620 6433 5931 103 8070 902 3441 6477 3457 955 9247 559 9882 6434 3469 104067 367 755 1417 180 4268 3228 8789 3898 7307 1977 6800 2282 3647 1204 8086 2074 9938 7599 7354 9544 4301 1951 8691 1563 9561 4619 9220 4282 4932 1350 3617 9836 5302 9353 9775 8352 6324 4596 5243 2285 8932 38 702 6700 4706 412 95 2965 3555 2022
2169 8232 7912 7648 4558 670 1077 6864 4093 3086 6482 2603 3392 1251 6322 5709 1273 8926 8467 101048 7022 201 9925 4444 8386 3644 2110 7129 4854 1459 1709 1249 2240 7071 541 6353 9691 7116 9005 2257 2191 7411 3102 6522 3698 4417 6076 4536 1663 8376 2240 5072 4854 1956 8309 4851 8453 5505 1339 963 37 2731 5992 5926 7207 5333 9173 7449 6897 3438 8392 8935 2388 8833 6558 7690 6208 4653 7868 3489 1706 468 3461 179 860 2775 4462 7250 46 274 448 7011 1940 3940 7582 2414 23 9586 1224 1345 377 8621 7711 6281 9635 3456 7355 7252 5681 3726 9049 109329 6545 2876 6680 3673 2391 939 9414 5042 5621 473 3462 9697 393 4232 8310 6176 101415 4767 78 6704 2329 863 5019 7249 3892 1289 268 4607 7645 107086 7628 108991 3564 5031 7954 8347 2656 102 3782 9034 3714 2525 373 3396 5550 6430 2359 84 6496 5874 1694 5983 811 349 9026 4964 3968 6866 8811 7412 3485 7700 6734 4052 6228 7501 6539 3553 5629 5906 3302 211 638 7382 2677 4581 5562 2573 109034 4420 7080 740 2466 2661 6342 3712 2492 2732 6446 5860 2462 2651 2584 2216 4613 728 8543 918 5963 4130 8376 5973 1598 5893 3248 7132 3374 9675 2742 6687 5527 6869 9369 8334 288 5707 1907 4031 4371 5729 6758 1240 4974 4491 7414 3729 1865 2642 600 1514 4026 4247 8728 4377 4645 6343 4481 1159 6968 4431 3561 3707 5846 4226 1803 9382 9025
3417 6345 6369 429 3770 2577 1572 6067 4733 3983 7321 1444 826 3028 2817 8959 8023 374 4405 3541 6465 100584 9983 8394 89 9723 3321 7422 6225 7204 8518 2349 2342 6496 6704 7092 4080 422 8258 9733 2360 1388 4519 6956 8186 4237 2259 3267 8907 9465 3025 1732 8572 8349 5884 5165 4448 8788 104433 4504 4474 7870 4900 1595 1755 7825 1299 366 1291 125 1065 3163 149 6724 6068 4363 7800 1482 1800 958 8602 1849 1956 3323 6848 2344 2278 2457 796 6317 9627 1996 758 7713 6058 677 5791 1027 4562 4147 1905 109295 1520 591 203 5712 1926 1975 4620 9795 1768 2008 7069 1999 6600 9233 2884 5986 949 5254 6214 9261 704 109922 8733 5651 5119 8401 8539 2654 2885 1917 5373 8851 593 6679 7347 6535 1270 5993 1007 7521 2555 7897 828 105153 4340 3808 5681 466 2673 8971 8806 1501 4214 5122 6694 9454 5275 6152 7878 26 4644 579 245 3025 8243 8668 196 1537 4188 4968 2264 3547 154 8840 1886 9642 9008 108206 1646 3057 4899 8834 7699 9379 4854 628 5882 4665 2550 5746 8249 1856 9127 6620 5250 9362 5566 8694 2855 5526 1056 2574 4496 2842 3387 9327 8812 6255 3652 1476 6292 8805 5137 7729 7510 5097 7608 751 9408 100141 5800 8807 6811 5479 3142 8881 987 3180 6490 1469 1524 1935 3163 369 5055 916 3912 7044 2893 108250 537 7786 843 6072 8197 1121 4950 1623 2837 8764 2257 5281 2249 4622 7285 1768
1641 4090 1001 108650 5007 4904 2354 9427 1011 9498 7628 6595 1751 1184 4746 274 8373 9192 2858 9298 21 2138 6684 3316 1187 9219 9589 8333 9185 9521 8879 4682 9864 4095 5171 4945 709 5648 8058 826 7090 8993 3312 3710 1458 2442 3242 3903 2321 101798 2841 697 6619 3716 5936 5928 4220 2860 3971 9785 6728 1334 128 3413 1196 3095 6322 91 8788 1853 2371 3117 4798 238 6146 7710 5951 252 5510 410 5062 667 3170 5799 6830 1990 104185 3211 2711 7247 2611 8974 7830 1094 2289 1313 1003 3179 101917 9887 4500 3175 7286 5747 2289 5272 6507 1818 3752 5548 2469 5226 7418 4913 6394 3443 2325 107369 9472 7541 2187 595 4590 5779 3811 4104 409 1431 3871 8788 6830 677 8702 8006 8586 2324 106930 2953 4946 2570 3444 5235 3296 6247 2198 1534 4172 3014 5914 694 5324 3759 9090 7938 1932 625 519 1638 3329 8206 3598 9480 5034 422 5080 3473 312 3385 9769 23 2192 9815 9211 489 959 102762 4195 2651 1102 9975 2164 8146 3525 865 1843 4962 8532 2782 475 2006 8144 8542 434 7167 3451 3785 107387 2674 296 6392 3837 8347 2541 8408 5301 2918 2217 6522 1880 8271 3656 4798 4011 8040 7957 4785 2550 2476 2927 3764 2421 3953 207 6272 3841 4419 873 5350 7744 8511 4625 1276 1384 7677 1536 4821 1562 9474 3783 3439 5708 2452 8483 6804 2759 4031 9682 1145 3603 3639 3829 6699 7311 3263 1430 2154 2501
3386 9035 6406 1101 1553 3180 6586 8337 4580 1058 3302 674 9236 4464 3586 9817 8208 8567 3087 4240 7438 1860 2496 2 6733 1821 6953 2319 1688 1980 8343 1541 1342 6010 9856 2476 2176 1328 3340 2608 6282 3162 1412 3685 6629 8557 2266 3094 2604 5371 9593 8190 6622 372 5551 9803 5156 4895 1512 1295 6948 281 4988 8073 677 45 9148 5251 6723 3766 2249 8557 5125 9009 7254 6171 3741 4150 639 5339 3360 6695 1738 6105 5911 7658 6716 9206 4661 5684 2367 2614 6570 1319 867 2889 104439 6797 5507 108 4739 677 2650 2529 3038 5470 2245 4844 9700 7586 634 3872 7780 3285 2089 617 3905 7181 9330 9163 1656 9764 359 3019 1283 5563 4451 1532 9726 6562 9004 6094 8345 502 9109 7314 2605 8522 8343 3712 9602 6233 2801 6924 3823 4986 8222 7191 2404 7894 886 1538 9365 6278 4103 2088 552 48 1141 7692 4289 4275 7487 5089 7323 1008 356 2153 8762 1549 3590 7920 46 1252 4623 4714 6267 1825 5489 101353 4711 5308 4114 5715 1668 83 5527 2228 2574 7292 3264 5345 999 5049 2117 9037 1266 9916 2047 8270 6028 5342 6570 4370 6369 2059 3273 3903 3310 8464 8091 4232 8403 3192 365 4759 2028 674 7104 8679 5360 3607 5612 9377 5081 3099 1829 8250 7429 7042 6764 570 5116 8101 3642 6640 2643 1861 2857 372 2737 9743 771 2557 7024 9105 3455 948 7334 2188 4616 6745 1813 6330 8833 3893
2415 5586 9943 336 5646 7689 6789 1475 8018 7131 14 2832 9980 2123 4406 1985 220 6839 1585 3119 5622 3328 1361 3012 1290 632 9930 5634 7412 3821 1576 4981 161 1541 9251 4039 8947 5418 8562 8787 2918 2680 1438 9420 4388 2564 5880 7518 8246 6640 6366 8309 2445 108236 6218 1661 2720 2191 9915 6314 8070 2695 6648 5177 7206 7405 8626 5399 9101 348 5449 7824 4816 6867 8674 170 7219 9465 2168 3268 2729 7905 7025 585 8316 8926 8162 4057 8336 3225 7525 8121 3971 593 1017 6234 6488 1489 3019 6056 6612 856 516 356 9368 9221 6867 9988 256 130 7853 3673 4699 1267 8786 8002 8957 7054 3186 6575 7201 6429 1791 8760 4035 1714 8580 3582 3293 5050 5158 482 9024 6342 3755 134 1813 9446 3401 1073 6788 7350 8911 3463 2005 3069 4650 4215 9894 109763 2513 2038 3500 4676 3985 7693 8685 8515 5696 7407 9102 1216 1084 8750 7080 7228 9316 1822 2512 3581 1738 1225 1607 477 3783 2740 383 8760 927 5714 5392 758 5991 2488 9305 1013 6996 1057 4315 8939 2885 1571 9442 522 148 994 261 2197 3817 2067 9713 610 1424 3844 8241 4353 604 1898 6225 8428 12 6282 2914 9230 1468 1948 6272 361 1487 6749 1587 259 4828 4692 7731 8145 2247 2951 5087 9255 5265 6735 6784 6926 1474 2394 6185 375 3366 5007 2738 2336 2070 839 6966 8164 2649 8122 3945 2279 8666 6567 4366 2467 1436
6297 2503 1132 587 3190 8510 3595 4133 905 6677 8025 825 5939 1977 5434 6830 9821 1020 2620 3351 4369 786 4336 1237 7930 6988 3736 8590 4073 788 4882 1245 7897 184 5012 1690 3110 4522 8040 2284 3337 2999 9578 5115 6375 5351 2976 1611 8843 53 4361 7878 7456 815 7241 7561 276 9648 1876 9090 9498 3260 2312 2488 222 6780 6112 2619 2478 3083 9831 6814 311 8943 4666 1603 5662 316 4705 3557 3793 5638 1743 2987 100748 7765 8471 4412 107744 9598 178 5774 4833 1856 590 3092 3215 3420 6473 983 2824 2888 1071 675 9019 5589 8240 5318 6896 6848 582 2677 7303 4230 3589 2095 7726 6620 9571 8742 7670 1326 5066 5867 3208 6454 9340 7913 500 1887 2775 469 2347 6906 3817 4820 3102 9137 5429 4606 469 6427 4358 5905 9525 7407 1668 9161 236 2796 8645 4431 5535 7208 374 1600 5046 2903 6442 5967 7685 8015 3569 2541 6543 4073 2221 4360 3718 5371 3233 1122 2374 2036 3579 7108 4291 9095 2387 3154 191 1516 4820 7824 7105 4739 1803 8517 1907 8555 798 5967 2362 3826 352 4744 971 2061 7618 5799 172 3498 106059 4298 8665 2628 1274 9843 1881 5575 1259 7424 5104 5669 1017 3888 9061 6537 9700 8242 2647 6729 5107 3552 267 929 955 7933 2329 2814 3440 874 2057 6776 8491 5183 6536 8659 1502 9064 4559 3783 6740 7565 2549 7951 108 2823 68 4800 4583 176 8954 2251
319 8523 4657 516 6155 7972 4608 4243 1376 2712 4339 4651 4219 7064 7705 2089 7644 2186 3805 3007 9157 5249 8472 4258 9828 8990 2468 5153 4380 9798 884 1447 8411 3142 8002 9971 1367 9573 168 5765 4138 6905 9508 620 4336 109309 2262 846 271 3553 4779 2119 9014 5458 3343 7526 7865 908 591 2804 3356 365 1325 9382 2382 3835 919 725 6648 5225 8666 2765 9925 438 6498 8834 2885 4599 3126 1594 4813 1670 107394 3414 5921 6490 1540 3890 1236 6793 7979 5312 4255 1212 100461 7088 9024 3954 4313 2100 2229 6263 8124 7664 3498 9990 695 8567 239 8925 8816 804 6654 107504 2472 6006 5195 1649 4734 992 9677 4558 7394 8127 6156 9451 6844 2637 3387 6546 9998 1302 107447 1800 9399 3321 3409 1937 6698 1441 6953 3287 5150 2613 507 647 8359 9661 8495 3085 197 5206 2251 6274 5275 1815 8316 1042 4627 69 1541 6051 1775 7892 1814 8722 3411 2399 929 6816 8322 104201 985 7533 6311 2661 3804 8692 1541 3732 419 3496 800 4413 743 941 46 2065 4630 6954 5256 9391 100582 9373 9893 3781 9481 2767 9449 5225 1122 2090 8601 8711 2167 4824 9315 6396 3304 5086 6028 8226 4671 8889 3945 7996 6264 7255 9346 4149 6403 4234 1316 4884 5863 344 3815 1539 2009 215 4095 4704 5613 4919 7014 1955 3277 6096 4010 6929 1256 1277 2275 2737 668 5817 935 8541 2647 8073 4497 6763 9578
3242 7152 9564 2063 6957 2220 548 2829 7888 7839 6940 1514 6624 2257 501 3424 2827 5844 1646 3699 4570 1649 1975 1394 1374 370 5670 283 5947 1570 5418 4740 4883 3778 7951 6583 9668 3006 3618 1086 8692 159 4005 4192 8219 2242 7108 7434 8115 107561 2201 2162 3036 3040 1309 5544 5971 6451 2208 7821 7587 3085 748 2648 604 9508 7765 615 323 7748 3139 9491 539 7209 2242 8344 7650 4097 8585 9235 7295 273 683 268 7835 1783 155 3686 6093 6208 8019 7701 2171 5243 6807 8704 5165 2717 3765 6374 7700 6 3856 3701 2955 9668 2269 1385 9789 8630 2397 163 1783 7924 6220 8826 8127 6894 1353 6566 6006 2274 3399 618 7498 6226 101700 7409 6639 149 6680 4333 5806 2556 8400 4012 478 6583 2364 60 3667 8634 2821 1728 3540 59 3907 7972 4465 2141 7326 1261 3285 7345 8452 8293 9368 6203 1418 8981 6409 104147 8742 4291 7274 7390 7293 8127 8187 9836 3384 1065 780 6115 332 1781 605 3516 346 8865 7096 7740 1156 566 8818 6950 3713 6237 2206 9022 2611 2740 3635 1585 919 6001 4431 180 637 8391 2779 1370 6617 3191 4016 2298 2217 6648 1562 3504 871 922 3197 7587 8273 1911 4038 107751 106759 5451 2899 7748 8741 949 3557 470 147 5775 2069 8582 889 9019 5957 8729 7622 718 1496 2088 883 8994 5540 832 2323 4582 4103 330 926 1832 920 8174 8367 726
2495 4659 1162 2209 1960 108874 3169 948 836 106700 6697 7172 9969 5057 7929 6183 9963 5139 3859 8890 4978 834 278 4078 846 1065 7555 9810 288 545 3582 103415 6203 1253 6344 832 7939 469 4395 2648 9381 3390 7989 1881 105911 6330 3336 8682 5857 2021 9329 6585 2860 109984 6280 9129 4154 4105 6183 7197 743 1722 8959 7590 4462 5472 3111 7465 1135 1759 5271 104725 7743 5653 8116 9587 2656 5820 108380 5566 8083 820 2293 4198 8251 4817 6144 8784 8916 7440 7188 2752 8660 2463 4249 8346 9104 4478 945 8468 1730 2081 3214 7584 8426 8007 2784 1369 2387 7936 797 2444 4168 7770 5638 4026 5222 236 4424 2042 4179 1047 1600 2644 2031 5290 100707 100107 1658 4645 3373 6539 1527 3601 2679 2660 2559 5886 47 8484 601 9916 899 4252 6872 6622 107373 100236 2229 5675 7174 1 104223 6887 7268 448 1089 3858 6630 100019 579 1567 2882 83 1795 1320 5788 2406 6501 9472 3082 8524 568 3529 3893 8645 348 4807 7859 1637 4433 1701 3651 6474 1953 598 5464 6077 449 4655 746 6247 5715 4515 3241 6615 2656 5838 7235 7537 8004 5399 105720 4792 1642 7216 7565 4303 1210 1743 2574 7213 1377 1714 151 1839 5504 4270 4276 7922 1431 4233 3287 6290 104915 7513 8874 1052 7541 588 9382 9787 53 6745 8611 2465 6487 3943 129 6467 4701 7757 7654 3355 3149 9178 1705 1960 1636 4742 2447
712 2507 7512 8756 361 7418 8265 2093 2957 7658 1832 1627 7452 1487 5808 289 4126 5541 2280 4074 8633 4058 7929 6053 5559 4845 389 3779 6492 2342 5301 1075 2119 4390 6708 4858 109703 3856 6459 2025 4832 296 1436 4874 1549 6378 6867 4412 4232 8094 3625 623 5320 1147 9323 1377 9499 410 7243 4411 8884 1005 2917 3606 8918 3871 2405 9106 2114 5629 8231 1223 2749 106054 1327 3229 2422 5727 7882 2522 182 5674 2212 9738 9305 295 7147 4052 8252 1563 7236 4842 8072 3473 2077 4145 830 8287 5251 3906 882 7226 8933 6288 1261 540 6264 2298 3134 4693 6029 2980 5713 1423 640 113 7155 7223 1361 7924 6773 8873 7928 5048 9551 6986 2645 3611 9446 1052 1494 7010 5857 1134 365 9 4024 5442 2145 1963 6078 8132 7699 4801 3041 6263 1572 7486 6463 2881 1142 6426 7420 7914 2480 6508 4305 8481 7541 3582 999 3360 2983 3836 9604 8466 3543 4765 2101 1297 6625 5302 3597 5060 1270 9355 7949 4425 7738 8023 3077 2383 4880 8109 2729 344 1346 2208 7111 4589 5061 7984 1896 9715 8860 6838 4022 5564 1468 105283 1197 881 8496 9668 2900 1422 8798 3128 9166 3454 7465 2164 2172 9465 1880 2183 4341 8363 1655 1098 1001 6103 3789 5867 418 7932 6638 1674 9260 166 818 1410 4423 280 2150 1148 8379 8393 1553 497 59 8669 7449 9087 6108 8630 6199 1902 6840 7481
9528 3635 8334 742 453 4165 5021 9139 6662 1038 961 6936 259 3651 2300 7200 6507 4568 6521 3006 24 5422 1405 1470 1682 6702 9343 3006 1107 1179 1145 3756 2219 1779 1423 3154 9302 6630 6032 9472 9338 3595 6859 5768 4901 9326 7220 1584 4391 3486 6534 7523 3915 9751 5851 3801 2524 4427 1818 8185 6326 1814 3889 9324 9818 3458 9139 451 2726 440 1187 9451 3444 3976 1874 2416 9074 6411 1750 9457 386 5735 4187 8370 109378 4915 3454 919 9631 412 7272 8384 790 5191 3575 4095 5244 8103 1379 1138 3406 9585 5632 9069 7819 6623 3023 7864 3552 2466 330 7385 5748 2347 3504 6131 1782 8540 4445 1391 8259 4314 462 3049 7117 7813 6116 1295 4248 6652 6295 646 2167 8715 9148 9934 4134 3638 5578 4486 8329 5706 345 5250 3493 8626 2300 6620 8477 9528 8161 4330 2033 1756 1639 8559 2673 4074 6527 7460 5416 6007 8598 6871 1815 7596 3394 1428 2431 4166 298 9892 5380 3933 2747 9012 7774 8611 1112 107047 497 7440 6882 9390 4639 9868 377 5447 1276 716 8305 2436 163 4577 5720 9102 7144 2813 5736 106249 45 6087 7272 313 3128 2833 6967 6869 37 5080 2572 1548 8088 2491 1991 9541 9830 4512 1740 8411 3189 6836 8514 3849 1041 2274 4423 9090 6624 4373 2646 7636 2680 8785 2075 7214 3679 447 4310 8640 99 2311 2031 1185 716 6179 2281 1063 9727
8593 1817 7378 3428 9418 7161 5402 2362 7745 6952 9979 7945 4638 5237 104910 3336 2075 1308 107914 3888 9934 7951 4682 100609 553 8633 2256 4292 6190 2255 106314 9280 2679 488 3669 105153 3333 8895 1344 9574 5607 6582 7378 778 8318 2029 5166 8917 1119 102595 501 9827 109576 101243 364 7046 7094 5315 4145 2247 2566 4450 9896 739 1610 8656 8299 9044 271 3003 109233 8189 4749 375 1054 1242 2478 4485 8812 5319 3203 107351 8919 5712 2771 2178 5439 4953 6885 501 104234 623 4929 5417 5257 255 7266 9946 9212 9461 2574 6182 7176 9319 100025 3651 471 1907 374 7637 2336 7878 960 5248 2345 8815 808 3387 1899 8244 7456 6406 4069 8515 792 5277 106387 8507 1958 77 5744 9980 4939 2535 9354 4140 3332 5523 9253 4556 3774 2231 3 923 4686 9751 1346 1785 101791 7679 105046 894 9533 9039 4889 5931 5554 4326 3360 104545 2271 3026 5232 6161 7182 5271 4961 4965 6997 3359 7953 189 103405 880 9388 2684 1716 2580 8955 7556 4480 2501 6266 2478 2581 9895 6559 4863 4201 267 1255 7480 7989 5489 6403 4477 1471 3309 4804 8632 7622 5550 9586 9022 4045 843 8611 5922 5356 3710 2362 4441 9987 4406 7486 5406 7568 1495 6941 983 9603 5445 4001 2024 101472 6257 2146 8918 3397 1906 1931 350 541 7048 5793 7719 3892 9550 101873 7302 3180 2446 153 1041 4543 2889 3947 107685
6966 2919 5294 1947 6985 6843 3301 8489 9976 9610 5043 1621 9833 2030 8239 5392 2595 2759 6213 4928 731 6305 3917 782 5965 811 1680 6866 2269 4855 1432 1851 9214 1502 7799 1860 9459 8854 6939 7251 564 8086 144 5011 3843 984 6167 4628 9360 9680 9110 2978 7466 589 31 388 1527 7390 4918 3413 6869 9079 3501 7112 4257 2836 338 9576 9721 509 7707 8750 9037 778 1121 2422 8075 1785 1467 7300 2380 7534 9676 6179 2120 3754 1584 8510 8113 6255 2002 1395 9935 8978 8098 7204 776 6306 182 2096 1122 101017 14 7330 4395 7809 1340 3640 7529 1016 7668 4407 7470 2599 8336 5292 7839 4559 4951 374 1013 5269 7535 2435 2643 8144 2640 1464 1720 2320 2603 1173 6600 8689 507 9095 2678 2017 9403 3200 7861 974 4377 852 1951 2179 4137 294 117 9173 5356 6803 4249 8857 5810 1212 2360 2040 3390 9290 6012 6773 1498 541 9745 2014 219 1285 3126 5570 9765 2085 4310 1363 4514 1605 6344 6299 8591 375 5107 5635 8568 108684 7814 1394 9749 2248 7735 6307 9925 1219 8539 7658 458 2081 966 4120 2420 3973 2019 8893 6579 4961 2773 8222 1543 1697 2671 4311 7371 1177 8545 2162 3666 6971 8740 3816 7504 5886 840 8456 6827 7852 8460 2918 7235 5194 1326 5542 3696 4525 101604 3433 9228 1243 5962 535 6705 4528 9996 6590 5844 322 8519 1609 7506
3751 1723 853 8617 614 3331 6176 298 9851 6440 7058 2046 2959 7011 1457 6711 4215 98 1664 2952 6795 4477 1927 87 6330 105049 9001 3538 9116 6540 1473 256 1176 6802 5487 5098 106904 7520 9026 1546 713 6343 5606 6498 439 3787 7216 4671 6073 9989 7079 992 3929 9574 3430 5090 3399 4364 1199 9678 846 938 9426 933 1462 8915 8958 346 8908 5303 3975 5089 7839 1841 2345 7431 3612 5312 4508 4098 4269 2501 4200 2442 4173 6556 7947 7353 7631 447 3865 415 5248 7927 2243 3560 7961 36 6299 226 8298 3695 5399 1529 388 1502 2084 3078 8741 360 7964 9288 105801 361 5803 4401 1039 4152 5791 4132 3754 1768 1470 8829 4041 6076 6877 8242 1322 878 3566 7528 7658 7601 2313 9242 3119 2005 3422 5829 234 60 9625 615 503 5035 8456 5354 4487 3442 7449 459 2096 3839 3975 2160 9859 1840 4919 90 5023 6425 7838 6438 8788 1509 8373 9914 1930 2159 5984 3311 7251 3427 3403 9001 5502 1185 9749 719 8157 5090 2514 7447 282 5374 5132 113 2853 6797 8138 8600 913 9324 4452 3604 5472 563 4645 1315 4476 580 4881 7305 2632 1831 100617 1445 1830 3284 8301 2839 7674 416 100754 3983 2606 6588 9716 9319 6855 4873 173 2740 904 4801 5303 2601 7943 9490 9598 8988 2317 1852 4554 989 1201 4526 7228 9956 5047 9004 3750 6522 644 5859
9344 2267 9589 101968 760 7803 2145 2350 6537 3095 9741 1278 5008 1165 2879 908 6347 1790 4309 4831 2162 2770 6998 353 6603 105389 1849 288 1225 7969 1124 213 7332 7812 5656 9203 623 3284 100988 3394 8454 792 7766 3148 278 6728 1713 109783 2642 9120 7676 1573 8658 2448 4975 6040 9519 9144 6228 2282 7949 3075 6851 1852 1175 109441 8061 253 8850 5946 4862 61 103483 1967 8157 7379 5010 3651 4022 8972 875 3690 4170 1173 8786 5056 7604 667 1391 397 7776 4400 1098 4664 7543 5345 1969 3754 6894 3046 7080 4597 1696 3993 2128 7141 6921 5834 5195 3221 9668 3683 6383 7060 9447 3160 8313 1481 3806 3969 109508 107173 8917 4795 4410 9721 2138 9307 3753 3432 2306 7013 5210 3278 3098 1948 9535 6305 2897 7419 105082 103654 6661 1475 3606 263 106459 4102 5728 7844 6179 2500 1333 102503 7675 5891 9875 461 1555 3012 4136 4466 2816 3091 4160 7420 965 5808 2717 8299 527 2540 7175 95 7760 3334 4391 5946 990 9303 1614 4423 9309 698 1739 1036 4906 544 6045 4956 2089 850 9206 624 4242 8185 100337 2151 5335 2571 1637 8043 9850 342 5001 7382 2172 1522 7994 7301 7193 34 2044 1196 6994 3660 238 2427 101531 5881 4193 9279 5862 4030 4154 8987 3535 700 9477 6760 8234 9894 2588 2698 2666 401 5881 1750 5555 7264 8313 5297 9282 1841 1345
5067 9484 529 981 6876 4068 535 2151 893 369 2720 8812 2714 7711 3319 2805 5766 901 6712 4813 8271 215 7637 5390 1892 8316 5832 6650 9749 4307 9002 406 4330 9009 1107 9993 663 4638 4643 6006 1422 5090 5600 3189 2741 1082 9153 5337 2313 8255 8155 2190 4083 5497 4634 2897 3434 1775 386 6181 8249 4914 8998 8371 9747 108715 7544 9009 6149 5426 8771 8406 490 1489 7542 1933 3316 1864 5585 344 9242 2738 1701 6007 7229 2648 1015 6026 6159 9236 1973 3027 8934 6585 9117 5407 1773 9265 2650 8870 701 4215 527 1953 3578 7478 3001 4331 4768 5569 1504 4891 9088 7701 4415 9426 8117 332 6837 6192 2316 3219 1227 5179 8787 4862 7078 9939 2257 2235 6047 7823 7767 4388 9025 1340 1397 4649 1554 9848 2432 541 7302 4298 5779 5712 4017 5780 3235 8349 1964 299 8 2692 6666 5270 2568 6427 411 6950 9974 1185 8016 1525 8571 3859 6575 6754 3284 2114 103434 4283 7725 3492 3803 7676 1243 1322 579 280 4080 6563 2228 4580 875 5839 101931 572 105582 2487 7074 6913 8932 1658 8420 7504 3186 7211 9762 9401 6573 7129 2918 1917 5373 1199 8871 2393 497 5533 6524 8307 995 438 9428 7987 2413 61 246 4068 6444 2617 6532 6859 1764 112 5013 3463 9460 8019 3906 1513 7227 4471 4945 598 650 500 1873 4074 6556 8561 4934 7120
4869 8271 2406 3263 9047 1972 1026 2311 2618 9227 5289 9309 796 7755 665 1747 5783 6533 295 9115 899 2594 2338 6653 2140 9372 5379 439 6597 4300 8471 1381 4364 8420 432 9713 7664 1869 4968 2028 1041 7556 7512 574 8054 6705 601 2107 2165 7528 7257 3719 175 1939 7504 9979 8969 3088 3459 6391 1955 1399 2152 5930 6994 7615 2587 6593 9312 4801 3425 124 263 8444 9947 5223 2490 9371 5165 3400 5317 1380 6319 6164 7334 1091 5204 6183 3579 2518 7226 8931 3662 4954 7185 4712 8047 2646 1151 2486 4736 9494 5635 8143 2151 2795 7000 7152 1679 3537 2589 193 1872 106833 515 7243 108816 4456 3622 2745 1722 1368 5455 7778 2446 6509 3289 9079 6121 5907 9908 4232 8839 6662 7655 6732 3574 7113 120 7440 6733 4507 3456 8927 2396 7160 7147 7075 758 9052 526 1787 6924 8941 3964 9213 3196 9593 1914 558 3130 2621 8609 2464 3453 695 8964 2251 107486 735 9491 2032 9084 1266 704 7913 7379 6767 3952 6805 3455 6646 6035 2835 1563 7372 71 5004 7727 1412 3018 5318 1529 8075 4047 534 2875 739 8628 7397 150 8595 4033 6823 8165 4780 5155 5640 6781 127 8473 296 9667 989 8159 2825 5791 6095 1529 3478 2015 3928 2754 1398 4319 105927 6214 3889 24 2385 829 578 8374 2926 1402 4270 7567 2467 2754 8004 6641 4544 8688
3509 778 6747 7256 3334 302 8445 8666 3988 37 2779 6858 4247 3347 2664 9374 698 5820 2137 2104 6537 9511 7097 757 620 5042 100957 1796 2772 6311 2923 9611 2356 637 567 4343 578 1874 5054 2242 8605 1624 2823 8954 2256 5469 2070 3759 2920 7039 4019 2413 5731 6992 1770 9995 2074 807 3332 5699 7889 5687 998 2227 4844 2787 3849 7251 8180 594 6618 1753 1497 6304 5362 2249 7386 854 1833 1105 6308 105690 1270 2996 4952 4793 3211 5748 9696 9237 1887 2997 402 746 7339 9024 1701 4933 3369 4470 4404 1559 7737 6502 9554 6070 6454 609 7309 8516 4169 4651 9333 7940 8044 4052 1167 7435 3282 8920 1733 1636 901 7348 3072 2471 576 8458 4681 1706 6191 4071 4924 8711 4771 690 686 4304 5834 7480 1568 2481 6894 3606 9796 6886 477 2598 1520 2749 3913 3615 1297 9004 8336 7526 4994 694 479 489 2093 4666 291 4781 2817 9309 5216 3861 2133 6857 2454 4199 7116 85 6192 1450 985 5319 3919 8003 5028 1879 2630 5440 1454 6502 1367 4660 8209 3023 4111 2116 7740 2301 2861 4913 103038 2846 6632 3223 3856 966 1714 4453 5544 1975 5543 2095 2747 7423 5707 289 2579 6514 2563 4276 1825 6217 9154 533 6629 5915 6903 8004 9212 5564 8613 7899 7945 5972 2180 256 9607 3569 998 2588 8621 9343 1260 2029 419 2614
1321 1832 8004 1653 1367 5971 293 2702 4537 979 1573 8066 8817 7089 5125 1262 4867 5058 74 2038 7850 100711 4161 1297 4138 6994 4450 2229 789 8171 3128 8933 6529 7362 107008 5608 3370 5109 5760 9132 2340 5252 1770 107018 3716 2579 5120 6972 2000 64 1066 8780 2467 8006 550 2175 4182 2257 6848 2914 8876 108946 1027 9651 5244 9493 2702 4467 101892 5010 922 3915 3835 7729 7819 861 5528 3650 7093 8892 1298 1707 2737 8943 4920 8131 5600 9457 3394 7007 1503 2525 3095 4282 2523 9432 8896 5962 2839 399 6925 6033 3964 9619 2279 2370 497 994 5477 8213 2731 152 6035 6668 1542 1350 105231 107511 9924 7794 486 3300 1510 5502 9392 5611 7049 5405 9831 4089 5346 8883 2989 8972 2398 5741 101838 108255 2451 9362 5923 2917 101979 6344 393 8443 1346 2601 722 109609 6861 5991 3386 5546 1837 1294 1005 7565 597 3321 2375 4618 24 408 2972 1657 9223 5936 4201 2351 9274 1219 2058 8682 8572 4450 8846 1184 7884 5377 4312 1091 9073 858 2007 7735 397 5428 9544 1815 4646 6932 100074 5109 1313 7077 9826 5121 5696 6325 1969 3980 2893 2368 6371 2396 7271 3920 1240 4162 9837 5669 4520 123 104712 5058 4403 1749 1438 9512 6680 3234 1700 1383 2919 8241 1060 8770 2103 4667 9632 9954 9724 348 8181 4686 2484 9683 1091 8362 481
9003 2220 13 7164 9146 5723 6487 8920 122 7688 163 9684 967 825 3209 117 7352 1290 5911 8420 7105 7104 1265 1267 1016 4650 5063 8550 3206 6841 8310 4848 2449 8530 2721 6427 106568 5074 4434 7580 2207 2673 5611 8662 123 1034 9714 2862 5360 5898 2237 5759 9673 2439 9930 9615 7895 6451 2002 6626 6063 9585 3998 7373 3597 5831 4186 9325 6765 1220 7882 8857 2475 1172 3563 9317 89 6210 4059 489 3074 3421 4795 3938 2188 9294 4243 1463 787 2377 9015 6062 5620 8178 7049 7536 4967 4130 879 2938 1153 1946 5511 438 6056 4295 6104 4649 106216 182 1867 5390 885 9802 3945 2835 2130 4045 4966 2722 4610 101395 2927 9044 7982 6965 4320 6801 3126 8076 4281 5482 4347 523 162 4762 4892 562 7564 8794 5359 3345 5690 2565 9843 8394 7824 5164 1251 6859 2554 4058 6638 1578 6641 3354 757 9617 6826 312 105300 6956 1951 2469 8004 4016 1601 2415 1584 3135 3886 3184 3111 4345 2240 70 578 7189 647 4771 8343 8928 8856 9814 2029 109477 8069 9610 7520 2527 6975 2429 1063 7467 4761 2243 4212 4976 9295 5964 3852 883 6022 7619 6568 5622 7926 4105 1611 1586 9942 7266 9861 2469 5415 782 2760 2445 6740 1258 6121 8646 2407 2264 7880 944 4127 5980 4867 5284 4097 2729 9000 3480 1005 9196 8794 5106 3315 5622
9350 8858 8246 2160 9303 722 703 9738 6998 778 7188 4580 374 9183 4923 7073 31 6132 9242 5993 2297 2308 2097 3710 2219 6310 3642 6145 4357 7282 4207 9253 7019 6452 9709 9029 6131 5183 120 5906 9729 4947 7264 4223 8368 9137 3250 8864 756 9182 913 1888 333 4439 774 3587 1055 2165 4822 1227 2096 4897 5027 1615 5730 6457 726 7512 1313 3906 5995 494 1055 4529 8125 2131 8623 8997 276 1630 1806 5351 2188 3339 2616 1094 73 4560 3706 172 1511 101107 1284 1716 9894 3002 4482 5600 2070 2851 7323 438 351 8390 1737 9275 4245 3080 109466 5811 4122 7505 8358 2839 7732 3920 7683 8248 8560 9741 7957 107939 151 104207 8233 5302 9857 1232 4628 786 6759 5885 5368 4881 2141 6466 9351 810 639 5750 2427 4882 4299 3379 708 1717 7216 8969 3875 1830 37 4226 3944 6643 4334 2857 7991 1469 5658 2263 9872 8022 1120 7518 2623 60 1708 5274 2129 8165 105636 7813 6072 2539 4479 8122 1504 5002 6392 4956 2739 7095 5232 5096 5226 3172 7122 6679 4342 4289 2203 4041 1806 3493 7562 4255 7769 894 1860 2887 7886 549 8106 845 6634 8901 3567 1520 1282 9277 1557 1187 2858 324 3496 7573 9413 3517 3197 899 7037 4395 6860 9260 7142 791 9035 8198 3758 9487 2333 5519 2328 1809 236 3718 2921 6809 1858
8107 7394 9607 9550 4261 8783 6053 2181 7170 7535 6615 5015 6340 102 675 102851 1530 4943 8147 9037 8748 6742 41 9792 1372 9045 2130 4751 6441 4173 1198 6576 3333 615 7391 523 1913 8267 7073 7263 312 209 7737 8342 8354 9063 100272 4170 3674 9394 5666 7144 3673 7144 5009 7828 3396 8446 176 461 780 6669 6957 107410 165 4074 6974 3477 4713 1638 2736 9951 2637 3171 7868 9492 8965 2649 9659 3432 7731 9799 3627 707 806 1358 5106 4193 2689 1594 6482 6717 2408 7122 1070 5439 2483 483 4572 9651 7756 6888 651 76 9003 45 7095 5320 1956 6627 5259 2950 7727 582 9719 390 6345 46 4834 1872 7865 1907 6225 647 7062 2053 3240 4207 8919 5978 3808 6365 42 1817 9450 2702 6249 9574 2915 4299 9481 7199 57 1963 1365 8519 3501 2937 3788 2609 6953 9704 8454 7919 6452 8228 3308 8411 6964 8650 9017 3511 5715 4251 635 4656 8788 1517 2126 7320 5768 4371 9291 371 3597 9407 8333 1042 1942 101 7765 8879 5248 1761 5967 3288 9924 3211 9780 191 6761 6169 9841 3921 428 4486 8663 678 9346 8210 1908 2265 9661 5099 9203 2584 2606 2842 4767 5166 9418 2481 4670 4031 63 9043 3900 6788 8504 2660 6245 120 5408 8323 6599 3169 3796 4325 1622 1123 2828 325 4546 5746 104315 3816 2631 86
8676 7829 3251 260 2176 1221 7566 907 7229 3943 6661 9548 1465 6952 9766 4125 2240 833 2019 2335 770 6033 4305 5967 1961 636 2672 1450 1321 1172 288 6789 6120 1319 8354 9116 9408 8009 4044 3849 835 6852 641 583 2719 7006 3009 5175 2082 7418 2509 2083 6479 7952 2638 6690 7729 6081 6438 5419 6912 1126 9558 9181 274 9961 1090 8574 9411 5078 66 4242 4296 1251 4218 1263 3585 7054 1469 2206 3549 7654 6461 9269 5155 4508 2614 9043 7677 523 9676 9883 7495 5414 6818 1413 3033 4561 4460 8897 657 100740 8887 6670 6517 1387 9448 8074 2792 1872 3474 5658 3514 813 5948 2028 6741 5133 290 6443 7605 4755 2666 5588 4119 4621 9578 7446 1782 5625 5145 9935 3490 3849 4899 4453 4658 7364 7601 2625 939 2317 5720 1939 5409 8632 2256 1922 285 8105 7320 4882 8800 9263 7672 2236 2472 7106 8184 4440 7696 7817 1807 9422 8428 6575 9790 5182 5206 1750 9166 1644 1571 7020 2199 4496 8153 7006 1426 2861 2244 6714 962 3552 4647 8697 6174 9115 113 4541 5810 1059 208 8263 6792 7447 634 1629 3616 2418 137 9578 3847 6979 7335 694 9735 9979 4459 3223 7643 1110 6482 3096 4070 381 8481 107401 6101 2331 314 9143 8466 4703 5310 5485 7194 1986 9906 2267 3729 8457 9685 1735 564 61 5520
5826 3520 6538 2526 2572 2610 820 8734 9929 4030 7569 199 3878 1827 6946 5452 9207 2222 4275 1713 7699 1023 7830 3453 594 8617 2635 639 4341 1918 5748 9125 8216 1578 1062 2651 101732 1710 8497 4913 7671 9361 515 3489 6328 9714 2074 5311 805 7056 185 1922 2815 6573 3197 3122 3721 1297 7488 817 445 2491 8478 7487 2512 4765 1942 2313 1543 2313 8531 8339 2857 8646 1660 4758 9879 2568 7481 104314 3322 4703 6039 7768 2907 4750 1421 8169 4841 8687 4288 755 4486 6085 2276 7350 2835 1234 9076 3857 5309 105466 7667 1435 8104 3303 6644 9743 6588 5183 2520 4294 2221 8035 2486 1035 9743 9513 9887 2492 4920 9468 8578 103085 3368 5714 125 8401 7688 3039 5558 6811 495 4201 5001 9569 8267 5883 5379 6899 5438 3261 4430 4491 742 7220 605 7301 3713 5734 2171 4624 6544 6225 1871 5926 924 105308 3523 6665 3351 6766 1525 2798 4261 7997 285 9982 7050 698 3744 4011 2341 7260 2805 8784 8205 794 4054 5932 5979 4733 1433 3280 1769 1604 7183 2886 7913 9082 156 1109 3881 7365 313 1699 7925 5552 2855 104554 1470 428 4661 4350 2905 4083 7891 2925 8939 2893 6919 4552 6324 2582 3184 1810 7033 5551 9034 102438 9255 9395 4530 5342 2181 2622 9530 6113 2505 4777 9934 8108 6317 6121 8712 2213
4131 2617 9521 5611 6119 2181 2026 4578 1461 1801 3594 5438 1018 9144 7912 7470 6799 593 4571 4843 1699 3151 2751 737 5944 33 8332 1805 2465 6121 109058 5687 5483 2664 9879 178 3466 8458 9237 5682 564 8590 1181 2333 1252 3529 5808 5733 7624 1771 7792 5269 892 2402 594 5754 346 7662 5511 2516 8562 1605 6523 1117 583 8775 9037 9065 5242 1588 1616 8559 1435 1133 6818 6999 3037 8217 6219 7700 7434 7401 1288 6916 5367 9422 4105 5141 280 457 4055 3450 2103 2115 1739 8639 5521 9182 4954 7657 1793 4268 3733 7698 9874 2366 6497 6883 527 4480 5841 7634 1629 9475 8349 4719 7436 555 1373 8361 4473 7658 3366 3527 5592 28 8537 3876 5008 6869 7944 3210 4007 7560 1658 3074 304 602 4097 6842 113 262 8410 824 2538 9201 6309 3791 8259 6049 3686 8671 5814 7722 6267 770 7613 5017 2254 1780 8989 8500 107901 5923 547 9825 201 3992 6845 4439 5852 3603 9804 802 6398 814 2184 1467 3161 1115 5077 679 6603 5887 2421 1087 5165 7843 7295 7888 2498 2793 8798 9955 5378 2332 6157 7792 2904 9707 3313 622 3112 1303 2615 4174 5476 7707 6752 3146 9249 8316 137 102055 101654 9776 8272 1874 357 356 9845 6747 9309 8376 8237 6331 3279 1918 8893 8251 2047 1572 453 6184 2350
5950 410 1282 8358 9863 2120 7556 102805 7193 1768 1689 7405 2203 5343 6188 1723 3018 5479 5296 9767 8252 2498 9170 2395 6033 4587 828 1416 3658 7632 6299 9622 6495 61 8628 6490 1131 8330 7234 1644 1419 1609 2851 5625 7751 7000 9348 9799 3488 3262 5609 6919 1467 9236 2001 3104 3436 688 746 6298 3831 4986 8129 7175 6530 4521 8317 4521 4687 5118 1165 4240 7609 9076 9950 6818 4797 6309 7585 7472 8523 2801 4285 8087 2557 267 4801 3668 296 1348 1596 7948 3744 1276 8049 8539 8752 53 9749 4139 9194 9147 315 8647 1484 9665 7458 2992 2741 3262 4653 9984 2294 4248 9059 3789 1547 1567 3992 4704 4652 637 5964 9127 543 2188 8883 3432 8801 6234 692 5767 7109 1241 2101 8042 3404 9417 9912 426 4774 2009 7983 461 1911 1067 7733 8818 3325 7113 7984 7484 7489 9333 5873 1331 5164 3109 8206 8391 6956 7646 1747 5798 1912 7456 3156 720 9440 7683 2982 1370 9576 3632 6991 7152 8054 7267 8170 6702 2730 6735 1631 96 6126 2595 7875 7560 2334 6348 1740 608 8138 491 6344 2129 2570 9704 6559 5635 9233 4359 2405 4038 9620 4442 2004 657 7117 2935 9370 2472 5627 9964 6239 8515 3596 5056 4122 9549 2270 103915 102724 4091 4675 3209 7981 1390 7379 2362 4605 8553 5366 2654
3982 919 8402 102144 872 3927 7361 3168 104861 1594 4439 8789 631 6607 4803 108499 9598 7772 8980 9209 105310 3503 766 3086 1288 1717 124 2270 1576 3132 7832 6319 1879 3236 100441 5833 5122 100572 104460 4677 2075 4874 9847 9364 9007 7818 6522 4180 2119 4203 7495 8095 1170 1397 787 100724 2659 2752 8381 7658 5431 8146 8494 2418 3098 3719 108514 2605 5498 9318 1494 1950 2972 785 786 109232 318 3485 5706 2203 5101 9555 3871 596 120 4374 6523 7266 7925 100101 7981 920 3346 1956 6625 4096 1934 1062 1956 948 9193 2942 3415 4483 7881 9303 2753 3938 8270 7295 6714 103217 4793 507 2421 896 9496 5224 8862 8865 9141 878 5781 2447 4481 9113 8905 2272 3819 2699 8360 9047 5381 100412 2582 108925 4424 1907 9500 7649 1942 826 5779 1181 100273 781 4017 1179 7547 3555 1635 6056 5037 8161 2428 5720 1676 105451 3885 8410 7016 5868 806 6477 9687 3047 1531 1395 4130 1583 3034 6997 702 8004 9308 7831 3454 63 5018 9486 7271 4097 547 1615 1636 9303 6827 2218 2523 2992 293 7286 4319 2705 4469 8046 6951 1753 1903 4093 3056 49 1924 6 4830 5111 5582 984 1849 109547 2809 6320 5349 2232 8709 9935 562 391 8905 7581 2758 7809 1499 102525 5191 7924 1709 9955 1230 8088 2746 5300 102856
4994 7457 9933 6591 1849 3057 1767 264 855 1334 9113 446 2929 3874 4878 3503 9019 2383 1609 8405 2166 5508 9990 856 6668 9751 867 258 429 6051 1071 788 8378 250 1425 1927 1970 9292 1852 7413 956 24 2226 440 9044 3969 4695 515 5977 9237 6567 6400 9607 7739 4394 6442 8352 8539 8070 6525 3344 147 774 4170 897 9174 3291 4303 9884 7559 6224 6534 4481 9335 4178 1357 249 6027 2639 1718 6330 2466 8878 2896 2635 1014 8224 8838 1129 6272 4085 8965 8217 6305 4322 105924 6446 1358 2337 8095 2349 7467 4874 9237 336 3516 5953 5044 2408 24 816 64 109414 6095 1894 6027 7804 29 2816 8834 7423 3247 8359 196 1551 7670 7706 4569 1499 7722 1229 9664 6783 8800 2178 4425 6159 607 102696 5956 8200 5039 801 4106 2229 5171 5896 7611 9552 6889 1746 1751 7321 9712 1732 353 2204 4793 4694 8688 190 107441 5095 9048 4648 1517 4753 4906 8327 8599 6478 3303 8195 329 4090 5226 4350 1303 859 1446 208 1106 2975 6813 3489 9706 4741 484 105222 2867 7903 102467 928 6251 8757 8273 833 1915 8062 8015 4720 7581 6299 1044 8079 2557 8884 409 5787 3282 919 7782 1683 6831 3934 7773 1789 3829 385 852 4166 28 2188 7385 6393 102609 8433 1346 9809 2002 2577 3922
4722 3128 855 8515 3125 260 2230 3936 818 7533 9909 6081 1011 8393 3671 6749 9590 8170 288 3707 1556 7979 1253 8826 9696 1531 2803 5954 3938 5657 386 6698 916 4609 5771 2572 9260 2149 4488 1221 9692 7664 5820 5025 8646 6455 9011 3159 2996 7073 8538 512 6727 1368 4882 6702 991 9057 4705 6235 698 8632 5818 9407 2928 6879 8062 6519 4766 6041 3795 2210 9697 6610 6340 2509 6326 7394 89 7553 6847 4209 6152 875 1369 5021 2332 9293 6396 2249 1141 1076 2690 6856 2048 1785 6348 4123 2745 2876 3041 2696 7134 749 8552 5564 8854 109 1977 9457 353 549 7487 8739 8305 228 3360 2863 10 4943 3536 894 7110 3045 9330 3665 2797 8097 5505 3245 7923 611 2606 7513 9265 5216 1019 3973 9369 4153 344 2765 3796 5594 9995 846 2638 3844 1861 6233 3797 365 1539 102406 701 3925 3458 7034 2328 8205 3463 476 2468 5140 4333 7764 2725 2354 7824 107846 9125 4648 1290 3150 7721 8967 956 1739 5414 49 9456 3873 1187 9565 9964 5849 8001 7486 266 6812 985 7574 325 102001 6644 9399 4214 899 1665 1739 8432 1446 6290 3588 8105 5547 9976 2550 2922 6418 897 8084 8313 9167 1918 4920 949 5152 6490 8407 65 5791 6888 4501 9397 3331 4876 4468 8897 6235 8013
3011 6579 4526 425 6645 891 9532 8954 1054 5485 8138 4743 6405 1255 140 110 1639 9828 2499 3344 8889 2752 5865 1470 112 2717 1003 4051 3412 1845 6039 1473 4178 1969 8933 785 1473 2105 4859 1893 2023 5901 1179 6769 2685 7923 7760 4889 2224 7906 5561 2668 4810 4415 1877 2242 8368 3830 9808 2449 1277 1643 1677 3366 3312 273 6468 9091 4945 4859 5917 3812 8601 4001 108078 2022 6578 1382 9330 5929 3085 3527 5803 5493 8499 2422 5001 1724 6062 552 5563 3583 6793 299 4693 7251 4085 9740 8259 5685 381 7385 1741 3036 1228 50 699 1406 8654 1509 2331 8982 5156 1003 1249 9780 1500 7565 4894 108517 5585 3898 2340 2356 7902 1101 8504 8305 233 3515 921 6145 7549 266 1537 5671 8712 8585 3625 6594 104231 6075 4418 342 7743 6149 2641 415 110 219 7547 7300 2160 6390 770 600 4534 6297 3934 6711 1092 4548 4863 7439 970 3672 849 6668 5462 2875 8001 5113 5079 735 2352 9619 213 751 1750 9216 4303 1417 6361 529 1077 2050 2509 9844 296 2182 1982 5965 4366 8991 1516 3461 1610 1193 934 8755 3180 4931 459 6955 102181 728 300 4196 7533 8095 2438 7695 7737 1775 2143 1204 8759 3639 1935 8543 779 5709 2753 5643 9519 7270 569 573 1351 8774
7688 741 1939 8264 101422 9041 200 9183 2607 3074 7505 102974 5754 1522 1586 9797 103110 8406 8926 2653 2749 9313 8025 3415 9294 3098 2688 8543 5501 9295 106823 4711 6110 109209 104643 2353 5106 5217 8554 1580 5489 7492 3528 1683 9305 6067 7940 3571 2117 8990 5362 102092 9682 7235 3289 2489 3758 1761 1767 7939 8049 4305 106644 9651 4145 4055 7029 951 1216 6262 3106 108519 2569 7538 9066 952 4492 858 869 1840 9429 8661 5755 923 179 108779 7043 6942 8472 5608 3022 4858 3741 5517 3109 7668 4376 8488 2127 3778 480 9877 8936 8488 2112 1077 415 100083 970 5117 6431 5702 4414 898 5089 2388 8251 2884 6207 4205 405 9160 1083 204 9128 8699 4961 6880 4028 101795 9643 104826 2953 696 4804 2326 9789 9283 2239 6046 109420 4998 1593 8603 9383 9725 8412 8461 1696 2643 6917 1293 1164 107480 7880 5313 6250 7617 2930 8832 4964 5504 1040 4054 1412 278 4222 458 5913 9414 2034 2847 8777 3580 5307 4648 4057 5246 1908 9855 6571 8082 7293 343 2535 7248 940 8560 6477 7433 4191 4652 6457 2760 3381 160 2424 2648 4382 2268 971 3734 1825 3231 1770 100872 5741 7524 7259 5342 6289 3250 7187 6152 6367 1379 939 4617 5086 109826 3894 3002 672 3355 5187 1714 2100 6110 108046
7684 1693 2884 1788 6122 7538 5909 4919 1041 279 3273 7990 6740 6171 2365 8880 3501 107924 4009 1906 7354 1816 2192 1920 573 9677 3543 2473 2134 5460 8073 2430 500 7313 9162 3667 2698 5166 3867 100231 719 2753 1357 9889 3945 3467 4122 3548 3706 2194 5728 9444 3771 1617 239 6689 4392 1566 7238 104275 3261 6253 9257 2447 8672 547 109237 1018 5662 766 8823 3506 3466 3443 826 4005 2003 151 9711 1340 7270 5858 9154 8360 9956 1649 5594 8129 4566 4843 513 3963 8717 3943 6069 5993 2862 8220 7439 118 3295 1528 8466 1570 4235 4613 310 6025 9276 9337 9061 7899 6090 349 6485 4711 5310 832 7544 2729 6428 9997 5632 2310 7137 9754 9191 4758 1737 8066 4910 193 1652 6406 1988 2269 441 511 4633 9047 100204 4199 8068 8191 7292 5241 3346 8121 8080 9222 2416 9697 9476 6730 6139 9199 462 6046 5269 1451 8118 9807 107915 2339 101 1022 5621 1707 9197 761 2669 804 7001 7979 6900 102672 2166 400 4945 1157 1523 4171 5275 2032 7365 1195 4537 220 1182 2475 5224 9811 8990 5145 3373 7827 1323 5530 492 9781 3469 812 3944 3674 5197 2284 4460 5591 1696 6600 8841 1027 2206 6935 2689 6527 8983 1528 4612 2837 3400 2601 5944 9059 6570 109466 7790 2570
5773 5681 3074 7410 6995 8718 340 7441 6399 1553 8389 2220 5488 1067 3252 9581 2777 7763 4426 5461 9075 2314 6338 6387 692 8977 5821 7750 8930 4601 20 1584 2755 58 7504 3771 9367 2825 1623 9296 4456 292 5063 550 8384 8544 3208 6072 3660 3573 7293 443 384 1815 9276 3150 2715 8057 9214 9922 2140 7133 2345 5596 2117 5615 4956 1832 8175 2387 4378 1072 7599 8604 2362 6206 2151 1919 9934 4399 8592 5814 1300 3032 9814 5817 2570 4509 740 6362 7525 639 3666 96 1090 4438 8716 3831 2574 5584 6869 5878 1380 6473 9068 2193 9670 9227 5486 8831 5934 3095 1852 4303 6261 6885 5662 1015 101555 2025 2743 3245 5352 5990 7899 201 8778 8119 6255 90 6240 4508 104129 6521 9455 4914 2648 6827 6803 8982 8476 6138 7136 875 9336 1686 6889 8378 1455 3320 2849 1897 1085 3656 8800 8623 6160 8912 1976 1287 4519 1536 8872 179 5561 8451 6081 2147 969 1106 6152 3095 3673 4375 1819 1089 3645 677 472 4910 9345 6166 2026 7734 3133 5381 2708 6673 2232 4141 7907 3229 5531 9217 1056 1358 8167 7790 1091 4101 4441 1998 3310 2981 100557 6062 6153 6193 1762 9587 265 3209 9485 8360 8711 7783 2335 9034 6190 6533 4059 7480 6149 642 163 1477 5950
8901 1410 7105 2205 4112 6784 6535 9837 1080 5537 168 3120 7124 1215 9559 2726 2725 649 3462 416 7701 5452 5297 1556 1154 977 8041 1396 4861 7063 2261 4378 6382 1683 3716 9495 7387 2261 1813 4333 5321 9180 7643 9129 1154 4541 107 4117 3927 8544 7016 9772 2248 4251 5985 8160 4513 323 5849 6232 1863 3728 8343 9742 6708 9537 3087 2617 6543 8448 6065 1365 7424 4519 352 172 194 3122 5270 3903 6618 4103 5478 4533 4663 2116 210 5784 8842 5288 142 2827 568 5429 9332 336 8269 2452 8202 7418 4372 6233 4817 7007 5668 8744 7679 7360 4637 1657 224 3052 548 6888 7288 4801 1754 208 9916 4020 4628 7064 4913 1236 8999 7982 3205 7034 482 372 5725 6563 0 7049 1967 3297 8286 5977 2689 6927 5674 9847 209 4035 2029 8922 2870 8569 6043 7461 5415 2894 1688 5468 2299 6634 9820 516 2464 3906 1018 7402 1536 5068 1038 8407 5937 3780 5605 7266 7660 223 7442 6246 6065 2526 8398 6389 6328 8949 9151 4430 7083 6700 2557 11 4722 3782 8641 1006 751 6529 9646 1805 7963 1373 1428 59 9057 3504 674 585 1322 3721 4253 7181 5928 1235 783 5170 8214 5869 113 103904 100896 1240 795 2670 2752 864 171 6900 1768 9214 3317 1542
2087 7966 2523 8910 3717 9021 103101 6376 1617 9013 6754 5061 6302 1611 263 5304 6601 5448 5367 293 2894 1048 2060 6811 1707 112 9301 7263 2053 7779 8312 4267 4666 3526 5850 101335 2375 7314 7981 3703 1243 42 8537 2836 2059 1070 5550 6528 7703 624 5993 244 7485 3861 9190 2732 589 9949 8324 1702 6509 1238 1935 1798 5677 3550 4810 9790 318 5176 6971 4092 1038 5874 7835 4004 9831 8532 9774 5504 2490 2219 3248 2021 6373 7222 1585 424 3149 2849 8643 369 4568 1184 4209 2879 1545 8654 210 43 6737 5368 7214 8769 6596 3459 7520 5373 7387 1653 8157 3058 5608 6178 7492 1665 9631 1877 2438 4040 4050 4706 1832 9497 6797 4105 7254 3180 676 7342 267 1175 2586 6615 2414 7581 9956 2102 7871 7062 5325 9592 1411 2478 9227 8029 2028 8527 7393 72 428 195 2710 1001 9643 324 3830 9065 5912 839 7928 470 5068 42 4416 4688 1765 2841 5142 3459 1041 2503 9846 3014 1273 1210 3657 1187 6497 9736 8165 2792 8029 9665 4992 2334 165 173 1898 5560 1580 5384 7372 6781 104878 2346 7147 1322 1017 9324 9858 9842 2125 136 1679 5783 6038 864 1196 9726 6250 1266 7745 2525 1502 7387 440 4424 4430 2441 7297 4589 1149 3269 2295
1837 4601 1569 2995 4220 1410 107662 1024 378 8092 2786 102686 8803 9492 8279 6123 4532 1280 6871 303 7727 9833 759 8886 881 100877 8306 1923 104193 108064 648 9667 7388 1012 1734 5312 8127 7977 6488 7544 7620 550 2747 333 6178 3672 101688 6398 1614 7914 6382 7301 1126 4102 4112 2770 2127 107051 9487 3273 76 1264 3368 1207 2003 6600 100177 4746 987 6774 288 2002 937 5746 1166 6611 6283 2716 3482 1964 104868 961 4640 4109 6953 5341 395 7588 4779 672 3784 8905 7750 6243 8670 5083 9369 188 315 4778 2248 4880 104320 8966 7583 5641 2496 4648 3463 7944 1285 6447 3309 7101 8100 7854 9873 3908 3330 6981 6733 4098 9542 9212 108695 3985 103489 5911 8296 8009 3339 7254 5630 7632 9696 102220 2702 5762 1739 4867 9102 2772 1346 5454 5539 2117 5458 6800 101590 5654 2492 6571 2076 7100 5648 2954 358 9268 1689 291 5478 6470 6522 4087 8052 4157 9991 6461 1024 4582 1670 8830 5016 6102 7911 6578 3580 4737 9795 9274 9776 217 9921 3967 4482 4084 7071 6188 9997 5121 9598 5735 9965 6620 2142 22 707 7376 2941 3903 105163 5212 3914 5392 7293 5097 3854 8321 3505 1099 894 9206 9143 5494 104586 458 2741 9635 9321 568 9762 3906 2169 107275
3155 4146 6865 5401 755 160 5978 3211 89 5405 638 9009 756 6243 8975 1172 4810 9208 8459 3355 2066 5940 2382 9314 766 4672 8456 6120 7150 7935 4049 6391 7104 9377 4059 3402 9628 246 6231 6730 8656 320 1786 4201 1735 1516 5537 4835 6575 1715 6130 8546 730 8731 597 7489 2053 3059 3844 7394 7320 6080 9583 5476 3454 2817 4242 31 4726 8089 2219 1555 3304 2526 8918 6624 2524 1150 7196 8230 5767 8674 4700 9969 6055 373 7288 1149 6290 8838 8163 80 9706 8236 41 7208 8963 4073 176 6898 2184 5171 2158 5693 7131 9231 3067 6463 2460 1934 2840 3958 1708 317 9968 2881 9393 2856 3598 3984 9980 9615 4639 9929 8010 2555 3625 2413 8281 8466 700 2906 2412 6761 1193 4674 5583 6746 6880 5036 1310 1687 9982 9369 1604 1517 1046 8138 4672 1964 5903 5056 1981 8710 9807 2757 6369 3750 5463 6665 5638 7651 2431 863 9016 9157 4162 4937 6462 9864 3550 960 348 942 5829 2729 2248 3482 7591 9428 3484 8970 4740 8183 109035 4084 7980 8283 3191 9253 2073 1990 5923 3461 3600 2569 5413 4143 68 4905 5454 2480 4043 1219 652 2334 53 9820 5552 5899 5338 3272 9996 4474 340 9164 8543 5569 5085 7989 1156 5823 745
4090 6375 7904 7447 9263 2682 62 4836 2220 600 363 945 94 8200 3981 951 7340 6851 329 7800 9020 3273 1795 4327 4711 1953 3172 2058 1722 6144 105709 9086 8959 3820 9323 7757 3947 1713 6283 4092 8201 5059 2224 6312 2999 1542 2259 102050 3968 5531 203 4567 1626 4955 3581 3557 6288 1368 1541 379 7698 2770 2182 8241 7964 8504 9006 7160 756 6592 430 387 6152 7113 4184 3814 5416 6894 7337 5502 7599 1630 9130 5777 8872 9882 7970 6279 9039 1246 9966 377 5893 2691 2307 2441 9992 260 114 3299 8355 2912 3918 7666 1361 2928 8699 4901 2888 282 407 1459 9811 7541 5357 2110 8608 1629 1351 436 7324 6697 2372 155 188 763 1403 3918 7613 1272 1519 2659 6542 7769 3651 7872 28 8257 1168 9869 9326 3696 6452 8698 6931 776 4541 324 4281 814 9447 901 255 6882 5634 1130 4525 578 8583 6297 5378 7148 124 2274 5182 4227 5862 1573 3106 3972 4399 8484 8708 7866 5945 5690 8967 1198 4210 7725 7707 8483 696 9472 5088 7153 2958 5261 5681 5536 1215 129 1519 7544 9618 4183 9739 9622 6735 6265 7993 1601 3074 7668 609 2254 3149 7836 5143 2097 2067 9392 7997 9957 98 4879 6600 9678 103264 588 496 6700
458 8430 3484 5539 1720 2042 8510 25 4549 1909 5770 9488 9278 3812 7437 597 3353 7463 6667 807 3224 9254 7097 9292 910 10 3245 1744 1809 5695 9715 2176 5729 5608 6241 1030 1095 7284 9853 4709 3073 5392 2269 3864 6974 2157 1664 2598 2869 6595 8427 5321 1899 1782 5318 2047 180 2984 2696 8528 6793 6943 5840 3266 4699 5768 134 105 5351 4652 498 2754 7099 4994 9771 6082 5832 1254 9666 9467 6264 1416 7296 5983 2481 6456 3036 2520 7675 545 9074 327 8287 9539 9745 1083 4369 7173 260 7364 5663 2202 7235 3672 9674 1460 9770 5382 1860 7431 6811 8378 1898 7807 6592 8257 4005 7140 6227 3741 5260 1901 1249 9786 6540 106467 7900 4402 7226 3319 929 9135 8920 2999 2458 6783 3174 9693 7444 588 1243 328 2371 780 1924 5807 8852 5494 5677 2707 931 247 7518 421 9007 1908 903 6792 4075 1809 4015 3559 5670 257 1113 4490 1389 9070 2696 4293 5488 2876 7573 2898 2914 4089 1214 5153 5828 7864 8577 2572 8789 2542 5594 1936 4115 5116 6441 4584 5941 7854 4807 5244 1692 7299 8411 9131 9318 7327 4360 4021 7509 9613 6313 4172 6144 2761 1199 2507 2953 1725 8426 2232 4271 2634 6119 902 324 1881 7321
5534 162 3058 9627 7119 5417 5341 8853 7155 9900 101544 3613 100 6333 9448 3103 5422 4294 8915 4336 8695 409 4718 8352 7725 218 6802 2286 4239 2300 2564 2352 335 2841 2213 595 4854 791 2887 3424 409 6855 5986 1392 2378 3999 4454 2689 9537 7962 1713 4105 7005 7598 675 1658 8405 1231 4527 2775 8564 6690 949 7750 2997 9076 1615 2550 1051 4364 3561 2211 5749 2271 884 4120 8703 7299 9052 5525 7180 581 4585 2241 4883 2063 103011 753 4168 8580 9562 2825 1884 2126 2100 2674 3607 5098 7992 4125 773 8514 3338 5479 8879 2764 7976 7550 2780 8401 21 1171 9560 1184 1396 1504 6707 1635 264 988 8220 8067 8857 3164 4672 920 4505 2621 2798 2739 647 7743 477 8224 548 5364 512 8854 500 5689 6312 2529 4792 6596 6731 3330 282 1215 1012 7828 3320 4052 7083 1090 9172 8314 8791 4600 1771 494 1745 8359 6549 1317 3546 8766 4173 1409 7439 5589 7665 3570 9628 283 4844 3407 3759 7250 5346 646 104335 5833 3724 112 5053 7419 7701 3816 108569 3910 1555 2142 2168 2223 2474 6551 5828 6323 2782 6103 9765 9153 183 4481 2751 7015 618 3389 1787 7706 502 3932 6299 1130 2604 137 5272 1349 5906 6241
2494 8810 3241 2516 1867 9121 5630 6172 7332 9065 2830 5501 105368 258 270 8269 8169 61 1066 198 2504 102289 4556 7930 4528 1807 8975 9111 5894 8311 3988 411 8751 5708 4725 3977 9187 2214 265 103932 4993 4375 359 8604 8210 3521 106110 7503 6994 437 6868 7665 3677 9726 8893 7751 8038 1776 1439 49 3918 1035 883 7710 9683 229 95 9060 3015 7494 6594 7376 2675 3317 4831 1819 2795 8084 7390 6846 2803 2840 9983 5959 8082 3275 8097 5068 2774 7557 9250 4447 4121 3384 109799 105011 7331 9979 254 6638 1087 3786 3570 6768 1170 4475 2528 6195 9705 1460 2535 915 6099 2252 103029 103727 4576 4559 5488 9809 109911 5958 4017 2907 1822 3750 4376 100210 7893 3479 3996 1295 6148 5512 4418 8931 967 1810 384 4651 4534 1226 4242 885 1546 4570 972 8722 8093 8034 8657 5693 6482 4699 2468 6202 3957 1661 8061 7762 35 6770 7999 9486 1485 4394 8327 4482 3945 2336 102151 284 8954 556 8404 6189 6273 2139 6669 6104 8580 988 3933 4696 4750 3484 915 9751 6934 3941 7504 7612 101045 6802 8528 5076 2002 518 3228 9524 9984 8446 2239 830 7947 8228 2424 2819 8799 2053 5328 2904 2058 3541 845 2587 8371 1234 1861
3608 8778 5782 855 727 8977 9745 9734 3800 7612 9574 1320 1186 4821 52 174 1432 7043 313 7973 2254 108 7858 7277 9098 7865 1414 1494 107854 6233 547 9092 5237 5288 2440 7771 1868 2209 6518 5355 1571 1538 4545 770 3156 6655 7979 7838 1875 5082 4018 2690 9766 2577 4009 7963 6535 3112 389 115 1080 3081 6009 2582 3975 5577 4772 3875 6818 9884 8952 2549 8940 316 6783 1251 4609 614 569 2229 6582 1446 3849 184 6117 1045 8017 5187 4471 3759 7387 9051 5570 4426 1418 6356 4870 2067 6464 9065 9618 2539 3633 8062 1100 1027 7703 1171 8513 5987 7080 5468 7386 6065 9909 8335 1392 4512 4 4637 6801 775 1089 8309 1188 8868 9792 630 6537 496 1269 6435 8100 7637 8056 988 3419 4061 7091 4906 6094 7293 8750 4794 759 482 7902 9295 1170 1675 377 4353 2062 1207 1309 9402 6052 3008 7825 2435 3305 1608 4076 6122 5583 2338 7237 8311 3136 3125 9258 3871 9597 7676 3269 2569 3348 2946 828 2879 2048 5388 5992 263 8966 5415 7928 108114 9309 7605 4199 3925 8605 4993 4299 4230 4716 7963 7104 2137 2132 2464 2420 8220 7833 9977 308 735 3673 1624 55 1480 1653 8206 4617 646 8096 1536
1963 3429 8357 7579 106809 2370 8814 789 2492 5599 866 5526 5569 6920 5230 9640 2089 8535 102327 3963 451 104661 104895 8620 2551 5155 4167 6838 8772 3368 7444 6553 3421 1371 7157 4778 7231 5699 9411 102444 6502 6572 8730 2974 9760 5006 3591 2756 6610 7977 103938 1866 4570 6531 350 3190 5348 3766 6495 107694 193 2483 2411 2458 1749 1163 7924 6283 1792 8656 6053 6716 2544 102231 2955 2408 485 8321 1318 3228 2693 138 6240 1775 8912 6417 8013 2367 5543 377 2100 4109 9832 8864 3037 107324 8157 6302 1131 7797 502 1104 6268 5375 6900 9158 3054 8398 3304 2217 7156 3017 1579 114 2137 2544 7247 102279 501 108190 8598 2326 9934 9115 6786 8503 4001 9766 102220 3484 3809 1953 5352 3565 527 9036 1449 9906 5722 9671 7458 103328 1721 2930 1181 40 4487 1656 9790 8892 5069 1547 2810 2915 5511 7137 3205 5279 160 1712 9114 9213 8479 9382 2015 8909 8406 8860 8135 1299 6984 9115 4169 13 1340 6016 1169 6949 8239 3516 438 4457 9150 9407 9308 6954 5364 2294 9386 2658 5473 1170 8543 100425 1452 1036 8145 9593 9659 9318 4502 6129 3888 2083 8342 9143 5909 101401 9584 3217 3835 4998 605 3990 2048 3745 102050
7985 1520 8403 378 1990 6845 8389 4115 1095 7297 1403 615 1497 5907 5426 6462 1459 8969 8086 9634 1015 1037 7063 7299 1652 5507 4365 2620 105931 3242 9849 598 1057 102561 670 2139 2516 283 5232 6734 5633 9910 3596 5513 4549 8953 2744 4455 4786 8556 3564 1379 1045 1436 3218 785 6566 207 2345 8027 5536 1317 6320 4574 7185 2559 2305 105383 3060 4740 1340 136 8253 370 7654 9839 4868 2467 5681 7289 3414 2768 7422 6131 4233 1993 6160 1041 1007 9750 1059 355 3180 568 5069 9204 1659 2147 9604 36 333 1040 2432 9193 106372 4622 3313 8114 2624 103065 884 9372 615 7214 9955 108424 3466 2237 5499 8509 2294 3136 2322 6810 2664 1627 8552 2543 5733 213 6861 9708 633 7414 6468 3305 1678 8561 4470 5768 4175 3700 3850 9641 1165 4061 8387 3708 9522 6336 4154 109852 3716 8694 414 2122 1836 8072 2538 5479 2168 3900 2534 9990 910 6735 5792 241 6290 4644 252 5755 7162 268 3385 934 271 3734 9639 2182 2759 8633 2822 105638 7297 3008 1008 6393 6432 5349 6106 4499 5228 9681 9238 154 3237 6514 7757 5063 4906 9118 2875 1937 5417 536 8843 6156 5719 4913 100326 3262 8658 5344 8278 9266
6565 6453 6703 7249 76 6314 6112 8925 5145 1211 9286 6992 6502 4440 5794 6741 5420 8184 8092 4628 2355 2449 4584 8276 8491 2837 5688 44 7819 7326 7842 4202 3783 2126 9795 8760 1511 8464 5492 8140 3654 9779 1917 5439 3017 2840 1111 1537 1697 2906 4742 4427 6514 5822 102118 3092 1076 8235 8965 4840 8729 8379 9378 9509 2721 5218 6741 4216 9067 6703 7727 7128 3997 3857 3299 5185 4677 5915 997 3013 1872 4299 9665 7309 8780 648 9663 310 9162 8394 2022 1946 2230 1406 6831 4316 8649 874 3692 3352 8958 574 9608 9241 2612 8476 2064 2365 8500 8041 3283 1399 8355 9940 8326 4004 698 6022 7051 8624 1012 3323 6418 4874 1512 3952 4688 6117 7272 6333 6496 2352 9753 9797 1240 2360 2980 9692 2701 2332 2156 8233 9113 1457 1217 5660 8652 1687 628 3985 1888 7868 9788 2357 3410 8048 7656 9272 7982 2473 4102 1556 2394 4920 7908 3198 501 5499 7317 104586 4929 9652 7366 148 7408 3546 337 1084 2731 2286 353 1217 632 3473 1224 3089 1181 644 4094 6959 5056 6544 618 295 8320 136 4998 2543 1354 4971 1038 1262 5397 2574 9273 7617 5935 857 1564 1323 5115 5873 1243 6269 4746
935 4257 4134 2075 8286 4913 6781 7566 1555 7038 4557 8141 7368 2184 5936 8300 2689 109369 6079 4911 4098 2607 6345 238 2184 9482 3586 1749 7272 7016 7869 9007 8582 6559 9597 5364 5815 1019 3145 7712 9096 2312 2911 8182 6896 1283 9962 9157 8931 7964 1958 103977 905 2750 9443 1941 6382 2946 2264 5504 7755 102049 9387 1502 7574 7305 2910 17 4517 1202 7867 1007 824 9665 2180 629 984 6461 7540 2284 1274 3984 1770 27 1657 1904 4664 7677 7907 4014 1078 1717 579 3070 8828 3631 7439 7177 5760 4697 434 9375 7405 3506 1228 8289 4677 5665 8344 4238 1767 2121 127 1629 6020 7419 4236 2923 9935 2925 4047 9012 2004 7114 9910 9159 8843 106 5001 2821 8092 9460 7748 4570 2852 4577 3163 8880 4809 7634 6904 6256 379 8117 4265 5530 9628 7443 7432 3783 9521 3710 7691 237 809 889 7437 4515 5022 648 5452 5158 873 1291 8165 8171 5483 9669 4012 8101 6937 2273 106577 4810 5751 8567 5295 7361 9609 5547 7559 9278 6166 6598 9021 7025 8750 6394 8528 3996 2061 6592 1280 1076 8864 2405 7067 9450 5672 9236 2297 9658 1980 549 8185 9011 436 9543 2123 9224 5700 9641 1840 390
8949 1472 2126 9144 3642 6676 5000 6504 2065 7051 8877 8967 7848 3642 1824 30 9507 7049 9369 7685 1883 4822 4538 8628 6089 5965 2020 3032 9732 1799 2250 2153 9895 4289 86 634 101558 6175 651 7136 4546 1679 6396 3190 1866 5538 715 6656 9413 5721 6644 591 6846 7149 3194 3013 7311 4994 626 6665 721 1020 7215 253 7363 3251 5422 7038 2361 1795 8499 7804 3655 3447 3123 2378 8750 1094 9540 1192 7989 5646 1137 1056 3628 9281 9859 2173 3342 5405 2573 3971 9781 6001 1606 2731 8194 8173 2412 9869 8636 7368 2471 5539 953 1400 8411 3899 4587 1934 7779 622 5245 4991 9930 4959 1710 7130 2219 2934 2525 983 1933 3069 742 2365 9511 5514 5563 9415 3706 2143 2295 887 6782 8031 9871 9596 4445 6625 6490 2144 4128 7049 5826 773 8470 9686 7131 769 2716 2774 1684 1591 7306 817 6764 7128 4234 6884 55 2346 104782 5612 3505 40 6562 9782 6786 8170 1776 2628 5362 2742 6499 2163 9022 3319 5038 1355 6956 2733 1933 7062 8444 405 2892 37 3728 2539 8295 239 2430 3949 1186 3531 3458 2209 3386 5953 9945 3338 8251 8252 364 8903 9252 1074 8761 5197 7976 359 3737
2486 5206 5214 8909 8377 2955 594 6842 5004 662 1332 8087 1752 109596 7894 7140 103404 100814 4056 2237 6324 88 8576 4447 5499 8731 5711 9147 3359 1229 290 2121 885 4319 100070 8286 2540 127 8320 1265 5093 9519 3803 4298 5523 101222 9427 2252 4864 4390 6722 1190 7201 798 102953 6052 7099 4960 8658 8923 9766 1573 6243 1172 6784 3040 4054 1960 100469 2640 2246 4254 3070 2266 3644 5744 2183 5639 7595 5829 1990 3338 1705 7275 1049 5029 1167 178 9662 9947 102083 1473 6921 8617 7588 355 2130 1585 245 7186 285 487 1214 8552 8894 2752 4735 49 892 5255 8902 389 109877 3330 106339 2836 9026 7492 42 2851 8845 4917 3273 107590 6176 335 9659 782 9632 1082 1308 1397 6186 330 30 5160 103917 6807 3307 8405 4120 8078 7516 5012 7781 2022 4153 2090 5606 2965 5138 2812 9998 4772 2941 9938 6660 9232 3761 1196 7860 2947 2259 1129 2918 3363 2239 1637 4723 6713 7945 7714 421 9412 7412 4267 9118 6286 9955 2197 8572 4591 750 903 2635 6402 3080 1356 100812 6181 1006 7526 613 2276 4306 8629 5769 9144 2889 6568 3753 8428 107889 9523 6122 5697 8536 6514 2537 2210 4745 102189
717 5578 4376 3452 3196 5909 1871 2093 1616 421 2938 7795 5851 614 9937 5249 3337 67 227 4024 4214 5434 1963 7246 3631 7901 6798 1136 845 106795 3570 8505 6447 7503 6086 5042 7815 5847 1549 4268 8137 5719 5372 2748 1231 8719 2295 6983 7536 8587 5079 1871 2402 4889 6879 1708 3133 100896 7919 103006 8242 1791 7672 2225 5180 6468 6384 6818 9558 7982 537 7410 7214 1445 94 9689 3032 6568 109645 2764 821 2759 3163 8994 5382 403 1700 1140 891 4082 5282 9091 4161 936 2337 1838 2412 2482 48 8180 5649 532 1306 8454 1767 8102 3158 1409 5534 106122 5371 7867 6193 6241 8 8075 6072 7567 611 1182 6482 2460 9313 9080 2193 8876 3510 7704 4182 81 5053 6783 238 6464 2521 3441 2493 7954 6589 100028 7178 251 7977 6042 5499 5520 9878 7282 2627 1188 2917 9348 4488 2164 9170 916 90 2245 2255 5894 7074 2170 6414 6843 2711 9658 1358 6891 103398 7169 3915 7620 7795 3813 2783 4609 8363 4380 3005 8574 4588 6988 5807 555 1111 8324 2750 1872 837 1353 1987 6048 3752 4483 5116 833 1075 3210 9489 6891 7341 6442 167 5582 9681 3647 4068 3833 2185 7741 8356
7704 3965 8206 3292 4366 4791 2738 6685 7476 505 6802 8476 3520 7425 5590 879 9481 267 4968 4330 7241 102183 4840 6346 6341 2061 272 7394 8618 3214 587 1941 3144 4157 4530 35 3283 5582 1736 9111 8743 101470 4567 5376 2764 1844 9657 463 107306 7686 6460 2256 8079 6334 7024 4957 5039 1086 6194 8975 8507 8241 3502 198 2693 1029 9328 5819 6146 1318 2780 9668 6017 3661 5376 4232 1180 6841 8150 8291 2621 7660 5662 6460 2483 9817 4955 7238 6148 9836 7596 148 452 7371 7134 6608 2407 7371 7952 2781 4740 375 632 1195 2364 541 9172 6172 2505 7256 3668 8597 6457 5909 5302 5254 941 2128 8961 3166 2397 5551 102646 7369 6047 5715 4963 619 9367 4602 2203 945 2721 4439 8419 806 7405 1430 2349 211 6187 9546 6106 1579 101943 3386 9020 7606 278 7148 9434 9756 7538 704 8728 9445 4289 102769 8838 3182 8909 4903 8631 7151 1152 8512 3797 7115 1791 8112 7746 2183 3545 5175 3730 3406 9391 9666 7976 2068 5797 3764 2367 1690 6346 3622 6906 7537 8821 7501 669 3987 7392 6316 4701 1662 5738 905 8325 1938 1656 9300 188 6878 539 1685 4867 100054 3976 6789
1475 9543 9139 4177 9350 6222 1853 7866 5764 6230 689 496 7970 1456 505 2112 9862 4328 9590 475 3629 6901 9696 7865 3713 369 538 7166 677 2394 3594 6492 3571 1593 9352 3897 2041 8273 885 3923 2030 6922 5581 2881 8315 2750 1120 4187 7240 2883 3229 9389 1396 1291 9632 1912 6042 2152 1550 249 7920 6644 7166 9134 305 2128 5659 8982 2158 9803 1287 9209 4416 6133 3826 100792 4882 2069 6972 2438 7484 7416 1815 7591 8914 4203 672 2631 6879 1307 8991 2879 8956 9450 7404 307 3094 181 1925 1568 2559 8740 9166 2532 3619 1041 5928 1982 6445 1277 5749 2616 2155 3135 5147 1105 6304 702 8583 4752 2376 2033 2915 3078 3441 6197 8043 9764 9177 4367 1117 1565 3394 51 7184 5165 6781 5637 4262 1978 9078 4813 1700 5705 4796 3136 7665 2036 2052 9052 7389 8859 670 6420 3557 6649 9400 9309 1076 1416 8401 6728 4684 2199 5953 6370 3493 5307 7496 104568 8613 6852 7220 7550 97 9618 5398 100098 3986 4727 1943 93 2140 2462 6343 8906 251 2701 7687 1642 2287 4407 8136 8886 409 2773 3283 135 38 8086 1338 4835 6172 8756 8142 5864 1699 890 3171
1822 3366 5139 4593 2328 1674 1075 7661 1820 2510 892 9223 5859 8483 6506 2197 4819 3485 7600 2336 9755 7019 5559 4797 8558 6004 387 1950 7635 9363 4057 6538 6764 6932 4238 9755 4071 319 3298 406 4306 7253 6957 3297 5058 1960 5176 848 1925 9280 7071 128 2373 8427 6709 1879 208 117 2217 1579 2247 3128 7815 371 2964 8757 1842 1707 4064 6196 8497 1276 8931 504 7176 9259 6605 1575 345 6336 8884 2265 4890 971 9407 9279 7448 3042 4915 6854 9100 102797 2284 5131 2253 1526 814 4785 2775 3099 8092 8448 9130 1718 7849 4001 8374 9295 9373 4440 3333 7359 3338 9857 8073 5849 2703 78 617 2421 7389 7503 2598 9740 7369 2995 9922 539 1361 2831 3475 9409 7907 13 8421 4091 8330 5814 7918 3955 5433 1458 2389 1828 9741 1343 1413 7506 1151 657 8751 6135 4695 7993 5886 3840 327 5369 303 9930 775 6423 2624 6183 3996 2080 8216 2741 8303 6959 2024 1089 3899 4558 5456 1336 4903 652 245 4286 5141 3567 8546 9522 7321 1660 5452 2130 1022 1925 7035 1435 9270 8194 4981 100 1121 1331 7293 6763 9744 325 4685 4144 9849 1155 7407 4993
9054 1887 4290 2901 1033 689 3626 4365 2571 943 2793 4472 2518 8894 8990 7702 6023 5416 8619 5135 7240 6542 9659 629 8052 8975 3203 2167 7101 5226 41 2824 6475 3793 9970 127 101157 6623 7312 1664 8405 3995 1020 9099 6615 2461 896 1667 104258 8304 4921 8098 4586 9208 7947 9099 981 5079 2661 4272 973 9003 4854 6837 7637 9753 5328 105573 2112 5296 9851 8867 9598 8071 2718 8771 4920 8137 9946 7179 622 6179 5815 1396 6895 4618 104483 613 5865 978 6984 7938 8289 5741 1966 5489 7062 7793 8945 1677 2001 589 8420 8174 1583 7836 4853 7385 6706 2459 5795 4532 5813 5768 3774 269 1103 6316 1294 59 6233 9194 646 709 9075 102488 9498 6450 2692 6110 9951 9249 7665 1245 1586 9929 4912 5362 2171 8899 5517 218 3955 8775 3949 3976 104581 8325 8417 4405 1793 4310 6893 1351 5894 193 394 1781 4193 9377 9288 7546 785 6391 1912 3193 8685 4765 2489 7360 9960 107 9169 4463 707 1405 1503 6810 7332 3700 1550 7245 7398 6684 6077 6481 1057 2366 5277 9948 8027 2071 2266 4045 4431 9577 6286 1688 9373 1456 9570 5182 6818 6167 8678 4802 5418
7596 7299 3223 1667 2898 6414 8686 5380 109718 7136 1022 541 6036 5493 9876 1601 5386 9394 6030 2721 2573 2138 3011 4075 3531 4834 107590 1891 6769 9331 9098 2688 46 108048 4039 539 5255 3193 1901 2707 2396 240 6057 8229 2843 7082 4406 746 5556 791 262 6960 285 8485 8929 4606 967 1010 3517 402 2736 9617 3471 6814 9594 2816 7489 211 5708 3575 5557 1580 8455 8979 72 5150 7260 9283 5706 9918 6332 107235 100909 2836 7680 1384 7772 2478 186 1482 8238 888 2188 5065 3371 3483 1831 5785 3678 7491 6487 102448 102107 54 9773 3762 6196 104578 9357 8378 1431 8806 2378 1852 109546 3811 9790 2856 3353 7828 9598 4754 2735 4124 7149 7168 6963 8079 1567 9028 5653 9732 961 1739 5034 1417 8520 1189 7732 5864 9271 1077 8565 1256 5877 4587 5157 1127 7247 9200 8818 1559 6825 1682 7096 2502 1402 108929 3442 147 7289 4201 8335 365 2563 6577 3304 350 2239 6371 4320 8904 9971 3901 4045 5279 7159 4344 1367 107639 9051 9911 7263 3199 405 8241 1586 8959 7101 2083 8558 1693 9469 848 1283 3366 4787 6362 7981 3996 1529 6150 1314 9675 5559 6570
4135 1344 1303 4074 6440 1212 1498 8756 1111 9205 6393 2761 1109 6973 1998 4333 6319 8888 7795 3632 1466 488 2267 9230 7314 3659 2368 8644 5936 9160 1901 308 586 1317 2605 1851 3279 253 6484 8240 8275 5728 4525 6992 2440 3339 1139 424 8990 2057 105635 9571 3260 5098 1393 9285 1647 340 5483 2630 50 4423 101532 5075 8943 2293 9041 9169 7733 4786 8737 9603 5995 8616 3752 6735 5299 5390 709 1068 5395 9530 1109 8031 8448 5572 5231 7670 6811 9197 818 2004 5697 1377 8747 2334 8541 9993 572 1573 4753 7075 5817 5589 1462 5109 2244 8446 1280 3776 1420 5713 7077 2722 6017 1805 5150 3599 1372 5962 9663 2321 1997 3013 104020 2637 6212 2286 1437 2599 6372 5263 6700 5465 3652 7678 1196 2144 4616 932 6612 2456 656 2543 7676 8281 1376 500 2736 1410 5776 2777 850 1493 164 9795 9109 739 9422 3867 9015 2457 9298 8790 3342 4379 2699 6085 7206 103584 4700 890 7706 3166 2026 1245 786 9784 7416 1614 1371 85 1699 5467 9277 8195 1839 6068 9689 4923 2241 285 8146 1607 6958 8596 9086 481 4548 2532 5292 5758 8312 4601 5608
9259 8576 5780 6556 4966 6354 7761 4170 8481 3532 120 4872 2530 1062 6209 3594 8814 293 5180 9494 1783 641 703 2980 4820 3625 4705 2277 849 2181 8999 3238 3558 5116 540 6165 4028 1319 1143 4419 3228 2965 6023 1354 7066 1089 6946 4368 8275 5874 9231 1981 579 3617 1792 4250 3451 1648 7333 8778 9041 553 7836 6461 503 4820 6957 9043 8560 7421 7382 4510 2576 54 5042 699 4068 1624 4591 4659 787 5808 4623 1084 6355 2840 5359 6757 2974 8707 5575 5362 1910 8589 1058 245 2311 9234 2431 1182 9852 1758 8918 7012 9781 4917 9471 8676 9959 3284 8879 7289 6069 2519 3972 5006 8861 7244 1092 6240 6070 488 1633 7462 729 3433 9888 9733 45 1660 3097 101295 6119 5104 8849 3597 1410 507 343 3773 8092 6971 9132 9725 2689 6799 2470 1272 2011 4983 2727 8608 8730 9977 6441 3230 3697 1446 1741 1942 4241 9308 2133 7422 2506 7453 9854 1648 111 2608 5729 6573 8745 7271 7020 1301 2527 1200 205 2901 2181 656 101887 104416 1954 8525 4136 1841 3174 5434 850 6831 9820 6681 377 322 3852 780 2500 7654 6308 8140 9671 381
9128 5214 7640 1530 2472 7715 9841 3931 9905 5311 5317 8854 1127 7548 5894 9032 1217 4655 9335 3465 9477 3883 1246 7316 9157 7973 9708 5510 3738 8552 2175 7829 8913 1050 136 7331 1027 4558 4473 2194 5417 1979 7649 4522 1103 4062 8859 3258 9577 3115 4435 1083 6452 6618 8587 6747 4350 2208 2286 6521 9448 3658 291 1500 6394 4241 9843 7496 1704 9387 4238 101011 340 2910 3099 1429 5589 7915 1679 2303 1398 5736 1280 798 107297 654 7754 5216 5054 2037 6161 6630 1030 572 1497 538 5101 6237 3379 8227 1328 1616 5240 5798 1531 6799 3770 4223 1598 1787 1737 6673 2289 4957 9044 3898 1877 4591 8369 3115 1053 764 4079 106422 2157 308 3081 648 9953 9397 782 3130 34 9031 2319 1922 7237 8790 4120 2191 1156 6726 7922 3430 2017 1362 3096 6310 100599 5397 3257 6323 4595 3677 2206 9424 4276 8412 5533 7486 5567 833 9981 453 1270 2246 9050 5776 5402 3243 6491 9262 7902 5540 5090 662 46 287 5620 8603 7184 104 9514 7280 9321 9744 1831 2734 2147 6027 843 3267 718 4104 2952 5853 1797 7479 6051 5847 898 9271 5580
9540 3252 7709 2369 4714 7232 6283 2224 8752 5894 5808 2972 9451 5798 4381 8290 1925 3843 9896 9741 6768 9414 9220 5094 6857 3382 8241 4368 7808 5526 6896 1203 8999 6399 9 2087 5722 9664 7584 9796 9374 9843 742 8199 1788 7059 4988 3111 8911 747 6829 4457 3948 4288 5404 1393 1171 9409 9180 2090 6659 5245 5359 5528 6562 8150 9281 3611 2077 4821 7173 4183 7724 1615 432 8498 109802 294 949 7406 8548 9251 2001 3192 5632 7666 3865 7487 8368 5502 2240 505 8423 8479 8652 8610 7483 1554 731 2279 427 2648 8947 8050 1235 8176 6007 1446 7262 2393 2561 100174 7563 7363 652 1185 5364 1574 2257 5833 970 1670 4965 7940 4613 581 8912 8394 7195 1273 2401 2161 6750 1712 8784 6413 1979 4272 4196 7819 1727 1636 9334 7232 93 868 8086 6878 479 2196 1917 9543 601 7392 499 3157 3300 5526 5793 6873 1305 6981 5161 8834 2507 3045 4549 107712 103899 2423 9021 2665 3478 5997 8302 7820 4914 6093 743 7445 9337 5411 8933 4081 9061 3765 2050 4722 8044 8058 2633 2229 4526 1661 5485 6609 189 143 554 9971 1115 3995
2876 9768 4891 5918 1871 3530 977 8215 2359 4335 5787 1259 8609 30 7252 2428 5658 1636 1735 8778 4750 2230 1745 7146 7139 1304 3306 5127 2024 797 5157 902 3752 1647 1061 463 2739 8306 3570 4649 5038 500 5773 6708 7162 328 1793 29 8499 2707 7211 749 3914 6998 2491 4739 2261 7469 6394 9812 4469 3991 6654 5600 6936 2328 3645 3926 1745 1211 6463 1659 8181 9324 5190 3959 5558 8565 1170 2064 2277 1639 6640 1195 5572 7307 3699 2896 5818 8393 7782 5710 4314 7401 9185 101087 3318 4569 2554 1997 16 9199 9757 8821 9554 1230 9263 1067 1215 7918 5744 7342 1529 247 447 2573 2691 750 1410 9546 5610 6100 1286 8494 9968 9531 8196 6445 2153 9867 5957 59 1290 8804 967 3488 9758 5380 5935 1320 763 9451 6050 5214 4693 5245 7311 426 1921 5575 144 1464 5037 4118 7281 763 3518 4005 6543 1297 7225 8453 5813 425 5126 7218 546 6323 2226 9668 2479 9399 7284 1043 7264 2808 4738 7615 5242 1066 6357 5150 7988 8738 7563 7479 1632 7581 1803 4030 4491 8580 3454 2065 7875 2334 6460 1219 8057 1302 452
3495 1655 2447 5841 9536 1972 3333 233 2614 2197 9430 1079 5195 5974 6464 9484 7182 6762 5405 2577 704 1408 1773 3056 3941 614 1954 4980 2702 466 8482 9070 2229 7246 1768 7945 103048 7396 6076 9809 8697 2698 148 383 3781 9776 1355 5464 5732 3352 385 3879 3009 5141 4900 9383 6059 4599 2381 4054 4218 9381 158 7238 2741 6829 8362 1558 356 8168 5333 3233 8594 5057 318 2245 9637 9703 2362 7463 7137 337 2836 9125 6746 4338 8065 3083 6361 3118 6408 4570 5136 3819 7474 2486 641 6235 7390 3855 5356 793 8713 339 999 3074 2892 3857 1075 3478 54 8577 8605 3214 5531 6483 1139 108897 1917 7637 7063 482 986 2792 2712 2972 4887 7941 5807 5089 939 6764 4295 1950 2671 1022 6114 104340 8821 7164 4295 3459 2773 6430 4384 5735 2640 569 4995 9511 415 4891 6351 7564 2764 8041 2090 2367 7395 4027 4088 1270 794 357 8543 5729 5903 777 5641 7471 449 5020 5081 9414 9409 9783 4689 7139 3562 751 9475 5359 5295 3990 3911 723 9781 2243 7997 3245 7777 2304 68 6451 8434 9458 7354 2551 8721 7934
7252 9340 2584 5034 2640 2984 2162 7458 1241 8763 6322 7309 9164 7487 7142 5215 937 112 5309 383 283 5949 422 8860 9835 7791 1195 5339 2337 1322 9214 9188 125 611 5891 8495 2998 1521 6543 8345 4497 1894 101406 9739 2692 6047 4315 6140 7355 4138 6780 8358 9450 8232 1964 919 5444 1779 9949 1257 7452 50 3245 8531 104938 203 1801 3137 65 5944 1376 2466 3646 9917 697 6753 2115 9672 8486 9943 9061 5002 5787 1278 2819 8022 107882 3001 8760 4855 8657 4146 1779 1382 8295 5555 8341 3597 370 4218 2874 118 6029 4375 9387 3399 1304 1815 6307 562 1872 2630 3457 5927 3617 705 8366 5118 4201 7994 106544 5554 6510 159 7821 911 6851 5453 1252 1760 1351 7904 2809 5314 414 2526 1151 7773 4501 6534 331 9396 0 3043 4982 1163 1254 2949 6419 3960 7487 1618 898 7901 4093 7432 9364 7797 7481 711 7792 6685 104191 2349 1909 4677 524 7137 7105 8423 5719 7268 530 7655 1710 8389 5739 443 1074 5236 9657 1933 107622 6889 8822 4175 7220 550 846 2447 6529 2186 9120 4155 9730 6616 6263 8758 127
2327 4154 100060 107318 9595 3905 8066 1923 404 4873 65 7918 9541 8649 9989 7798 727 7126 3217 3101 100543 7364 8837 9188 6334 2366 979 1273 56 5384 2750 109069 9512 6242 116 6891 2769 8112 9694 5030 109191 264 7349 786 1520 6315 327 8982 4581 1352 4890 3104 7661 830 103889 5657 9676 624 9453 6282 5703 1134 9253 4976 2940 7745 5352 7885 8032 4854 9010 2575 3224 5760 7870 8372 108812 6231 5948 990 8265 245 1779 6595 1367 8275 6392 2216 8794 6799 1200 1920 7500 3265 5506 4319 5227 7311 100784 8980 103070 6493 9895 5574 5502 2248 997 3534 5507 108789 1099 4182 1661 9589 8564 6032 3108 4621 5317 8458 8642 1459 100564 9504 9679 8347 1694 8579 1821 2323 4147 5785 4789 507 3637 6660 7393 6586 4354 8823 4908 2268 829 3927 3015 1136 9876 4638 5246 9906 1501 4518 7002 4980 1219 52 7384 834 1568 8082 2698 1670 8042 5298 2076 6729 3395 9008 329 8828 6588 952 9535 70 105898 7207 5105 8142 2444 4262 4892 3755 427 1076 7260 938 6786 1507 107743 8608 1825 8167 4506 208 7789 6986 7499 100111
2506 803 6879 1607 139 6327 5589 3481 1705 8785 4610 9830 2947 3679 5606 6448 3285 104893 7327 7180 5756 5974 1564 8059 109336 247 5653 4297 6963 4470 74 725 8945 1843 4137 2450 5704 8287 6788 606 8291 3962 5505 6929 162 6897 7396 7848 4835 504 1786 4755 3799 5251 7176 4540 7310 1820 8451 4569 8468 1072 6337 3763 2561 6939 7568 4231 5003 7093 4997 7437 100335 104124 7368 4440 2816 6548 9486 8477 5550 5757 4215 1751 8683 836 8281 2986 1898 5389 9741 2087 107929 109807 968 6768 3377 6976 105469 7484 779 2707 6832 621 9926 101198 9838 3328 8966 4961 3084 8437 2238 4580 4861 2224 897 8385 1640 7919 1125 9538 4729 4956 7530 9548 3399 7941 1594 6156 6198 7019 2337 6480 8126 3624 6559 7657 923 532 2155 1391 5846 5721 7418 8678 8500 1734 104721 481 9390 7281 3191 3396 8689 7248 478 9933 2278 2298 980 6454 3716 6378 6165 9460 8389 564 1603 9284 108695 7259 2488 7559 1876 7905 2715 5834 5508 9040 8226 6636 8417 8601 8167 9402 5259 4539 5470 1997 7165 5511 1014 3158 352 610 6382
5160 9119 2378 3833 7943 6826 6220 2789 6576 1726 3221 9928 8841 1861 2711 7741 3290 7595 4527 3534 3308 8145 3909 7761 8161 5141 5604 8584 405 5729 3498 7060 5715 108258 6194 2202 506 9052 3328 5209 5714 3469 2252 102730 2106 9135 7283 617 9348 6706 5595 6947 1411 3881 8406 864 1619 6964 2952 6916 4570 2302 7564 3296 5725 5736 419 7534 2694 7477 1535 7389 245 3319 704 4969 5045 667 492 5231 2336 7520 9156 2399 3318 4605 9813 9315 8650 2611 8588 4943 8109 897 6830 9514 3951 5159 9655 5292 5234 1502 6993 760 1298 2246 6631 2364 3154 9231 7114 982 2249 1020 8756 6826 9181 5284 4187 8673 766 8507 3128 708 9558 9633 1289 2857 1616 2121 8084 1117 471 1661 125 7779 5232 432 5978 811 2474 9364 660 8295 8772 7405 1985 4571 9696 950 6320 8291 6408 5826 102308 2424 5230 7766 2437 4262 4104 5893 2243 5288 2987 5787 93 9157 2567 8975 7041 848 2356 3971 3380 5850 2987 557 4324 1850 1640 7771 6972 3008 8175 3890 9752 2950 4748 1848 6042 5688 8191 3267 2092 9958
106216 4545 2023 9399 7984 6489 6003 4880 2696 8786 6256 1654 5669 6339 1909 9520 5101 106443 8406 4224 5595 2306 1435 9780 8281 6799 1071 120 108654 1947 8871 222 4134 6965 2548 1265 8626 102504 8634 5494 3935 9611 1777 3667 4523 9831 459 8613 7941 6030 7160 108829 660 1593 8455 5050 2076 2067 766 1565 8892 6085 11 7513 4027 4913 5340 8538 5797 1299 1356 9911 5360 100612 8399 9179 4180 2561 8048 2032 1338 1196 2968 269 9523 8721 4258 3842 157 1004 4333 2288 2002 7353 5298 101743 961 107548 1734 1562 7729 3602 178 2766 4035 8791 108849 963 8968 5273 634 5626 2547 3901 7071 7480 2496 5409 2949 100337 2628 4258 2485 1113 3543 5567 4098 6391 3312 5165 2876 6171 5119 3820 6228 561 4801 1210 1825 8358 7375 5159 6530 4346 3832 1705 2213 3191 6817 2593 8216 8898 138 845 4670 2351 4931 831 3668 649 1070 5358 3108 6450 7286 1115 1289 2744 4113 535 293 103418 4818 4163 4704 553 3538 537 9874 3922 4960 9353 6098 2986 6646 104309 4607 1339 8350 8625 1919 2815 933 4086 108279
5818 6015 8326 1195 636 6203 2261 3190 7527 6408 5142 3707 1247 6088 6387 269 101680 788 5057 6061 1780 3889 9331 9218 2740 9073 1950 108045 1358 3980 7373 2973 3177 17 277 736 104661 3080 7484 956 326 1418 2934 7213 6371 3682 2544 7887 9497 2326 109985 7151 3558 2449 3421 6925 1171 3139 7484 7428 9393 6300 6843 6045 8455 2164 1009 5985 6490 5598 7364 9998 109711 1582 1596 1244 2205 9065 6201 7648 9735 60 6401 8001 1240 7920 6925 425 7807 2444 3892 7806 4670 2828 106952 2321 102605 7792 1008 3670 8596 2392 8661 998 4601 100030 1633 2481 7974 8292 1844 1512 1935 1408 3017 3435 3459 1974 100249 5614 4849 4117 9055 6497 2349 3508 2220 2591 371 6398 4443 5639 9162 8171 967 602 477 9586 9995 9956 4774 6267 6795 175 508 714 530 2324 2415 2361 9403 9891 2753 9445 1764 1477 2231 7132 8303 7456 1984 1637 3002 6091 8245 8193 6706 2499 8306 7232 101156 5053 1108 135 6741 3068 2580 945 3314 4198 3251 4611 5994 4930 105766 3876 1098 3076 1524 7501 5385 5180 7005 102397
2054 7116 3309 8257 3902 8041 81 5186 104963 4276 5657 3119 7433 8361 9071 8605 7731 100935 8520 2027 4461 5601 6392 5323 1515 106741 2075 7262 2018 6603 7713 3423 3413 3152 6457 4707 644 1156 1585 4287 1551 2016 3437 4523 7457 5724 9158 3286 3819 9536 9877 109530 6542 1049 929 5857 2222 271 3140 9607 2355 229 181 226 3649 992 4433 5504 618 3435 9627 7840 1970 5018 2407 1428 8228 3566 3041 7045 6372 4889 1923 7047 7876 109154 6694 4478 7178 9355 1385 2737 7842 8833 1504 1406 240 852 6927 8079 3113 3511 9271 540 9251 5146 7935 1457 9530 1799 7479 1633 6628 8697 1129 586 8631 6532 6498 9883 8489 2033 2576 2003 8296 9464 2571 3564 2652 6995 9960 1480 4714 1521 106604 2315 106 6616 4494 1082 8443 3534 4721 194 2277 6090 1376 6699 7343 5766 2475 7694 242 1464 5425 6694 6366 2370 9758 4691 9564 1575 2503 2532 371 798 1507 4486 1535 4300 6732 4551 7647 1693 8038 5568 7454 1778 1184 2483 2612 9250 109481 4930 5741 8698 3285 6016 1994 2071 3232 2475 8871
166 5393 1370 638 8953 2115 8067 378 9885 9472 6657 8190 9626 4495 3060 1046 8362 9248 1113 8638 9806 8933 3836 7506 4365 1379 5883 1798 9055 6953 4301 4919 6857 9649 1442 594 9561 7589 8237 2067 5716 101107 8271 5648 7726 2179 6598 8391 8026 601 9078 5221 1763 503 822 4505 6986 7876 6590 8617 5313 370 6176 101267 7464 5389 3973 9222 469 880 9865 4642 6489 1276 8042 6733 9585 4667 2572 8504 842 1522 5105 2225 953 7654 3687 4923 201 48 3442 4731 1574 9491 9340 105155 9082 8445 9034 36 5494 3197 4753 895 4788 3188 696 8222 3066 2095 4304 2385 4770 6324 2306 9579 7479 2106 999 6158 2 2574 7822 6947 70 3044 1961 4111 9465 8218 4473 4915 2724 9539 4396 5603 13 2995 4275 9721 4771 5622 9273 3018 7353 566 8801 1113 9111 3837 1647 4827 7501 311 8890 4907 1769 1851 832 1039 1483 2588 1451 8571 679 395 1682 4452 4987 1488 4595 3671 34 4665 4656 4299 4024 3377 6023 2421 3423 2148 5286 101226 1697 7218 1887 6618 6375 6691 100744 3595
3129 8538 4438 8548 7687 45 1964 5115 4888 1332 3550 8113 2928 9663 1787 4876 109799 2365 8715 2997 3960 9066 2965 404 1175 2968 2595 2920 5095 4898 650 1419 1979 7693 5685 7990 8043 9328 1985 7249 4474 5366 814 6685 1797 2081 7236 9846 3118 1473 4933 6867 5770 405 5426 3855 5175 801 113 1949 7875 7601 892 2296 6265 1852 6285 105 2013 9037 3721 4188 9162 1070 9371 325 8185 7174 3427 7983 9237 2053 510 9189 2637 8541 4807 6757 2521 2436 1310 2977 3393 1415 4280 4296 6570 4688 2344 933 6899 2059 541 8486 3951 6102 1051 8336 5139 5687 783 5584 1299 5634 125 9653 4312 3035 5707 6269 4389 5929 4676 5341 1834 6748 550 3636 8600 49 1581 4882 3206 1235 2740 1910 7267 4452 9928 2853 2749 7692 8352 2626 4801 5616 3466 9082 7588 1079 9655 1534 8146 9513 3706 8439 2117 2266 6365 4053 409 9190 1188 3656 5709 8732 3078 2675 1580 3056 1690 6078 8765 5980 4878 2763 8663 2807 9069 1131 2457 7048 5106 8146 2442 6060 2440 102808 1900 7655 2549
7425 7942 9703 2742 96 2386 7743 2940 3751 19 6259 4263 5810 748 7135 1570 9941 3085 5421 479 6754 415 4647 4676 2608 2115 5849 999 6280 3109 1931 2390 5922 9495 2126 58 4336 1019 4180 8941 9017 832 7509 4425 5449 2226 8766 8259 710 101691 3549 88 8038 4462 3067 3446 1712 6054 3801 2814 2288 8106 1295 3336 9855 8483 4400 8569 9346 9825 3282 1857 4337 4619 3197 102263 8459 2694 2273 7241 7448 3224 7453 8062 7135 9102 8061 7887 394 6570 2244 1861 7094 9057 4042 9764 1519 6212 9112 1481 6460 1292 1314 9392 2023 7100 1587 8410 3904 5922 1775 7740 7906 6014 9269 651 6261 2038 869 6935 1110 2793 5377 9893 9796 1330 3957 210 5196 3568 715 9780 4312 6644 4491 6179 6371 9114 5585 8504 3680 4412 6257 105909 1819 6275 4079 1878 6000 5247 9290 918 9996 41 344 7509 5089 4567 5848 8440 101613 9328 3844 529 2668 5840 6662 3777 8125 6622 1036 2572 2515 2173 9119 4827 909 2576 3296 1847 7001 9441 3844 5397 9636 2147 3394 5853 500 1606
1082 9616 5178 7388 7769 9641 1362 346 6090 675 7245 7936 127 5643 737 9181 8624 1735 575 4141 1282 1207 8278 4068 4380 4555 1830 4671 951 6614 3623 2329 3748 8593 5051 1227 6402 2499 7521 360 5904 7823 7371 2024 7984 3295 5971 4147 5756 9104 5433 9777 9805 1149 8912 79 9002 5041 3130 4453 4078 4791 3185 2582 1725 1620 6840 519 3832 6103 9409 2051 1951 7568 6896 1902 4375 9951 9743 2825 2524 5262 4851 646 6969 8946 8047 7164 4069 429 1000 1757 1248 5928 2442 6950 9454 176 2601 3446 3251 5230 8122 1395 1104 6411 658 6777 3709 5043 5342 4165 264 3769 9109 8562 3821 6876 3196 3745 2502 5689 2121 6430 36 8881 250 1520 4095 2669 3606 7153 3562 7967 2051 4800 4027 8858 2714 5443 7802 6852 7193 8624 263 5114 7704 7694 1585 1605 4701 2519 7172 3789 7923 3441 3731 5819 106601 1118 9367 3363 343 5600 7238 5714 3494 177 2407 5268 801 9042 341 1433 2550 5394 370 3944 2114 4562 7822 6501 2972 6614 5816 6319 752 8414 4724
2221 3247 2070 7246 7291 5284 635 5230 415 9275 4175 6189 1233 173 9375 7959 8154 8735 5171 102225 4604 7500 3573 268 2082 9552 108966 8890 1801 7702 1021 5584 8576 5844 6673 734 876 4582 6457 2059 95 9048 482 1876 6506 1464 5058 3623 6928 8667 7386 186 5596 6542 1489 4066 1110 512 5710 641 1219 6783 4358 751 4219 4576 1495 3852 7470 835 5156 725 5017 3606 3218 8693 7766 8361 5362 8782 3746 865 209 5176 5122 7297 2956 9001 2424 7526 7255 806 2483 754 3872 7608 1798 763 9072 4419 107354 1397 8402 563 9829 3805 3543 2423 8621 9927 4680 8451 5144 1147 6078 1905 8310 8107 4975 2264 5409 633 107210 8448 2131 1590 132 7108 1737 3022 3443 5736 503 4530 1292 101085 4188 7798 3048 9875 9607 5516 6989 3359 8202 6464 7866 7806 4446 998 6898 2920 5528 7169 3452 5352 7466 4949 3290 1450 5005 8335 7386 7670 8285 8788 202 6445 1061 7639 5903 6113 8189 2623 6919 570 545 8296 8252 6870 8052 1672 8732 208 3253 102838 5368 2629
8881 5702 6922 3635 104185 3751 7947 8339 69 5329 3235 8200 6729 9913 1170 7224 4294 3496 8686 5627 8644 2027 350 4114 2272 587 71 5241 7905 6175 8309 6880 4767 7937 1420 5142 4101 9151 102607 4119 8310 8371 7009 2553 782 2341 3258 3089 9243 6831 1628 4875 6748 7569 9846 2809 7176 182 5625 2075 6578 3015 9130 5728 4908 7726 600 6556 5658 2782 5886 7947 6232 3041 1562 100341 590 7169 1471 1843 101283 7772 8503 5905 9648 434 104558 20 838 8273 7995 1101 2451 323 656 590 8784 4821 9557 5869 3071 187 1039 1015 5684 915 2055 2583 9601 7783 4920 5415 8358 6215 585 9878 8216 4502 412 3834 4417 2964 102133 5656 9241 2364 2751 8370 36 958 2348 8480 1100 8048 7292 5538 5441 8320 6000 2165 1805 7630 1454 3988 5340 2968 872 8129 3868 949 5465 7828 4306 6038 105343 6483 1214 4538 8479 5299 4767 1553 9845 1662 7818 4804 907 1989 9511 8034 3260 2151 4508 2990 9354 8771 4030 823 6413 2171 8565 109320 3116 2138 6592 1265 8353
663 5945 6773 5176 330 3242 4007 8040 2862 1840 2798 5813 4631 526 6512 1589 1942 8325 8510 9474 1995 3155 4556 9375 5387 346 6453 7199 5155 5987 556 5938 987 4322 134 3377 6206 2652 4934 812 4169 5094 7208 1282 1521 815 2194 6625 9418 1649 3368 5870 9686 8372 7088 2584 8570 5027 7557 280 9063 2435 1648 3531 4888 7778 211 659 9464 4349 7399 1627 5078 52 7737 1482 6203 9633 8273 8057 1562 6183 643 8568 3353 2263 1625 5678 1616 1737 673 1968 1536 7273 2115 1684 8902 1056 9270 566 4895 102149 3683 4603 6958 8035 7993 7620 6012 8701 3315 1765 2767 2479 5175 7399 3838 9878 2289 1722 2900 5683 6671 5071 2340 4300 9822 533 9740 2212 8565 8146 1084 6797 2512 3445 1352 9834 6112 2409 6540 108361 3409 3213 2064 6097 8476 9858 1933 2121 5182 596 9903 9849 2025 6669 5659 8709 9081 8102 4290 7079 3258 1647 9334 3196 4600 2513 1677 626 4134 1762 9940 4191 1091 2984 3126 3142 3819 3250 525 7894 90 2836 1976 532
7734 9809 542 5386 653 302 8545 336 5803 1892 279 3178 9873 214 8757 3361 5860 1396 1084 391 882 4016 2569 1333 5610 847 2455 7495 1547 1329 8648 7339 1469 6276 1524 8917 4512 5398 108673 8903 7026 4603 5572 1039 9173 3918 3591 1538 6224 1930 4171 6391 5444 9899 3344 631 5554 4656 2659 916 539 8549 109622 422 5432 2127 4166 814 9851 1238 5482 4085 5046 8074 2359 9700 8091 5039 9052 4730 2995 9323 1658 5785 4963 1042 4115 2610 3723 5423 8792 2307 4497 3158 3707 478 7422 2152 5052 1211 9543 9094 4418 2192 9119 1034 4344 7313 1435 2882 2651 7523 4006 7198 1489 6325 6069 1277 2652 8320 3022 5394 2302 8286 7301 7869 9887 9818 8071 9879 1789 1014 3979 9822 8340 83 3029 6482 7950 6188 7692 1871 2077 3348 2687 3452 935 8225 4612 8483 1360 3193 9185 8322 2894 9628 100351 3282 1785 226 3611 4806 3010 9751 4462 6629 7510 691 4464 3388 1698 2799 104 1550 6889 8949 5304 100253 2756 5863 119 6734 5594 435 8014
3927 9600 1270 423 7884 4898 2334 3106 100699 1138 3876 4282 613 4064 266 2872 107758 4060 6081 2822 3814 4056 6079 3719 2969 737 543 9637 9684 9807 3800 3675 3433 4171 611 4581 2517 7665 87 5684 2832 1318 102311 406 3524 315 63 1605 8801 5603 1899 4750 8449 7954 5337 9862 5704 2454 495 5592 574 1402 352 402 9568 9384 9211 3569 371 399 5204 8841 9675 789 2599 7322 108395 447 5723 1311 4461 6847 4739 1241 4821 7598 5099 1259 9601 3738 3649 695 6068 6881 465 8026 1027 1806 8326 4579 5295 8051 5486 137 3972 9512 285 430 4450 8819 2356 5470 9722 4873 7092 1325 2955 6644 7053 5504 9005 4214 4860 1338 2413 100156 5061 9210 8011 1798 605 6787 7953 8518 9275 2733 9973 1239 9536 4346 496 4432 3924 5931 0 553 5603 1555 7994 6157 8968 1324 2532 1761 3145 3129 979 5316 8371 9452 2224 5208 1159 3049 2433 6032 5461 9851 2357 7977 6984 2902 3231 108158 7699 7372 7750 7478 8314 2163 1900 4609 6388 1975
1998 5284 4446 8124 8252 1089 7940 7079 1338 8907 4796 974 6870 536 1780 316 8379 8295 653 1914 6165 1044 8727 1770 1397 8569 8496 7062 7287 5112 8167 9081 3491 246 9942 7595 8609 5306 109087 8787 1761 3559 4949 1848 5593 5542 5438 1321 2960 6248 1032 878 9003 1546 5370 9470 869 2234 813 7682 1893 2648 3707 7098 4602 2065 3894 4798 3242 108744 5980 5800 9708 3621 281 8945 9746 5811 797 1816 828 2453 5536 8506 5497 2761 9300 3646 4830 672 9626 9137 3036 7916 8487 3314 1661 105482 4104 6670 9535 9586 7795 478 9060 6269 848 1983 5593 6903 4457 7427 9910 245 5742 2726 2822 6889 8267 308 680 7107 6222 2985 1460 7946 105764 7849 4194 6267 1459 9361 8919 5121 9789 2477 7970 5238 9171 4364 54 2857 9096 5537 6872 2289 2920 3451 7740 1841 2265 1063 90 252 8817 2772 7495 7178 4872 9191 1538 8444 2079 1008 716 2813 529 5357 3323 2521 1929 7006 2401 6818 5172 7433 5416 6737 2504 1503 9361 4634 2902
7582 5166 8147 2556 1256 1052 2998 8461 356 6229 4292 6245 6196 2132 7533 9128 1671 9050 6670 9962 4511 8721 6570 1989 6165 2447 5532 2390 2460 222 5227 2328 7139 105050 4319 2278 4879 5466 1891 1419 2729 9538 5420 3932 5955 2728 6025 5240 641 3974 1724 6575 694 8527 72 6625 1452 9141 1642 1864 1112 9675 2685 7705 9837 391 6089 6983 2064 3658 107756 5784 3292 7010 3387 109276 3303 4416 5211 1835 3252 102262 2747 9231 5819 3683 2692 2242 4774 7106 3524 9912 397 2191 3479 7808 8612 5036 9032 2599 451 3668 9126 3070 1863 158 1850 3342 4935 6995 1112 729 4393 8515 5828 7858 2134 103941 8903 4239 8747 526 1730 5214 6305 2900 1490 9190 2000 7107 9749 4751 4128 4192 7484 3637 5552 4764 4417 9657 9530 8155 5467 440 6246 6069 847 1008 8335 105869 6121 5169 6051 4016 3996 608 206 6512 774 8946 8601 3458 5863 5990 6399 7973 644 8387 2609 2580 6791 3141 4986 9630 6345 9410 106597 5300 5939 9698 9566 6690
865 7054 2198 6465 152 3096 987 2860 1722 252 2615 6914 1559 261 7016 1180 6598 8770 8576 1328 4629 8411 2878 9349 4765 5551 3293 109783 3033 101871 187 5981 2600 769 8300 5497 2753 4909 3984 9664 7671 4060 1074 4571 3741 9507 7715 9565 100747 2314 135 8535 5682 4241 2302 4824 3613 5621 2549 4600 2312 9632 2078 1206 9893 495 8301 4704 6445 9672 8213 1460 3828 7403 3843 5029 5872 1528 3912 109536 5899 4321 5725 2160 423 4642 498 5918 5953 4158 3415 6333 7753 316 9727 9413 4257 2658 8978 1950 3060 7936 7442 1744 5578 7856 9152 7320 9673 109356 5775 1549 3965 6177 457 7204 347 2243 6690 385 3954 1777 5002 7535 6052 7115 5142 8306 6308 8065 9937 3834 3759 2717 9119 2523 2944 6307 109762 283 7887 184 7153 5020 9802 9809 3973 9099 3511 9374 2086 1095 2728 6871 9254 7798 8768 8453 2316 5172 9605 5300 6387 5694 726 5655 2676 9230 591 4189 9570 8727 7051 8131 1108 644 7369 7690 1512 316 3458
8058 4342 3273 2026 6679 9251 4377 4645 106915 6151 2421 9580 724 6369 1600 1632 6391 1225 2417 5055 6245 2534 6197 9188 4245 2690 5310 3571 5603 3914 4833 293 1711 4794 31 705 3449 9833 7106 1756 2012 3537 347 3539 9544 7985 9897 3478 420 2630 4988 1351 531 5448 2202 115 2039 7857 9954 7184 2644 2083 9824 6840 1750 2298 4065 564 5509 2512 9015 6429 2952 7808 4367 4495 1976 7709 2128 5984 8471 8436 7735 5295 112 702 6065 2208 880 7323 6168 4391 8453 9756 1202 5250 2678 6623 1494 8044 4500 7792 9105 6016 5872 4286 9480 1803 2621 2076 4111 2661 5430 2169 8265 8416 2435 3522 305 7794 8136 1014 664 8784 8751 1803 4687 3164 9768 9519 9720 6993 9837 2849 3416 1659 1067 1969 8576 7756 14 3221 396 813 3115 1038 7611 6882 7188 1963 3409 8529 2568 9772 2505 3060 4265 7625 6431 4781 4146 106420 5101 3130 7017 2156 3956 9993 5761 4611 9661 9293 5379 6114 7040 6001 3038 4236 6389 8732
140 6913 906 1559 5399 1956 105877 2859 7340 2222 6857 7022 2174 276 814 9583 2078 3015 4236 1440 6874 6875 3096 2452 3876 5786 531 4809 869 169 3103 2183 7602 2091 4292 3353 9245 2373 82 8460 2558 8963 9591 3366 1604 4953 2387 6889 4374 5563 6506 7448 1023 8177 109897 108985 5050 8405 2701 4844 1978 927 1377 91 1966 9587 6567 338 3651 3977 2313 4784 585 8510 108063 108318 2650 3529 8771 224 103801 8305 1748 490 6216 1613 7896 102518 6220 1899 278 1971 5893 3349 1650 2719 3400 8784 9466 1032 623 5543 6577 4159 933 7129 6138 4638 9690 1070 5736 2171 3565 7039 9683 4062 2923 5030 2813 8544 5251 868 7029 1381 1836 722 7788 9435 5385 4666 100694 1139 9100 8455 308 783 2584 6682 4720 8877 4027 9087 6936 9955 188 3167 1534 2683 3010 7191 5487 5505 103318 7208 8227 987 3193 16 8773 5320 4712 586 4996 1228 9407 1617 520 1803 8908 1867 7912 5844 3894 5540 1148 5440 7966 6455 31
1898 804 8837 4647 3713 445 111 2344 2492 8579 182 406 4558 1486 1654 3082 4587 1570 381 9350 3465 8281 4674 4092 1370 7218 372 2268 665 7273 3969 6636 5506 2025 2697 8606 888 6128 2673 2124 5857 2467 2156 9143 8740 3585 9655 4400 1063 5308 9316 1286 2194 2389 8233 370 7848 8855 9977 6543 6774 1799 8372 1551 1100 394 9643 793 9389 1480 8055 1815 7602 1792 554 3791 9635 7740 901 7136 456 7269 6668 4240 6285 3466 5735 2595 389 7822 7194 2575 7856 3007 2392 942 64 2718 835 9763 6216 8156 9479 8864 102502 5954 9208 1048 8115 2916 7305 3744 200 5494 2670 2940 6979 5359 5972 5351 100666 61 109615 2386 2639 1210 9893 5249 6501 6574 1114 4723 1314 5588 3002 2225 3590 209 1166 9960 5227 2467 9145 2650 2140 6022 2307 7233 4619 1389 568 4726 1374 3982 5745 7585 1722 8959 2035 6418 1075 2624 1766 8928 8195 4825 8585 7888 457 582 5924 1928 6659 9216 1231 1012 2991 749
3169 4856 6958 955 8443 5543 7930 2153 8838 9364 103114 7654 2810 2359 8244 2302 3296 1827 1618 106386 5179 2278 5416 6184 4962 9008 5508 371 6737 263 9415 4036 8673 108665 1923 5073 2421 4132 7846 1301 3063 2339 2230 4775 4578 9722 5181 8432 5425 4148 7144 5175 2871 8858 106 104128 6209 71 9510 8149 4441 7802 1868 7170 380 8332 6547 1463 9854 5555 4121 618 2876 709 4663 43 9763 109425 5625 105228 7088 5579 8812 1105 119 1526 4424 5684 104039 4647 1040 8077 3181 2535 135 1135 9065 9721 8038 2230 6462 100845 780 3456 8110 3796 2341 2025 3621 8357 4333 4908 6436 2623 6999 4631 4369 1216 6521 3518 7581 7382 2651 6227 7399 2100 1184 1076 7487 5511 1011 7253 797 8073 102 96 6115 1574 7367 2602 7008 4909 7092 8312 5303 4137 5024 5057 2511 369 5574 5526 9644 105277 8766 4751 1598 106 6846 6296 2088 6271 4723 4188 1476 8513 6464 100513 7925 5300 2021 8660 3613 6211 5172 8742 100272
9634 8080 2232 3192 4625 7319 3762 6715 7684 8450 9114 5882 2737 6138 8563 4059 7689 301 2308 8249 4939 8657 8843 3786 7958 7688 5938 9954 8125 6405 3664 1607 976 1535 1011 6196 1128 211 7212 5569 1842 942 7019 3187 8305 171 6574 8272 5037 1818 8660 2630 4400 338 6151 5932 1043 8696 713 8153 8020 9648 237 1555 5147 7092 634 8603 1294 2035 1788 1128 113 2891 555 4817 4929 5546 416 8815 4243 9681 5300 2801 4376 651 5964 274 2245 8476 9811 7624 2000 2013 9782 3278 1485 4935 9813 3093 9738 6062 328 3063 7207 49 9585 6604 2235 9887 8177 8992 3587 2779 1437 1476 2155 4227 3202 4707 1602 637 3366 8921 7673 101635 3314 223 4444 4354 8877 714 5349 6589 5370 4725 5725 1111 1749 5516 5813 4609 3801 1323 6468 3568 2982 4197 5457 562 2481 3577 8739 3427 4829 2658 8615 443 6009 6751 9138 9274 5929 7042 2983 1704 841 1452 619 1110 767 5817 9992 9384 3697 2008
8639 215 7463 4878 9041 3570 2578 107675 1168 9733 8189 9517 2673 8621 5507 6436 4725 3802 2386 8790 1768 518 5902 2259 1961 6325 3672 139 7836 4909 1200 4767 6508 102760 5721 262 869 2024 7500 2545 1520 2619 7984 1313 3664 143 3609 2071 6558 3912 2974 9964 9568 7631 1104 3682 2175 1069 807 3947 6680 2904 6575 1464 3299 5885 835 107157 8707 7423 7112 7411 317 7022 7598 4390 6908 1708 6274 128 6804 5756 199 2941 7446 4204 3927 3169 4340 901 4756 2767 2598 1648 7012 1484 5659 8907 269 7970 7987 2285 9277 7945 7661 5286 5421 6227 6461 4874 9158 7367 5521 127 5413 2930 103507 2421 4315 7384 8353 486 5256 7728 7628 9374 9401 5121 4286 4093 6496 711 1183 8458 3251 4571 6009 4394 3159 4370 5115 1154 382 8693 5115 6921 7742 5201 1824 9953 6373 2207 7534 6359 1514 2791 8083 6409 2022 7424 3298 2809 5298 683 106734 7743 2450 1393 1241 8739 8595 1962 2701 3083 3921
8224 5883 4513 6860 628 738 1033 5596 2735 2019 770 4355 7514 6243 3034 5617 4354 1936 6599 3006 4326 7351 8500 8291 1732 8821 120 58 6676 3948 2525 1751 4834 7705 7616 1287 2913 4564 8148 5480 3278 2600 2300 9609 1523 3123 1625 7860 2157 3488 8880 4793 2609 1715 112 5277 8122 9332 2210 3650 2854 1696 4066 7241 8305 3885 1117 4549 4130 6349 4811 914 4597 9652 2479 9190 41 6781 45 583 9691 201 476 8077 402 10 2988 5913 2316 2944 6089 7093 2137 913 6080 3454 407 1774 1777 6256 878 7876 8326 945 6669 1440 4707 2785 3891 8471 4415 2544 8867 5605 2386 1889 7106 8388 8559 6861 2515 6015 3012 7579 6229 9143 735 7614 2123 2150 6531 6559 8124 7970 1484 9854 8684 1348 2559 1699 1195 8186 4646 2201 2508 2186 7483 269 489 7272 3746 1715 6133 1722 3339 6683 2434 4362 2920 9410 3653 5371 9724 1691 3670 5887 6405 543 6284 5112 108716 9475 8440 190
4443 7705 2656 945 510 3338 1152 3056 2028 8227 9804 5593 375 989 9193 4353 2386 7153 8876 9686 4804 2891 915 107923 5163 8382 4323 6356 8802 8505 4946 7483 2997 8601 100566 1842 4692 1759 6989 9170 678 6611 9375 6579 3760 3161 3936 7333 3303 4387 3658 5695 8162 247 3323 6341 9155 2898 6875 8287 7544 6189 97 1800 3293 4128 6710 1653 4052 2276 2570 9479 2455 8477 4373 450 1613 3640 769 5790 1932 1584 5846 9117 5295 1624 2726 2143 5272 8852 7227 4771 5382 1544 1645 847 2106 3222 8008 5041 1095 9410 1453 9351 8377 664 9080 860 8391 8945 8322 8180 2795 100609 1432 794 4642 3732 2716 599 9727 4091 5114 9254 6325 5825 174 6598 8933 6211 596 6256 4660 992 8336 1193 8785 8637 4223 6586 5958 6140 6365 9998 1436 3021 6696 6684 6516 5525 6325 182 8691 7231 9490 3073 2861 1905 3564 2534 2598 3120 2594 2968 6533 5398 746 7847 9513 323 4210 8756 6353
2833 9193 7174 4423 77 6063 5100 8636 4803 1114 3636 7658 2745 8522 2684 1045 7663 832 5335 180 6436 266 9666 367 7085 1810 6423 7417 7810 8201 6385 3488 2713 2238 2674 6579 7192 1475 2242 595 9909 4705 2441 380 3104 9594 6894 105414 107059 8288 8720 7016 40 2933 1493 7228 1052 1954 5538 3145 5650 1804 843 1452 12 995 8203 106520 102246 3021 9430 4928 2499 105859 9580 8867 2172 1002 6865 6840 104597 613 2379 2233 4738 8057 411 5588 75 9969 9776 8367 7020 7075 1384 669 2272 1026 8665 3887 8975 1077 335 6044 4773 633 4006 8916 7973 4098 7179 3601 8094 5320 1966 5984 1037 5087 1802 8558 8546 4711 2457 107478 327 8054 4081 42 2047 1794 3235 6576 1884 6932 982 5759 2244 6217 6175 121 996 2843 9237 4156 5909 109983 7410 6676 3598 7152 636 1123 3098 636 1172 9732 5372 2461 1198 7580 6272 4523 5363 6274 4100 1088 5283 7760 967 7101 5279 4794
8656 1483 9559 1599 9714 5012 143 9278 9551 4898 6999 3979 1978 7800 9482 1570 4418 0 9047 5930 4124 1573 1695 5694 8447 3267 5038 5912 310 7835 2014 1807 2529 5179 2552 899 4494 1949 7564 1477 183 9887 8868 1389 5675 6323 5219 8759 3889 2360 4595 685 857 5368 384 8571 4678 2403 8863 8718 2954 6877 8580 3823 1120 1075 514 9967 5776 4100 5811 7523 942 2893 6570 3329 3524 6389 9415 8091 7137 6603 7164 1005 2273 1165 8318 4130 9472 3882 8798 2091 2122 7210 376 8994 8164 8300 9787 3052 9632 1440 5290 2685 9740 9446 19 4417 8173 2087 4606 1848 1675 5619 3960 7297 252 7050 3889 8154 6437 2303 3698 3815 7118 185 7075 9265 486 4124 140 113 8214 8472 2378 493 8650 3217 5317 8370 7278 9263 368 8867 3014 4902 4544 6305 1681 2248 4224 220 106110 4250 3076 4617 9486 4452 7085 2068 5676 3341 925 2983 4219 2534 4955 5499 9440 8166 5385
1855 112 7670 3940 3479 9754 238 828 9414 7832 7744 107956 9856 1489 7218 6028 4329 5155 2562 318 4162 9952 4421 4918 8133 887 9329 9637 8814 5268 103629 5495 6173 8186 1589 2371 9338 8496 1089 2611 952 6681 8424 2454 1453 4201 6225 2306 192 105060 1595 2653 564 1993 590 8942 6676 4768 4625 1775 7039 1760 9229 1575 7271 1860 898 8677 52 9999 3369 4815 4350 589 3706 8284 6587 8331 7198 8478 6854 682 4231 4244 1777 1872 3215 478 102668 8496 2558 995 5030 1467 5504 4672 5731 2039 6615 1842 5790 6415 4973 4710 3217 6923 4140 8590 8932 102129 8049 4535 6370 5116 5982 1209 7634 2124 3952 6590 6500 9710 1792 7351 6970 3870 4974 5419 9545 2938 4282 7890 3280 5128 7477 7457 8569 1899 344 4182 7645 6306 3138 7286 5437 3698 728 8405 686 2213 2600 7766 4277 2130 2128 3476 9763 5375 6605 9569 6882 9317 5045 3276 9201 451 9976 5032 525 6742
2997 5674 145 102967 1577 6963 2622 7844 9646 2192 46 5764 945 1310 1206 2789 6196 9666 6874 3785 1350 3527 2246 6481 5647 7033 9562 5319 6944 5602 2149 8754 1146 1347 5942 3910 7855 7846 6670 9515 2278 3201 5850 3327 2754 5182 9904 9262 3925 3256 23 4897 1073 3288 5852 8580 2896 3089 5858 7901 5908 4153 8378 5786 9441 2057 1732 633 9514 7639 3733 9518 2697 5266 6489 5153 5475 4157 394 9670 6379 7552 4721 5905 7926 9963 7021 2009 9200 7948 3378 524 9772 3555 1556 1763 4289 1860 772 6024 5011 3629 4602 901 1648 3721 1380 8415 8541 3668 7341 8211 4687 7360 1969 8160 9438 109783 5248 2005 2566 8546 1202 7980 8961 9033 1434 8391 1538 780 2878 2665 9251 3762 1941 2793 4401 5407 962 7219 7830 4267 48 9631 39 8993 9327 2710 7887 4101 4670 9890 1068 6090 1129 917 4809 931 9637 685 6028 5880 585 2839 1888 28 5823 3169 1830
3132 9468 2596 5671 8858 764 109218 1997 1963 9842 3068 7539 9389 4063 6455 5610 526 4287 7984 6173 7481 7964 4206 6503 194 222 5751 3492 3380 9264 2245 7637 3976 9385 2506 9144 5465 8073 2802 2952 5590 5890 4137 6336 7239 6842 6877 2694 532 7294 9220 2821 6498 88 3360 1771 8256 9140 2002 2149 6049 4384 9086 8360 986 4226 1838 6242 4463 3502 7833 8127 6857 9800 7749 1440 1595 9367 1338 4425 109061 555 1593 6506 6456 9857 334 7936 571 8484 7425 6861 925 7941 7763 8902 5948 1294 2407 6939 9653 7684 101230 2812 2557 5996 5433 6458 1520 4335 8872 203 2264 5504 7304 105426 5409 2990 2317 5007 1914 4885 9244 5843 8782 6874 3964 8694 7684 614 2957 3196 6115 6962 4298 662 2682 8853 2876 6981 3968 154 751 7796 567 1829 4408 9767 6534 8151 3655 7518 5799 8768 4377 2062 9981 5525 1154 8306 8219 7074 4697 654 5121 101249 7812 5397
1496 4844 8230 7819 5473 1567 2630 7805 7592 3010 6193 623 895 7573 8163 1142 8936 4349 6674 9400 2 7342 572 1137 8313 102745 7458 1400 7527 1705 6932 9105 1999 392 1039 7459 3228 6263 9637 892 6773 782 7340 6612 1907 1968 8505 8848 7846 1331 4142 3720 9445 5950 2306 7883 2997 9028 3536 102273 9309 7521 1827 1170 391 1250 3312 6373 6776 6569 1284 6091 4740 3441 4992 7261 876 3919 7890 1970 2249 3210 7254 102 9566 2381 6988 376 6041 2810 4924 3795 1562 1905 3207 3808 2679 1425 8448 1481 5247 6686 6556 2496 6861 2004 453 9617 105920 5115 69 6374 6137 7276 641 74 5668 2306 5795 512 7179 308 2237 8469 503 8866 635 3139 840 5950 2312 1687 8423 3758 1588 2037 2778 1279 4724 6106 1352 5724 2106 4595 3934 3534 8631 1612 3712 3270 446 251 420 4922 1323 2479 104700 5356 4212 4275 50 8113 4927 2343 1209 1264 9220
5009 8097 2633 196 2207 2764 9481 4378 100928 2639 1323 6944 212 7547 8528 1510 9922 2972 7683 9423 6761 609 108502 1820 9000 8061 4993 3245 2481 8093 1165 6676 9003 9932 2923 4493 8776 1939 3066 572 807 9685 5465 3765 106747 602 4905 4561 9915 1850 4039 6239 5931 7037 1769 4650 858 7521 4695 3914 5885 1451 8988 6189 7213 1361 100028 6631 104189 3015 568 2152 9727 4008 4576 4205 9607 101432 2169 1257 8991 7272 4303 5638 3821 682 1564 2742 7298 885 106346 511 5556 1547 3206 3302 8430 2505 2853 5323 3270 6942 7947 3894 6016 6048 8297 7536 3633 940 263 3798 5975 8188 1507 8409 711 590 8936 8377 3062 2114 7331 771 8172 5460 6930 2408 4278 6683 4094 3440 4523 865 5802 6655 834 7749 7292 2727 2882 6221 105468 7694 9753 2287 2474 5042 4401 5394 6805 2682 5728 2832 8825 2126 109631 3695 681 138 6445 1489 4702 6319 8436 105976
4910 9066 3709 1486 480 2905 5088 2884 4239 9003 7583 7065 5053 184 8067 9918 8266 7329 8470 4471 261 8937 5043 3572 6850 9204 4987 7713 6653 686 7482 6891 686 5840 4233 2212 574 3663 5509 2729 440 9861 2319 4914 5347 5411 2405 5801 1056 7303 66 9967 7631 2491 1506 3067 5238 8398 24 3188 5716 8504 5043 7809 419 9464 2062 8079 8541 4751 7543 9908 5345 7410 1347 801 3253 4764 4560 7037 3086 5363 6586 9919 2414 8236 9794 2508 5821 1521 1740 1714 3147 7586 2024 820 7109 8506 5220 439 9142 2851 9344 924 9328 412 418 128 9691 3674 8122 1040 8605 103117 5240 7504 4346 4085 9901 4574 7678 1220 4224 8595 6761 982 4706 4826 91 2078 4564 5988 5392 1570 5511 7403 5709 2634 6419 2565 3836 4501 8669 2043 4804 9950 531 9099 5261 4877 1034 2602 66 688 6090 5102 2631 8667 2423 7692 8877 9837 3780 3549 4100
1445 9859 6087 9681 1157 5232 6521 8656 4838 5455 4934 6284 5788 2563 2581 6940 6844 1617 6744 2416 891 1555 4013 621 2009 5425 5794 7620 7518 6621 7292 3098 2707 5422 8841 3844 9140 3872 1908 8145 8132 9722 4185 6748 6642 4272 1801 7730 1451 9289 7808 7729 1647 436 2374 3314 376 407 4467 5112 1401 7976 9047 8473 6980 1679 2648 5437 7519 7723 7373 4548 3063 1924 9387 2845 1829 4194 7646 1461 6016 5372 1722 4716 548 2611 7666 2622 8993 8816 3097 320 5543 7259 107687 4570 3889 4558 9614 1876 543 3929 7534 1140 2472 6199 789 3095 5679 929 1435 4061 8630 5937 103998 6730 5728 3562 7177 1482 2780 3014 4490 6853 5615 5024 820 7828 8912 7507 4194 9683 5770 770 1277 7751 8894 1434 5455 657 4135 1445 4297 8643 6002 736 8035 1763 1405 1599 8626 5550 1887 112 5503 191 9529 9117 9253 1872 9996 2118 5963 5551
1306 2126 3459 6933 9025 7429 1105 1636 8150 6 7792 7647 1774 1505 2354 5214 5107 636 9543 2577 5092 3670 9184 3221 1278 5756 836 9653 2010 1967 2386 3587 8567 6406 5976 7799 6490 1504 5043 8471 1986 9244 520 4536 2049 3661 595 4355 2136 1880 5118 268 8098 3696 5396 1775 933 1220 4919 5148 3988 2615 511 2533 2280 3152 8387 7716 4607 9123 5229 6547 5989 1856 4281 1030 7091 7370 8750 6636 103878 7675 352 5654 1842 2182 1893 8022 6342 4621 1287 588 193 532 8041 237 485 1973 2830 7846 103627 6038 1974 3119 1047 3368 5146 7107 1325 3713 7930 4142 9492 7661 6213 4024 5883 7568 1545 7074 8665 3439 3996 6462 3513 2479 2266 5796 3462 8078 1871 7602 7955 3377 2407 8388 5822 445 7924 2068 1638 1291 4369 3604 4219 9846 2405 8921 9477 4742 9577 3146 9607 5218 1373 2586 6533 7825 5592 6338 8644 9505 9583
7427 1697 2556 2616 8889 7828 4280 8927 5172 109078 6846 2185 9156 3842 2302 7367 7682 4344 3344 6333 631 4183 334 4948 8727 1532 8992 1084 238 5702 4360 4310 1550 8652 8671 5505 1335 9585 1663 7667 537 4390 4644 5083 2342 225 5933 3812 1435 829 1158 45 4096 3490 1995 7751 6750 4950 6550 8622 2209 7620 9113 7596 2462 4012 499 3562 2614 5227 7756 7928 6699 9709 2627 1887 3811 7472 11 421 1259 1739 6257 8528 4446 3631 9009 4319 4006 156 5817 5974 4370 3463 302 8024 905 5434 1566 5466 8717 1132 2246 7765 9827 2403 725 2076 2691 1304 1104 7375 5867 6810 7623 7488 8297 9558 3016 7924 106104 2981 1331 6027 9018 70 62 7380 6951 1965 1849 6714 3045 2524 8725 2900 505 1233 9776 4716 1677 752 4148 3597 8386 2707 3458 7747 8600 3999 8488 574 2443 649 5770 6791 320 361 592 8950 3393 7885
7773 690 1941 2401 5312 1627 6948 4654 5374 1221 3641 4320 4143 3974 4041 253 1176 5250 1251 2995 5498 3012 6216 7313 4872 1392 9853 5032 2462 4759 9583 6099 512 362 5318 2613 5729 5443 4557 8050 2326 6432 8865 433 1690 3201 3543 2736 7411 8293 4019 5897 6948 255 6103 6820 2516 5311 3833 860 6303 3870 360 1974 2156 2122 8800 15 2063 4579 8059 966 1888 109237 5035 1450 219 3639 1397 7605 8009 7523 4848 2601 3039 3288 7343 2714 1798 9148 8651 5164 5579 3013 4357 107806 9544 1946 2650 4776 6466 773 7671 5409 1764 9180 1711 9652 103228 7456 363 6467 2500 7014 6321 6316 7876 4596 665 2699 566 1390 2572 8577 2122 8722 3997 52 427 8161 6236 5911 1154 4495 7401 4779 1642 924 5862 4021 2579 7252 4224 6162 5163 7652 2895 3561 90 2638 588 1408 348 111 8499 2274 2292 735 109961 7631 79
6984 7407 4676 6711 7722 2280 7708 4890 4255 9095 7927 2970 5435 3325 2155 6726 5446 9202 8632 3912 7373 2657 7632 1888 1269 9513 743 6353 3058 1184 8087 1915 9751 4811 1175 6553 1166 1132 1453 9628 8539 3195 6977 1928 4844 3497 9605 1596 7060 4513 4674 4712 3032 671 5396 9610 5945 565 9016 1866 5667 395 6964 9639 150 8343 6057 4161 7043 5502 2965 424 3801 4586 8396 4276 5360 1597 6136 1703 5973 5508 2606 9617 7048 7759 7346 8226 339 9552 5438 6453 2812 4114 8431 2331 9756 8700 3281 1381 769 6262 1661 2758 9649 8795 1647 1512 63 5504 764 7118 6323 740 101124 4123 1125 4232 1364 7825 235 705 4432 1643 1940 1580 6351 2127 2499 5057 4583 7358 7567 9771 8347 5167 6346 7063 5042 4123 6305 6891 2202 2665 7364 8937 3308 2093 2935 2499 6722 6013 2072 8433 2662 3493 4770 4130 4285 6539
7425 8463 548 9605 326 3414 761 8793 3741 2501 206 9269 174 5685 6089 2385 5169 3466 4479 1921 4422 3224 2387 4079 7411 7320 1177 3657 1759 3051 2720 7831 5935 9070 2303 8464 4510 3902 6335 5069 6803 94 6537 3102 6494 2839 2226 6764 9234 2336 6036 366 729 8094 1487 5296 4628 3821 3264 2161 4867 8960 768 4715 85 5509 3216 7113 6015 5132 9427 9108 8386 7770 6750 1214 8824 3097 2875 2739 1407 962 109924 9788 4042 4286 6846 9382 2755 6265 1059 787 2022 7960 8309 7888 4282 9981 6576 8790 5009 5864 1327 5236 3699 5328 6866 8189 4997 9458 1694 6462 3119 2169 8630 9844 2511 5535 985 2507 8712 8691 4475 7993 5423 9948 1080 1724 2520 397 2374 7873 4859 2041 251 1463 301 9976 3455 2515 6045 5947 4803 8838 9228 7885 722 8556 256 9370 7814 54 9003 1476 6735 9530 471 5843 48
2584 6677 6541 9450 3265 8743 4472 4109 6084 9178 3563 9164 9977 7272 7611 5248 8913 1404 105749 8080 6781 8439 6038 3712 2158 2483 7939 7143 1213 6839 2055 341 3277 6522 71 7189 5006 103035 3916 2207 3 5360 5345 4417 1957 2717 523 7471 489 1976 2505 361 8207 4187 2348 1980 9869 8665 3273 12 2764 2933 7085 1248 5826 4175 8353 1054 3199 2848 7694 6312 9947 1768 6449 2951 105440 2390 4546 8376 6580 2856 2306 532 6587 3363 6132 4548 682 9413 78 5732 2894 8665 9391 1752 1470 106876 2323 7053 8014 4797 1381 2353 2486 1978 948 1813 4707 6105 5033 9025 3884 3843 3944 2105 6807 3336 709 1343 2381 1711 5593 778 4219 2685 3989 7765 5131 4216 1398 6202 7986 9772 4346 5953 11 9150 4786 1363 5172 1343 1128 2948 3848 9859 9154 7441 8285 210 8728 6454 894 2127 4467 3859 2187 9607
4150 4896 9248 908 4098 1134 4483 9091 4212 6896 3058 8795 1314 106970 9549 2624 5766 5065 8831 5406 8777 3907 8803 1593 5556 8128 1365 3420 8755 8073 2310 8320 6939 2912 4404 102320 3582 2256 1706 1116 2396 7430 1379 4314 2988 8385 6149 435 7371 9990 8715 8413 8293 4951 1747 1060 5890 104309 922 102399 2386 1523 5701 6449 444 1277 8705 7868 103186 6057 6685 2941 5802 8428 6710 6996 745 7600 8883 9538 929 109269 1523 856 3357 4566 7796 3693 4377 9869 3141 3760 9463 90 3534 7583 8240 847 1166 392 8120 1263 6517 7630 7893 5993 4467 4943 9089 9920 8961 659 6909 8605 31 902 4265 55 5997 8842 530 3841 814 7319 5963 4036 5354 2357 3231 7711 8323 7852 3766 103757 2202 9753 390 390 7587 9683 8235 9496 1494 495 9578 8935 8999 103537 8722 9266 5464 6292 1045 7720 5950 8012 108038
3099 8001 4601 1042 9348 2088 5023 7380 6120 3733 5380 1572 8809 4380 9562 7504 5488 586 5550 1454 9817 101331 1631 6304 3359 3676 2867 1945 4395 9771 5894 943 1399 9452 9653 3857 167 4661 7338 6395 5322 7772 9321 106904 2605 3447 810 3623 368 9781 2759 4385 510 7451 7641 9530 6807 8177 4126 7510 1984 4414 6143 8414 2526 4977 4351 2115 9807 1922 5349 114 6106 5513 5118 9481 1127 104301 316 6265 2689 4383 6100 172 2731 1463 7447 7257 4625 6575 4367 3045 7233 2304 3517 4988 4458 8218 1504 7281 6532 8968 1960 5250 992 9282 5051 2352 4049 8436 6248 8669 1546 8064 2747 9943 6826 6688 3745 101284 2374 7614 3852 7646 9350 1239 3433 913 7411 7341 959 4610 5534 7341 2427 5923 1349 3169 5674 109588 4578 3798 2966 9788 6580 4560 1381 7545 8370 5660 9886 8052 1693 7334 7118 5896
1701 2077 3658 1076 447 7188 230 7615 4470 570 2661 892 6320 700 6738 4591 4546 7546 7182 446 7974 3207 4954 6155 1563 132 6040 8641 7534 4608 7437 8940 120 1049 7082 2238 408 1590 6635 832 7923 5864 8159 3558 101129 1629 5034 3478 2713 8823 7959 8874 1992 1709 9618 4436 5838 1073 8565 1538 7089 9442 9585 6178 6294 101906 8943 1335 213 1051 6231 9820 1869 2413 5073 4728 1544 2379 7787 6163 7536 7687 9483 5177 8210 2299 3029 7613 2018 361 7870 2639 1935 9141 1537 5265 2680 2082 5138 2710 3327 3370 1042 1163 4749 1395 6371 5387 3878 9438 2029 6350 4399 1713 8288 5170 3981 2807 7114 861 3391 166 5019 6945 1423 1074 1079 7649 3125 105456 1147 7043 3757 6413 1828 5239 1930 2128 2909 2855 4986 6590 7992 462 5612 6621 4335 8238 9968 2202 7002 4221 7406 799 659
2400 2681 6511 3657 8571 2869 660 4802 3495 8823 6411 103621 7909 2940 8686 6199 7395 573 1523 7411 7020 417 2883 1631 9476 147 1213 2093 453 5670 91 8864 1587 8918 8486 7296 1527 5153 6 7359 330 6389 2428 188 8832 7004 7124 1800 3911 4118 3685 760 4496 4981 2955 4842 3085 1807 1702 523 572 2255 1252 520 8963 9421 3933 7683 5500 4607 5022 4121 451 103168 3592 1266 1454 273 7177 1465 1948 2413 3660 7245 689 2401 205 3750 3441 2779 1135 9164 7690 8162 3313 1636 1928 5718 7086 7548 1571 26 9220 6586 9707 879 168 863 4711 3059 5031 8226 1226 26 7632 3115 1655 5467 109985 7724 2327 1439 1503 855 2105 8549 7914 8876 6985 954 5007 5585 771 2663 9792 296 7513 4555 4178 1723 1332 8138 1621 1307 568 374 6313 2281 1707 8366 4095 9556 632 2244
3166 108245 3438 5507 4215 5719 8046 6048 362 7532 3461 704 3146 1451 4534 5307 4319 9790 5069 9679 101563 2283 6207 7416 1552 1233 8949 511 6319 6086 9419 7425 4851 1646 5108 817 7824 6303 1968 5232 1414 6787 5489 6492 443 1373 5002 2023 1047 815 697 107081 8689 9548 7318 5656 8027 4121 2508 2712 4121 4810 9929 5294 7048 1178 481 3193 797 7114 9175 6051 6491 6558 6494 9299 8217 965 3324 6903 8723 106520 4016 5601 3279 7684 2182 143 4947 2139 9769 5472 2486 1111 2505 4707 6916 161 5021 8274 7174 9761 5802 1055 6753 6023 7140 862 6061 1786 104084 5460 3465 4591 1852 1262 3134 860 6487 9236 8193 7981 4676 3455 1772 9958 2132 7833 3375 6186 9681 5860 4675 8204 2626 7183 1728 325 9116 4308 1712 7749 3740 6517 2531 4221 6514 3176 1428 2828 560 144 8171
4776 3892 1022 9861 8671 2273 4615 6481 2815 3669 5448 5772 7059 2294 3608 8240 4415 9598 5229 7656 5118 617 9442 8775 8873 2413 8455 1626 763 7674 9545 891 2691 3409 2228 1079 5226 4425 3846 6354 5110 5520 8997 3850 525 7631 8356 8713 910 5089 7842 7295 5277 8758 1380 2351 2445 6675 5604 5336 8659 4668 8505 7960 632 1940 2521 6204 2719 1332 2092 5947 4104 6490 4324 9811 7924 564 1690 1171 2234 7582 4362 1548 265 8537 3857 9010 1407 7452 2822 8919 3930 6862 3095 1049 9005 293 7046 7995 1061 2073 9236 6578 636 1629 4475 2705 6462 1503 101026 6471 4010 93 5629 5014 1708 506 5108 104 9896 6689 5237 7949 809 5914 5468 7432 1419 6459 642 5659 3589 8673 8467 9632 444 9775 9428 6330 164 1653 485 5531 600 2197 4948 1511 812 5394 514 7048
6320 4586 2138 4452 1416 6422 5551 7212 5754 7759 5077 7622 3223 2259 755 3789 1838 8024 103319 936 2014 704 1338 7640 6170 6190 2550 1302 7746 264 2165 4092 591 7902 8044 4130 5759 4858 9352 557 1394 5304 743 8755 771 1368 8683 4402 9099 101729 7210 1521 739 216 1561 2151 9785 929 7291 3867 3958 7894 2068 6619 8589 8886 3331 209 661 5103 3423 1539 922 159 8801 378 6625 247 4307 108581 2475 5569 4631 1231 9565 852 3515 1246 3085 6294 8795 670 1551 161 6168 4541 465 809 6376 9592 835 5677 4861 3222 3964 8251 9034 1331 101833 1177 1300 4576 950 4178 501 5193 226 8989 4567 5479 910 7652 5311 6855 4983 6355 7560 3370 2340 736 4178 5631 4417 5275 9609 5342 3342 2693 5387 1366 7026 454 1109 7930 3316 1513 9437 519 651 2875 933
2697 6836 6932 2014 9550 6596 5940 1580 6987 1838 1218 6201 3661 823 1697 5852 2163 8921 8693 9803 9451 103493 7941 4030 9786 8796 7024 214 3536 2816 5396 3838 6347 1478 7085 6545 2331 1087 7484 2412 3798 2551 6904 6069 8236 125 153 3389 3550 3765 6946 2850 3770 102106 6446 2599 9658 8120 6719 6840 1486 4888 9619 3353 5479 3117 6552 703 5222 5504 2498 9249 6116 5111 2394 9871 4819 283 1560 7028 4965 2441 6405 4792 1724 8857 7882 5433 1585 3518 2094 9180 3592 9085 7710 4558 1972 2609 333 7680 5767 318 1598 2898 3549 3349 3311 2318 6394 6072 7641 425 4705 1023 2581 2822 7159 4857 7105 7228 3511 5958 1203 5096 1062 1045 4782 8614 5002 1242 4451 1436 6887 51 5577 9175 5770 2602 7376 587 2394 108461 8594 9477 3899 1549 2011 1059 103140 1876
843 3222 5140 2378 7593 1078 1553 5993 7818 2759 100417 4576 7650 9020 9020 9877 2635 7209 6353 2479 2260 1549 5929 9698 955 4463 6505 332 6718 3319 7484 5728 3230 6433 80 9521 8598 8846 1935 4273 1211 9244 289 4138 772 2711 9056 7325 75 9439 636 249 6660 700 2096 5455 6973 671 9317 2420 5287 7579 3381 5654 5813 5956 6467 1794 9810 8743 9993 1349 6760 3626 8898 8497 142 1717 329 7811 8146 1617 5089 8531 1367 4304 5207 6524 5232 103934 1957 6060 1790 1510 4313 478 2006 1432 3573 646 615 3577 1031 572 8138 315 6748 6654 347 6639 8161 9103 1735 40 9018 4836 1590 1714 6023 3280 7259 6163 5187 9310 9626 4176 7438 4143 2633 8579 734 9029 4186 3084 9570 4880 6424 1494 8247 1878 9760 6076 1550 1320 371 1547 9022 9251 169
4745 4518 1220 3687 2582 1526 3424 2147 9874 6366 1251 8696 895 118 327 6422 3929 1040 5095 107 7123 7867 1716 552 1716 4250 5240 5453 9058 5605 2297 9895 7677 9885 9264 859 108959 7397 1163 9267 4291 106688 448 296 2420 6726 4963 102544 6935 91 4394 2315 6011 2913 1375 3145 6015 924 8453 1326 6038 1030 1534 7352 3415 7765 7612 1456 8839 3754 1255 7455 2811 444 6575 7716 6040 1156 2099 499 5390 1657 1073 106351 7509 9055 5870 8987 54 8220 1976 6974 6493 1467 2186 149 7326 3013 9888 1102 4614 2684 2236 3138 514 8889 1288 5873 2422 6841 9629 7557 3975 516 4083 104624 8745 6495 8954 7783 4609 4770 6409 3252 7746 7611 4821 6918 1706 2468 2068 7292 9218 803 305 2066 1105 2497 1363 7098 5539 46 104186 6478 9833 7267 9194 6949
8464 6567 347 3029 7382 118 4703 1192 426 1294 438 7314 3012 3884 8015 2162 103365 8631 1472 5479 6288 955 4231 1125 2680 2634 6674 1047 4268 107885 7292 106087 4881 3441 1273 2012 3007 1328 468 3700 8479 1644 8774 2018 163 2532 1178 8025 6614 3984 2175 8410 6389 7631 6910 4026 6142 3764 1196 8840 8280 5868 9922 1133 596 8579 1691 7509 5811 9144 9662 3853 856 6158 3837 5502 703 4596 102893 1833 3533 7511 3127 9683 4202 7878 1534 3122 2605 6502 3362 5688 4262 5623 8212 1360 5986 1815 5835 6087 1514 7990 598 9374 893 2394 5603 7725 176 8244 6848 5177 7539 8226 9312 841 9446 3494 2592 6533 8219 5671 3050 1216 9838 9078 1177 3448 6434 8580 8367 2571 1069 7042 9476 9853 8631 745 8320 9671 2751 8092 1850 4290 2591 9674 6145
5524 465 1032 7996 858 3522 7230 6109 6071 4022 6305 7419 8716 1708 1602 992 8345 4051 4692 2080 7826 1261 9971 109435 1653 2291 740 4597 8347 426 9303 6084 4558 9140 7956 9705 9034 1289 7205 7123 3622 5528 4896 6192 5893 6585 1977 6918 280 5269 3013 385 4934 984 6129 669 1167 2357 9236 4135 2861 8858 1858 4783 3628 7670 947 337 4172 3145 7219 9412 2101 7227 3355 1873 2810 6384 3633 2552 9040 921 6059 4880 5761 7774 3641 5246 3340 667 308 4633 6288 9017 7681 7707 1145 3487 1435 394 9561 1257 1728 3335 6923 4455 4938 2886 5780 5273 7794 3040 3547 9673 4336 5014 3994 105993 6997 2358 7717 4640 8204 2611 8955 2575 7182 7984 3771 6488 1766 4429 2057 2801 788 9685 5600 3941 109350 9383 1914 2428 9588 3332 6510 8813
7562 4280 3498 9473 6283 9933 8705 3081 852 2476 1366 1746 6368 5781 266 2424 6266 3186 9763 9337 8983 3526 8365 4876 9973 27 9573 5874 8671 1581 1668 859 4675 2369 2776 892 1653 7403 665 2800 2629 990 3131 2060 9614 4 2111 9511 8481 4224 7119 4666 4802 1426 2010 613 2176 6908 684 1410 3067 9139 1010 2493 1057 248 7741 9012 1626 2935 4517 6460 9893 2799 9567 2356 5826 5523 9042 5662 8401 102993 3206 1435 6795 8689 1582 1430 6080 4464 120 8148 864 9934 323 7323 4078 2308 6176 2064 7554 1738 2204 9189 2686 4904 2333 2019 2275 4251 122 2948 5236 59 48 2837 3579 3819 386 4537 9947 5024 4625 5745 8519 1093 877 5883 7553 5294 106042 2665 8085 3916 3927 3044 8566 6657 3259 3744 1833 1300 9904 369 7409
8343 1540 9838 2139 2359 1054 9606 4027 500 1118 9936 9782 5714 6040 1175 8978 3838 9939 1206 3002 2149 6445 9776 6007 8066 1585 6307 4668 6054 3963 109390 2560 8653 8987 9488 6753 8590 8937 4931 551 7923 8392 7002 6774 1163 9133 4822 601 2156 5106 1391 2155 5084 9238 2529 9927 8722 1192 100725 2084 1097 4436 7330 9241 1381 5565 9379 5607 5528 3179 1274 8198 4983 2646 3765 4448 9081 7268 913 3886 9584 6192 4700 5455 107 1116 6912 102768 3338 600 9628 7145 3284 3411 9509 6292 342 4624 3181 8643 4925 3949 9090 9330 8950 257 363 5051 1539 1348 7695 3977 6113 5252 8694 1183 568 837 2691 5113 4515 2968 659 2355 976 7839 5407 3465 3401 6927 5112 4175 7269 2439 7460 1058 2217 3936 7475 4734 2115 534 5880 8002
8552 6215 4244 449 9628 2025 6565 5066 7202 4400 303 6442 5733 1856 8665 2496 1847 2336 4396 6113 7319 100864 695 9710 2296 2108 1862 4179 1423 5010 7572 6769 1597 416 9999 9966 8111 1025 4923 4411 1474 7338 5594 107574 8923 108927 5386 8801 3782 3660 4639 1203 3036 2465 100035 9758 1819 5069 827 2433 513 8750 4572 5838 7832 9368 3454 100974 6649 2437 1087 1380 9754 9931 1339 5679 2345 3540 299 9780 3502 8346 1691 3484 9420 1505 5344 8730 8537 4986 2218 8607 7471 3989 5607 7217 2193 3686 7113 5850 9073 188 2536 8957 5121 6670 8426 9054 9305 8438 8898 9282 6585 5715 247 900 4671 505 1719 109530 2555 9740 4428 7415 3585 6749 9101 6595 1967 4164 9560 9800 720 100926 3679 3806 240 7753 8288 1593 4609 4622 107001
5905 2029 2494 12 3155 1261 8545 1183 2582 1865 3546 4696 9168 7185 5775 4871 1642 9564 8999 9924 8097 8430 5093 1386 9039 5663 9716 5668 1722 4570 2419 3960 6394 1187 5588 9537 3857 7629 192 9921 1990 6811 797 8038 1474 9797 1906 5196 4783 5278 5497 644 4382 7779 9686 9460 2520 1526 9272 5854 1767 101468 2110 2213 5014 531 3772 7918 3910 3721 1038 3812 1074 5625 524 14 309 1687 1470 6516 3819 4526 6674 240 9590 311 4428 322 8562 8621 3309 215 4122 9087 6071 4970 6940 8885 463 4795 9818 983 6004 128 5139 3355 101936 9497 7250 2925 1821 4968 6837 2307 1881 9473 5792 4609 5597 1630 5155 7323 7818 662 1242 2714 9397 8527 4867 2961 2021 3121 917 9600 9962 4141 399 1240 6112 1438 8399 1248
8565 847 68 1511 647 717 9590 2459 4961 5199 5044 8665 8968 6883 1182 838 3745 9946 9637 1822 1141 9159 9375 5724 4343 6980 592 7337 8773 1334 997 4199 1102 106913 34 2912 9908 4127 8719 9915 849 2541 4654 496 7566 4647 4832 6219 6258 2149 6841 9654 696 6949 193 7010 8836 5004 364 2054 3047 2455 2348 9756 5393 4551 1398 4103 1239 3164 8211 6234 2613 6561 2391 4085 9061 264 1447 5889 7873 519 101286 8527 6501 6612 3969 5387 9689 5965 6349 1991 2237 1387 5357 165 7349 376 808 3332 3624 1838 1465 480 2324 8162 345 291 6308 8897 4811 7312 549 137 1462 98 7941 1579 6905 8752 5868 80 4393 5027 8752 3562 5758 9179 2212 5164 106895 1199 7920 7468 4715 9380 1383 1336 8123 2321 9572
7943 9844 4992 39 7474 608 3910 111 3058 2495 967 5672 1724 4026 2468 5175 9418 2121 6518 707 6619 9205 6192 2391 3455 101488 9472 9445 843 708 4038 989 884 1530 9400 7582 8698 2876 1861 7212 1106 9837 5704 115 2201 2295 7968 1499 5477 5844 6174 124 9374 2033 6382 5476 8206 9217 490 7191 7300 6142 1659 102 4511 4917 9745 8211 2441 4402 3733 3620 8018 6393 4301 9542 9743 4392 7536 4051 8803 1161 5339 3239 2220 8892 499 7488 6209 9860 9211 6324 3787 107840 984 6632 1697 8957 6739 5214 3192 3306 4431 8350 4938 4157 5132 9784 2279 260 107836 408 7002 671 8244 6620 1950 1436 4085 3378 2496 3746 2843 9573 5846 6738 1237 2170 4784 4362 2598 8438 670 1389 5675 7826 9091 6256 5311 4930
1896 3525 2348 1714 996 4269 2322 7858 8443 4378 6108 8275 948 1267 2865 7922 4879 7452 103993 2949 3270 2981 8274 3220 4292 2433 5377 346 9940 8650 3452 8395 379 5330 2439 6520 552 7453 6509 2801 9579 574 5122 9179 7684 5648 2263 1682 7517 1046 7646 5376 1659 3956 686 8687 2096 101135 8265 4379 8565 1826 1372 9084 6439 4963 134 9091 4911 1318 4013 1090 4630 7633 4798 3265 4904 1247 102755 8350 4553 6104 6778 500 2229 7568 8259 4992 4588 2479 4186 3040 8287 2946 5158 4156 5716 6465 1505 4490 7696 7024 1242 3389 2565 1305 1159 9581 889 6953 9262 285 3705 2122 2790 8473 1646 1394 3689 542 1968 9594 877 6847 6808 3697 2404 100 8010 7554 6048 9030 4771 1331 8875 1385 9279 399 3654
7353 1694 23 9280 2568 5159 5044 2202 7926 3278 8609 5640 7538 291 358 8426 5424 1307 1367 9436 8892 5586 703 2843 2590 3616 3831 3561 5023 7596 1868 5779 4906 3919 544 5201 4070 7723 8335 2189 3827 7643 5220 1512 9203 9148 6333 4809 4108 573 8845 5783 3531 2099 9296 8858 7995 3952 9716 6220 8038 4501 1879 4454 3515 3013 5899 1992 1920 5436 3601 9513 8554 4735 69 7440 7019 3990 101062 7586 7339 3944 6313 8013 5274 6437 1470 644 2708 7114 1475 972 2423 9441 1351 3414 9089 2199 146 7823 7038 962 9971 6052 4656 8930 7595 1066 3487 7190 7304 4972 6964 8531 5092 1430 4704 3345 1807 946 8834 9447 2730 8977 1193 3256 9350 7053 2183 5245 6332 2364 1367 2197 254 8807 9328 6842
5069 4300 7673 6358 1501 2000 2240 7526 6566 7305 5126 5566 1341 1020 3117 605 4402 7362 3925 2019 5227 2113 5219 2000 8641 8488 5107 1198 936 9898 8864 1169 9829 2255 101361 7726 2076 7127 9830 1898 2184 1184 3635 7236 3086 8314 5244 1862 3012 1993 5683 3192 9245 7691 3565 2854 6856 1643 2251 6948 1563 6565 5272 5150 346 1546 2894 2756 3901 108390 8271 4230 4528 7345 1120 2188 6508 2627 1240 1194 678 236 2554 1170 8118 6307 4462 1514 8059 4940 7815 5359 1518 8399 9665 8106 6852 7527 1641 8770 3832 6184 3506 9346 712 6037 3957 5645 7518 8881 7304 8191 2354 5428 1650 7270 6077 1760 2558 9457 4929 8533 2302 9271 3240 2881 3331 9900 6251 7052 2458 3855 5173 4324 6120 8151 1750
9012 5081 831 4011 1578 9813 5759 286 713 3877 5278 8266 6812 9908 4245 8515 108540 5545 8453 2851 2612 9429 8172 9975 8482 9528 4724 444 3441 9640 4860 7652 9525 2917 9595 333 5879 1478 1810 7860 4130 1160 100369 9045 8269 441 6749 1623 2586 2864 2369 2918 7005 1295 9410 2288 3377 2523 5015 3077 9288 1164 1465 7864 2338 102448 712 7275 2064 3492 5870 1290 6297 918 7416 1991 828 8261 8385 6502 7031 602 7409 5225 1671 6907 7879 8591 337 9372 834 9560 108273 6265 1575 103596 2641 1379 8190 381 7229 615 2477 4090 1028 4357 5449 2662 4305 6574 1114 1624 6970 8895 1359 772 1801 8878 1154 1578 3930 4563 9677 1757 3620 9625 8269 4423 8203 109509 1893 1643 1893 3318 9478 907
876 9245 8734 299 3635 4303 2975 4902 1773 3368 2 9775 2170 4467 123 6778 227 839 1503 6285 1976 564 9011 5521 4456 9359 9686 1197 6161 1178 802 917 5433 6071 159 6126 8876 2238 9785 6006 1238 1741 2211 8898 979 1104 8987 5320 8501 4737 432 6206 4039 8577 737 6594 6640 4472 824 5003 8025 1178 5384 7200 4722 1883 2306 5048 5202 276 670 2977 7742 6149 7624 6789 3244 8093 6953 6698 7832 1049 7512 3801 6695 569 7536 1250 426 4953 8724 4397 7829 479 1008 7364 3041 9216 4689 3951 7374 4024 840 6688 4093 6361 4507 5777 7405 2147 2077 2170 7732 2822 720 100567 881 9780 2967 3161 1296 6394 2032 2700 1037 5344 6002 153 6188 7167 9284 8941 808 962 511
3610 1835 2097 820 172 8718 154 5728 6894 7521 9664 7727 1678 957 7929 6671 3295 2392 946 791 2446 108233 4982 9239 8839 5932 319 6689 2568 3272 5980 1513 7510 9551 6867 4218 735 7558 5337 7049 6096 4182 9440 365 2600 866 3072 4367 3756 9435 714 4734 5388 7888 472 100134 5062 5545 2585 9970 9370 421 5836 688 526 9027 7978 6517 7443 7726 6633 8496 5063 4509 1038 2931 1404 2442 3443 2319 9480 5808 5433 7759 2495 5291 303 9720 8831 9803 7828 9119 2026 1961 7466 5419 393 103549 8220 6461 9486 4303 4849 8606 219 1260 4369 1112 3681 7099 4679 1799 2700 4705 9256 6225 8413 106386 4835 8499 4680 6681 9241 1054 6272 9322 2447 1939 2143 678 6946 9723 2506 1326
2666 922 9747 3164 370 7524 4241 4142 4294 5696 6782 2516 8430 652 9776 2237 4603 5825 2746 1196 5504 6857 5987 2449 6995 7023 9176 8405 1763 1670 4125 4118 5707 5068 8505 3220 8232 4479 4339 763 7208 4673 2392 4370 1924 5720 9663 3491 320 4362 4302 1565 4624 7303 7037 1942 4733 7991 2187 4532 1304 4598 5649 4190 4237 6748 5876 5934 6476 6754 4447 3738 2981 5474 5792 5203 802 8574 5905 4222 6265 7316 2378 5810 4561 2865 4501 1824 6693 9939 3011 7289 2456 104963 365 9869 7624 6675 6844 1776 3573 104980 8717 4962 4116 9852 8848 4847 3311 518 4480 2548 5199 8441 1144 9619 9837 8174 7139 4633 5781 9580 3541 1950 1436 1686 8008 7372 947 1640 9226 9955 4556
5022 6053 6989 9453 5638 3486 5710 2563 9782 8883 7246 6217 2033 4831 5722 8761 4790 8463 9095 5074 1401 8506 9753 4411 2311 7532 5267 8391 1748 9204 101183 8249 6903 1807 9185 777 6744 7236 3399 8856 4296 6290 4980 4128 4002 6038 5581 5136 1201 5666 6291 2295 7667 5466 675 6878 2380 7104 10 4315 104877 259 4908 8963 343 7779 8807 1744 2091 457 2259 1811 8915 325 9230 76 2502 4663 6629 3784 5592 690 9653 7034 9488 7581 8963 9821 6063 104108 3176 2184 4990 8703 4850 4803 9222 7754 999 649 6677 9109 907 2079 2656 2132 1363 5380 1764 6201 570 8857 306 3624 7733 1827 5755 844 2067 783 7223 2376 8695 1173 9356 1985 7928 2128 7117 9194 488 8733
1585 6447 6692 1330 1462 999 636 8769 6565 8980 7844 1692 107383 2076 6970 8315 1433 1309 4473 2796 9420 2188 2845 2331 257 4847 2567 3859 1763 1548 7124 9107 132 4097 169 6724 3741 966 1425 842 4992 9696 7627 8489 5792 7335 6157 8314 2036 3402 3870 105454 375 5809 2563 5810 1588 4867 1464 8403 592 6249 1409 6756 4488 9282 8929 9214 9293 9753 2154 5144 1213 2341 5062 5399 108660 2671 6439 1047 851 4377 2218 1066 7503 1949 4369 7473 2253 5219 512 5193 733 2871 664 6840 132 3754 9299 6312 383 9832 207 1554 4404 3739 2335 5135 1579 7806 9613 4843 2782 1556 213 1275 9613 4073 2670 2288 5 4681 9882 7453 7937 8512 97 4694 3089 5938 6344
5481 3434 4588 7016 5665 2590 1850 7596 1432 1534 1674 4298 100973 4973 107857 4518 439 743 1021 1460 937 4834 9323 5709 9430 3188 3946 2803 1990 7157 3248 1096 6282 9030 4923 7436 9404 8802 9162 7734 9051 5204 6893 2533 5350 3417 9034 3302 5014 9096 4690 921 4897 8351 6355 5632 3628 4399 1935 4232 3345 107754 7005 8859 3762 2988 9887 372 412 4921 9299 1140 8239 1733 830 3173 8525 4650 3670 1774 4177 7029 5118 2518 4131 9937 280 1564 6345 873 8918 2182 5247 2536 8593 6440 1226 9747 3278 920 2665 601 3182 4944 8573 6122 7300 5731 2923 5750 8717 36 5360 9367 1563 8371 468 2290 1202 5849 2130 4378 6087 9574 7127 5238 2229 1081 8537 6211
882 992 105850 1581 7329 5008 2349 8602 9337 2071 3912 4343 5655 3536 8090 9559 799 8488 3151 8649 2057 7871 9330 842 5546 9984 1986 5676 4959 2596 1048 6213 3857 7619 5992 1370 3862 1469 1190 9101 3652 3641 8731 9668 7100 5388 9080 9053 4980 2460 522 8335 1381 2981 104543 5890 6918 1036 4071 1442 2201 1234 671 7744 9189 8491 2058 6794 4963 4895 9441 3403 1709 8081 2029 438 8500 5742 9905 687 6545 2232 6637 8443 542 8036 5393 9305 741 6545 8431 673 1129 5979 341 8492 6469 8110 7657 3523 8418 8430 773 8061 1420 9846 5861 4212 2599 720 9326 101463 8846 5941 4658 2149 8204 1397 3297 568 6767 7144 8594 352 8361 2854 2946 306 2809
1637 8268 9472 2073 2881 8811 8250 9913 5745 1388 1862 509 7944 966 3612 4450 3000 7918 405 6935 1854 7927 8854 6730 1354 4423 5239 2272 3853 9008 265 101768 6584 9548 8630 4914 6098 2042 6075 5228 3242 8249 7572 6174 3774 5634 759 7911 9020 1628 3012 6599 3543 2746 1963 8815 45 1495 638 9605 6934 6228 4073 3356 5583 1793 1071 3220 1895 6139 6103 5694 2153 6885 7767 6370 6076 6234 3455 7460 888 8401 2009 9893 5498 6706 159 7654 1977 8953 5166 4402 7098 1641 4362 2332 6385 9938 1875 3335 5593 6101 7062 7781 7414 6215 3254 3474 8681 1157 4716 6081 7219 1032 1052 5111 3789 5321 6171 102631 1032 1654 3518 4606 5313 4997 108997 1600
9095 9096 4968 5507 4016 7953 1840 5482 6312 1496 2617 9924 6924 9820 6182 439 5142 1415 1574 614 3226 2356 8582 4043 672 1861 935 5457 8514 8144 7233 1585 1705 3482 2056 4511 7188 3207 8558 3702 4025 3696 2217 100994 414 2662 4726 6412 5209 1622 8318 5899 7351 2606 3976 6936 2251 5407 7664 2259 679 5651 2487 6389 1791 257 8154 725 2172 9934 3959 9327 847 2886 4493 322 9191 6684 1379 9097 3092 8366 6572 7756 1212 4653 330 40 2239 6603 5569 8684 8982 3110 3405 2101 353 1220 4359 100125 2001 1695 104483 8463 9427 6547 7965 4382 334 8837 1334 38 4047 2999 4937 3043 5827 2569 9779 1297 9460 1634 7058 4004 2104 2672 29
8489 5207 4508 6773 1517 8443 1377 9035 892 4764 6798 6162 4172 6893 5402 5013 9996 3985 9816 8092 2519 9251 6987 2459 7869 3396 1324 2316 2019 5765 1977 2095 4538 2056 9504 7582 3774 4770 1821 7910 3920 2516 3168 5923 7366 6186 3683 1466 1713 8403 9450 102957 8703 7203 4027 1595 8899 341 1136 4838 434 581 9691 6265 3982 8957 1929 2282 4136 5758 5194 8332 226 7921 2593 2936 3395 8734 6471 9437 4382 7918 2708 837 8021 7980 3600 1178 4442 17 6711 6969 4247 2512 1036 3365 4239 1854 2143 6912 9908 2150 1921 9990 5545 4109 9415 7898 105595 9329 3118 132 876 3799 5039 2507 1424 3078 2179 1056 2076 3422 8328 523 4059 5181
3956 3915 6403 1811 6217 824 3992 6196 3450 3962 991 6558 4317 4815 9062 1499 1233 617 1586 4137 2066 5895 1000 2729 3419 9078 7520 3285 8140 4470 535 9253 5724 897 101860 2243 3792 3914 9357 1646 2252 1027 7963 1404 6457 3778 2796 276 6680 1492 5047 7675 1286 5633 8901 5900 5841 8947 4014 845 1242 7250 9937 1360 9099 385 7369 1688 7451 9391 7340 5453 9056 8886 3237 8833 1332 5416 5861 3891 1883 907 7317 5508 7603 738 7343 1369 685 2367 108478 106304 1835 8917 4131 9638 635 1987 7209 1032 7187 1006 9339 4377 1149 4941 3877 2451 4613 8139 7385 7617 4752 3320 5363 1085 560 2465 6910 2806 2982 6898 9816 3908 4295
101769 7811 959 2369 3933 9342 9052 4863 8591 2356 2841 1308 751 627 5452 2149 6434 2096 2694 109762 106274 905 2974 7110 3687 108250 3692 1556 8101 7844 5794 7637 102486 2971 930 2903 8617 6479 9644 2520 9754 686 7846 8868 2037 7911 1682 3355 8101 3090 9098 9639 2546 2111 3167 8844 2283 380 6242 5184 2927 9898 1986 5517 7218 5506 6664 4629 894 9476 1824 8534 5416 9761 4057 105886 9749 442 1805 6128 1485 7991 1077 5367 9071 829 4935 1995 4981 2378 5874 274 5256 6994 2092 1769 3735 108608 4009 9890 5317 9477 4191 2528 2577 7844 5944 3745 6233 8306 9911 236 8241 2792 8846 1723 6945 6427 4976 5738 749 621 7811 7649
8665 6597 6376 2094 348 5533 317 3127 5060 3002 6002 4927 6011 497 1180 2086 3529 6344 106903 107318 570 6315 1359 7275 102496 9185 5104 8354 172 926 7708 100230 3657 921 1917 6839 3146 7904 1676 4268 8534 9627 8865 1866 1040 1647 6172 6037 7836 1381 4340 9190 1214 2986 1838 3310 677 1367 3952 2763 4377 2563 5494 9192 4897 8632 9220 9290 7064 2947 141 1496 8304 4304 106740 1354 1831 5286 4370 53 7818 1151 599 5077 1767 59 6708 445 8903 1685 3576 4828 2268 7014 9833 3968 109511 9304 5605 9071 9278 5182 4810 2323 1100 9506 1475 1574 329 6542 2420 6847 763 8144 248 3307 6061 2088 9432 7552 8751 5299 5615
2285 6062 4749 892 5014 6021 35 1816 1519 1348 7495 5209 9751 3345 8615 38 7047 9020 5071 5707 4618 1960 8526 1903 5151 9542 1991 9444 1757 4259 4890 9599 4744 6822 146 4809 9345 2643 4367 2645 1074 7075 2839 675 5033 1159 9768 8980 772 9242 6130 9423 895 5319 451 7603 6522 5436 1058 2142 1215 861 1280 7406 7522 7852 2108 9222 9466 4519 2294 3539 2351 9106 2534 3743 5988 7591 7550 8278 2086 4571 573 3656 8693 4451 5750 3438 5204 278 2336 9967 636 100917 47 6037 2278 1304 675 3276 8904 9259 255 7835 9070 5098 2428 5687 8685 7080 5759 4724 3269 198 104857 1069 2053 2657 1006 1686 9156 1149
2777 8559 7453 2017 445 4844 3609 7107 3182 2083 4980 326 2209 8454 665 4321 9506 2049 223 6530 1877 100230 2936 109091 2735 4759 8807 7403 9253 1444 978 8440 109397 7830 1193 7611 6484 6603 5222 4037 5335 5027 3269 9185 7494 100665 2902 1057 814 7111 8720 9774 8135 131 8184 7530 3557 4862 7810 5848 7202 9696 5143 5855 2044 6428 8569 6379 3082 5369 6531 8644 2901 7459 372 5923 5733 5935 7261 5666 1770 1119 3320 2035 444 1045 2444 2340 2277 7482 3407 9313 6317 8545 1835 7642 630 101736 8388 1159 9913 4159 520 8026 7248 6237 9448 8628 7462 4239 1559 106282 2316 5825 4192 6537 6702 8546 6557 3656 109445
7459 6501 8813 1742 2449 7573 8594 3435 9875 4947 4489 328 7270 8655 2590 2576 4183 6378 8476 5201 4512 6555 7123 6302 7255 5296 5129 1252 9491 1538 2158 143 8369 9021 9524 605 982 1822 109582 1571 8469 6333 296 9663 5187 5965 6056 3150 1162 3602 7412 7918 2507 4882 2948 2103 1863 3311 9353 107654 1392 276 7375 586 827 8382 9086 6482 1609 381 2023 8982 3878 6123 7741 2470 5217 5964 8225 1600 3006 1815 6003 3798 1864 6580 1830 3694 8683 4246 4916 8684 2417 3067 1073 7053 5882 8561 6532 2165 1378 7531 643 9676 3966 7221 7375 6981 2551 8500 1136 3391 1514 2738 1746 239 8575 9096 2384 3421
1641 2364 2751 798 4781 7614 3871 1426 1622 4558 589 9663 760 3888 716 8798 2564 8018 6678 644 7500 3597 8446 4052 9992 109114 7367 1090 3751 1751 9306 3691 4474 2954 9652 7972 4125 3494 9694 1184 9335 6860 9682 7430 1509 243 5290 6018 107778 7930 5594 8427 2729 5918 8817 7477 8782 7480 4220 4952 6394 6808 2301 6976 9653 9560 410 2326 2905 458 4712 8335 4581 9747 6393 100372 1567 2028 101796 2146 910 7399 5460 7906 8790 4767 2531 4859 5893 2627 6121 8567 5086 2868 9919 1348 2852 2285 3977 732 4233 5667 2244 8791 1655 1292 236 911 8463 2085 7138 5284 100305 7887 7307 9713 8587 2393 9340
5759 9141 372 1044 3432 6300 4243 1259 6015 9549 3953 698 9278 3573 2616 5083 2992 3590 591 7651 9616 4845 7891 7068 1906 3042 7418 1864 5393 7376 7380 610 2568 9541 7554 1127 260 1628 104348 3190 9177 2889 6717 612 7733 1509 514 2099 2514 4923 9459 7540 1808 1249 1569 650 8546 9403 3969 1249 5704 3836 8487 101023 4973 2383 2039 6506 3442 7782 4007 4202 5706 8592 8217 8992 7847 3744 3208 1015 8997 8923 9041 7433 6486 7795 5413 1957 4574 3938 7611 7280 623 696 1883 7498 9336 8921 2712 5939 2121 1057 1453 2254 5003 2810 9884 9732 590 8335 6419 1788 4146 4833 8737 7321 4633 2490
823 106677 7725 2704 1137 4237 9343 1341 8375 1340 1008 1916 9487 2348 9123 8406 9558 2458 7602 3198 4175 890 7840 3994 507 460 8031 8932 8970 4125 6451 8463 4912 5504 5799 4957 1131 5022 270 4272 6180 3324 6477 5632 3300 6653 9255 9133 101369 6631 8568 1686 1802 1290 1767 6249 1543 6382 3557 699 1188 4460 8587 1194 8359 5216 6660 9761 7968 7773 2726 348 2617 8610 5063 301 6110 8396 8237 7662 6271 8204 1334 632 7268 2842 5449 8515 1936 9450 3693 3887 5096 3566 4137 1283 326 364 9308 6612 7513 9250 9086 5544 3487 7367 8918 4890 902 6819 2077 769 9360 3921 4930 4973 3333
2692 8416 2098 1501 5641 9773 8216 9726 1916 8181 7217 6306 4349 7271 9277 2189 8675 4333 955 8158 305 258 5409 1684 857 4927 3117 7603 8303 1222 4541 6550 9375 7715 652 231 8706 3199 7678 4061 6908 5015 9838 1974 8345 7981 261 9909 2202 973 30 6173 9755 5203 8296 3487 8071 2923 4492 5376 6413 6600 1743 1727 6660 8538 186 2757 2941 8202 9464 6414 7337 2615 9568 407 4075 3398 804 5145 5678 725 6873 21 282 8865 9800 9599 6787 4185 4260 8928 2163 4130 2189 7463 9706 828 4596 2816 1491 1845 5040 584 4456 8173 3024 9328 9336 1082 882 7856 6344 8989 5172 5757
2536 260 3833 7101 8423 7745 2446 1915 4474 4171 2989 615 601 979 130 2624 5274 2330 4604 1396 3683 3633 870 8327 2474 6961 4743 4562 1135 381 6502 2382 476 8468 4114 6865 2395 155 1426 936 1113 7147 9992 9062 3898 1830 100923 7964 8525 2384 9861 3002 129 4620 4426 7172 5144 1492 2602 4504 3915 1501 2025 9071 1374 2634 333 2482 2278 8880 5927 8928 392 1850 5014 4477 2771 3741 696 7565 3249 335 8483 9505 3066 3204 7363 3040 9546 9033 3412 9018 8244 2629 787 1337 4743 5804 3680 4105 3040 598 8567 1770 5631 7136 9679 9556 2862 2449 3825 4794 3072 111 9645
1569 1463 3442 8474 4979 1193 5706 398 9391 1843 8797 9725 4868 7246 20 8548 5678 4881 6742 7080 1679 1767 229 6042 9714 2275 1208 4270 428 6625 8472 4029 883 1215 5839 1672 9444 6140 4301 9981 6240 9359 8717 2591 5527 7787 3992 6369 3864 2162 9657 1555 2118 8743 5649 432 2463 2201 6955 6647 7114 5853 2242 8281 159 7914 2881 103218 300 3755 9372 5628 5668 5137 7550 9328 8282 1351 962 4543 4655 634 6437 4432 107352 8120 9052 7914 804 4600 8610 2388 7677 6011 9381 3322 7596 5777 7970 35 6050 6719 3837 6770 7572 447 2438 1162 8278 697 9769 4741 9532 6817
5092 1574 7357 929 7854 9517 1529 2824 1542 812 6812 5667 2377 3272 723 4251 2025 5858 9839 8255 3450 1574 104 3491 2510 5507 2531 107433 4852 9068 999 320 1149 2895 1212 2586 6143 548 4149 9922 7565 1896 9392 1165 2087 9291 2556 6944 9645 7846 4986 2131 2330 6945 7975 6629 105039 9364 1001 944 6253 9436 2583 5981 8279 1729 942 747 2536 7814 7505 7565 3249 2432 2161 2162 2197 5738 9902 7161 1880 7208 3916 963 9125 1291 1385 1915 7583 9317 2750 1156 8539 957 7141 5571 444 8229 442 1917 1247 1322 1460 8193 8840 4332 9270 9929 9228 4015 5057 9597 1761
8576 1997 5144 851 7292 1560 1103 5848 8142 4253 4080 7414 3015 4712 2247 9747 5971 8249 3143 2093 8121 1367 103 3804 163 2280 2442 2533 5952 9646 4180 8768 8934 106468 2842 7356 827 3513 4569 289 2662 2156 9033 1414 962 4665 1635 276 8115 306 2017 2187 5691 9138 6822 4052 2079 158 2062 9830 422 781 2230 4365 386 1978 1071 1320 6514 519 3455 577 3126 4979 3113 109139 8885 7391 6286 871 172 2734 2212 2543 8552 2172 502 7479 118 3745 6156 3369 5032 3829 1996 103696 4619 582 7393 1023 6007 2407 1995 66 6599 8652 6727 4789 2377 1539 5681 5748
8312 757 9639 1475 109960 4430 1295 8431 6673 8520 108172 6532 592 6255 4189 1121 3978 3441 9911 7577 4163 8964 2420 1323 799 972 6364 8164 1302 6781 3459 6643 8285 7006 7362 4590 1906 5359 5210 467 6488 2908 2103 1 484 2706 100914 5752 5927 7426 41 2158 7342 4836 5587 8900 5798 5453 3518 3592 1492 6580 2956 4508 3732 4290 7918 1399 2351 8200 3487 3595 4963 4437 8020 8359 222 7159 101201 4845 7514 8514 9744 4310 640 1855 7583 3797 4022 9175 8535 2074 1978 9889 7204 6744 644 56 2690 1480 6295 9984 1524 2575 9849 100810 1003 5182 3428 1846 2085
3177 3675 88 9827 874 3424 6719 5888 3462 5781 4930 9535 9136 1602 4987 628 4429 135 856 838 107240 4706 464 1651 311 8483 4372 2212 7950 1390 2790 915 9202 4465 5709 571 9824 1031 3305 7678 95 6508 4613 716 3140 2402 107 7347 3396 3971 8956 370 1151 7288 8719 5891 7227 1625 2106 6120 1439 4134 4271 5813 7825 2294 5273 9406 6434 4765 4823 7058 4040 3987 3064 4056 812 3459 8344 1177 5926 7970 5722 7071 104053 2481 2086 428 7427 2387 1173 510 1561 1491 1595 3522 8703 7456 4387 6006 1574 2970 5505 2291 3162 1122 6996 379 8946 1517
7211 2863 745 8602 2698 4500 9618 228 3389 8375 7000 697 5068 8175 1524 6492 8319 6018 5170 2600 532 586 108950 2726 5071 6873 9003 8705 7761 2747 2700 5896 1852 4540 1335 7459 3301 602 1582 4746 7547 5307 5712 9907 5768 754 7368 906 4566 6670 2548 8261 5827 7747 7865 4313 9800 157 5092 7111 1350 8610 1764 9115 1826 808 9318 1255 1123 24 2049 683 2201 5425 5316 2952 1584 431 3501 5237 1477 5773 7068 1793 2569 8792 7686 2282 4228 6726 1406 4606 9468 4888 4193 9663 4325 3196 3840 9052 1627 4566 420 9727 106014 8159 4013 6193 1005
2702 1627 7028 2919 3319 5249 3970 2157 9409 3383 2690 6684 8093 104367 4572 7386 115 6410 3069 3727 7391 492 5036 3222 5500 7229 9533 1443 4335 1985 7270 9927 3608 1819 4257 4850 6228 1757 5154 8936 295 2755 7561 8216 9928 2385 2745 3321 605 2137 826 3733 1545 8546 8509 651 8483 7541 6495 9199 7241 3098 15 6117 9732 4211 1938 5950 8349 6007 3591 9122 5457 9202 423 1967 7601 314 9983 128 5981 7925 8705 6306 5202 109258 1128 8835 8642 7557 1275 3787 4323 3199 5075 4752 3738 7309 1056 5924 7689 1095 9881 9106 7751 6188 6307 3802
7871 2228 2261 8072 9180 5926 137 1660 371 5868 7972 101 2721 3539 506 735 7191 1815 988 8415 6067 9679 4099 3804 4721 9333 2514 1617 2273 9 3447 6144 5499 1414 3442 6521 913 1124 3897 6571 451 2528 8171 4186 8009 4585 5091 6594 109916 5996 6944 1563 6006 9955 9523 8573 4076 7785 6792 630 2968 5329 9881 6906 1100 4839 9743 554 3508 4103 9194 536 1307 910 8739 2698 9569 5390 6368 637 3499 933 3416 4363 7851 5135 56 8544 7314 4427 1445 8154 4323 6876 1314 7791 100522 4225 6964 7124 1533 8279 3972 5147 194 8062 4581
4652 8545 713 5480 6999 100331 6570 7068 552 1979 5053 4393 7516 5691 6451 319 7444 1371 2210 3258 4296 1006 7739 1561 5054 5637 7133 447 4715 9600 4088 2953 3704 6625 916 6770 2537 8036 2067 6916 4042 109309 2372 5503 3082 4624 5801 1311 861 2454 4492 4424 4637 2255 7229 5109 3345 7011 9743 9571 4576 3405 7236 6231 919 1578 4726 6087 2362 5630 7496 1559 1688 104073 9820 2322 3858 6456 5334 8508 5405 6462 9712 566 9125 8133 2063 1538 8404 5695 8022 8263 6628 2418 506 1911 4769 6180 2631 783 108147 9058 7681 7486 6682 3815
1260 2522 6715 3228 9888 2816 5483 1131 3927 7866 8025 9432 2521 2662 8512 3970 9483 484 8252 9910 579 7072 8366 2053 9023 6945 9819 6727 9430 9073 5162 3856 7854 8047 5085 6674 3520 5793 2911 9203 1562 9549 928 3873 867 4346 2125 2963 4468 626 7859 7777 3349 4987 9460 8599 8358 9399 1099 1206 7695 280 2365 8363 3593 6808 7890 7156 6735 1352 6914 6736 9871 2039 2915 1639 5814 4182 6802 4346 3387 7353 415 3148 6698 208 3214 8529 5156 1703 6731 9222 2180 2955 3710 6513 838 5454 5071 7498 9251 5757 5820 3098 3408
108800 5625 1538 5288 8273 103047 336 5014 3601 3608 7310 2184 103479 9426 636 5073 8922 4178 9967 1806 4066 4787 3561 2011 4905 367 218 6 3160 900 3735 628 9263 3419 4843 6434 8917 3237 9228 8191 5505 4455 8479 6121 2360 5304 1486 8293 4856 3001 4025 4707 164 7524 8075 105137 2049 8535 1998 1614 2832 8067 6337 1746 1598 7216 9753 2845 7992 2692 9862 7357 7939 5460 1800 5732 9530 105466 8193 3368 4809 5479 7213 9933 1226 4026 9167 5536 5278 2594 6445 6981 3631 5105 2976 884 2707 1729 1397 95 2499 299 8855 4248
2813 150 6576 224 101095 3629 6717 1683 2821 453 3970 101282 1276 9341 9262 9664 1720 6582 4096 1618 2299 7205 7962 9457 3767 4390 1829 210 1790 659 8902 4504 5240 8614 111 791 4437 9228 8025 220 1667 2250 1200 4540 7762 2084 8559 4042 7238 1099 5182 1325 6237 2503 101689 4481 1922 1958 7267 1660 5873 244 8779 1060 1835 3659 2798 9536 3132 8028 1933 3260 5628 4527 2736 3633 100483 3816 3338 788 1969 9467 4095 8350 4125 2704 7860 5804 5819 3914 6390 2135 4339 2933 2270 6918 720 1886 259 3315 342 8744 3265
6220 4952 892 3801 7243 1593 736 3192 9320 6481 1563 2156 8621 3602 5224 724 3338 76 6297 4807 4074 1901 14 9240 6213 5981 6455 7817 5432 1578 4726 5694 1810 4159 104280 7619 6033 8362 9221 1024 188 1150 5525 3147 7282 6358 2118 7839 899 9115 8940 9517 8061 3928 7416 96 3146 5979 6013 2181 8407 5775 1198 666 1112 3736 3115 6038 8811 3183 4750 1978 4010 2319 513 2247 4229 4735 4547 80 1295 2257 1627 7216 9431 2602 2939 8559 1979 2274 7464 6993 8440 3150 6329 5712 2501 5677 5151 603 4672 9104
212 5583 1465 2302 2247 1557 3038 3430 9382 3324 1238 8630 6237 7065 9970 7995 7326 8891 5345 6234 4273 8356 3715 2879 7391 3365 2721 3476 8089 107017 858 3221 1439 9142 4369 449 9165 8415 3733 2259 2600 5069 273 6097 138 9614 677 2533 426 1439 5940 9659 928 3766 7169 8186 9063 547 101347 6598 6196 3449 9360 6053 7830 7735 9065 6545 3502 6012 1090 6157 7585 586 2470 1260 4491 5114 4536 2062 2263 7088 2061 5852 172 416 7112 2950 6202 881 8021 6011 7526 4994 8618 4937 4497 5290 3035 182 1280
2772 798 5182 5128 8459 8574 6685 5944 7970 5443 3711 268 4504 7602 9622 3006 7961 2145 3405 2767 5144 750 1419 2855 8140 6289 633 8426 6280 3822 1383 4012 4048 527 8972 100661 7817 3858 9213 472 2288 2047 800 6513 1198 3757 7281 6989 1914 9013 8133 8431 3583 374 6797 5056 1839 6475 3485 6774 184 1802 7214 2537 6583 2703 592 107026 1099 6424 4420 4004 9099 3906 6233 2175 9690 7316 1109 7938 5785 4746 6375 9202 830 5029 6555 6953 1972 2497 8957 5808 867 2951 107937 7647 2353 2356 2690 1700
1289 102746 9386 4563 9131 869 8034 4142 1349 3441 107658 5461 4480 1754 9723 8495 989 1219 4907 697 8578 9659 7633 104734 7200 3309 857 2232 9191 344 266 4038 4684 2127 1622 5662 4505 929 6578 1173 8085 4586 3911 1885 9831 2731 9353 2670 2549 3817 2038 1161 1393 6946 2448 1864 8599 4517 6478 1898 5696 8433 8976 1869 3659 1166 3986 9069 9804 4060 2899 9437 2357 8809 6662 101635 3364 1287 7096 7192 6237 9453 1331 5312 4314 2556 6995 8455 560 103813 9576 3277 9092 2073 6827 1060 5598 7601 104228
5879 3772 2223 7611 6973 7162 109765 8669 4622 3537 3013 7137 4933 1630 5896 5980 7303 932 3907 4450 7635 9124 8502 894 2330 3532 1463 1412 1489 6733 9231 7141 7140 2082 5523 6450 9230 1582 1174 1429 6247 5733 9949 1548 6172 6078 6515 2375 6149 107303 397 3109 4403 3642 8721 9914 505 2863 3251 3747 6604 8305 6688 6253 5998 101 4351 3042 1831 5240 9588 107941 4005 9497 582 9217 5830 3015 9204 8413 819 2572 5108 9155 2240 4010 204 3154 4737 629 3301 4432 31 3169 6204 6595 8314 125
10 3362 5041 1073 9927 7175 8113 6836 108154 5224 6235 3649 2996 3494 4073 9418 7567 8358 5425 3437 1521 100335 1290 4534 6693 6418 31 6422 4075 9169 3747 1379 8558 8505 8228 2560 7175 2369 2578 1150 6816 8696 1585 8034 9756 5754 7998 3609 4821 4372 3951 5674 9606 2680 4686 6443 4955 6083 5046 2007 2197 3709 2974 4478 6962 4688 3703 3725 9148 2733 2433 1071 8240 106651 9027 8468 8643 9297 1866 8914 2064 8742 2449 553 3157 7383 7698 100683 6063 3849 2620 4412 8066 6992 470 8038 104174
479 1187 4672 6494 1745 966 1088 2243 6759 4807 8863 9952 2498 4278 492 9239 9828 192 8451 4773 1442 9665 8511 2745 797 473 8669 9242 6226 3425 9300 8362 9566 9503 6050 997 6085 8024 6456 6159 3509 5350 905 1277 2471 7626 431 2738 6646 1092 7519 4349 9522 5409 2574 1409 3127 3731 5891 6118 5658 1127 2430 6910 6292 4884 1818 3434 9475 8944 5520 1005 9277 1719 9596 1345 5062 4254 515 8169 3331 6468 1989 2919 6095 3546 752 100447 2159 9397 2197 4684 5506 2818 109599 882
1819 6505 6480 4019 8833 85 4622 4245 8790 9619 479 644 7623 8600 9457 356 3604 5048 2174 3274 6065 3717 9549 9164 8796 4645 5323 6533 7488 7063 3292 6094 7961 2647 5085 4729 5353 7136 1500 8096 7434 2161 2411 6334 708 595 128 7803 1841 7434 624 4878 1376 3818 702 1614 1831 5756 5246 554 9293 7920 9535 4810 3351 8997 8760 5909 8961 5736 6354 5684 175 9866 7559 7335 4676 8421 7865 3766 2002 4399 1510 8955 2707 5536 7338 1071 5177 4721 3557 4001 2881 6005 207
2974 2813 5885 6409 733 5553 5318 774 4891 7102 5125 8635 3703 3086 9591 9394 7950 5935 1362 6773 5097 3940 1584 5049 21 632 2637 9624 6964 8948 4654 2420 1282 5218 3812 5785 5211 5299 1874 3282 43 6191 507 1663 8326 8235 7104 3910 3737 7840 8377 1671 8496 5993 161 820 9098 6812 5239 592 2362 4157 6530 1911 4111 96 7924 2415 8182 7102 9651 107630 4686 2233 452 5980 1388 9459 2216 1994 2032 9804 140 9235 7176 8523 1564 4098 1988 2991 8440 5220 3178 2214
9785 6879 7819 2093 2469 2371 4085 5833 5617 3424 6042 6214 9575 8697 1441 3758 2745 9464 1884 6268 4292 4113 106458 4385 3272 5723 525 791 5559 7276 766 7253 6364 5220 5216 2674 7406 5038 194 637 1605 1042 6089 5932 7133 3006 2638 707 4761 100759 9859 6792 104809 5962 2796 6245 4862 8999 5756 9725 1789 6609 9309 451 9235 6223 1092 9495 4568 3111 3844 2162 2167 1179 3250 4308 4253 2644 6425 3084 5360 5551 3439 3288 8610 4981 102711 9965 4166 4159 6249 8889 6962
842 5823 8951 9621 8871 1153 7028 427 5366 3507 1488 110 836 9629 2150 2240 4658 2619 2399 2663 2137 7623 8323 7256 2986 5556 146 4503 2827 5948 5267 1085 911 7388 1403 9771 1844 8621 4864 8862 5587 2183 9502 7571 4564 4850 2618 9805 6641 1101 1669 5813 1275 2786 4051 4178 1266 6281 2892 5753 1857 6317 963 8806 9368 6684 5189 5724 5215 4866 3252 8393 871 8472 293 9406 451 6681 1223 7533 2263 118 2646 4979 656 2362 7742 5753 5492 2672 8579 6054
9499 5268 432 9415 5470 4759 6431 4545 1519 1543 9257 4949 7161 2110 9454 9798 7978 410 6903 648 206 7981 5817 4121 2125 7926 4557 7460 6344 2576 8015 7331 928 9929 6019 2373 88 9957 2751 1553 220 1220 107829 9098 2642 4593 4079 5651 8015 7773 2640 85 7997 3068 8712 9918 2764 3038 9240 4956 7815 2208 1815 9771 103784 8340 9652 3483 7407 3454 3277 5861 2175 2913 1808 1583 7113 1322 0 431 3900 1418 2075 348 3709 2122 9289 1147 8276 7706 7191
5769 4440 5082 8260 4580 9868 8829 3915 7023 9385 4795 339 2069 702 390 3620 2253 5382 4991 1787 5855 1433 1513 3967 8887 8725 7486 7013 6535 1294 6690 6161 370 9603 8613 8206 6758 7907 636 976 841 8528 3586 3304 4104 8820 1099 3575 1132 1105 1129 2742 4669 2269 1907 109430 107787 9437 6034 5620 1371 9681 2894 3487 8335 8929 1977 5709 6794 790 2218 3658 1266 8956 2268 7507 8615 934 7240 7106 2882 2947 865 7675 641 3296 8430 4694 3779 3854
5773 4814 7503 9925 6742 9929 9418 2424 5486 793 1736 3867 4013 1603 962 4259 1650 7021 8809 8382 1925 1997 9578 5651 3693 128 1331 8330 595 1113 3765 4990 4775 5802 3962 978 5106 3063 5240 9571 9516 521 6887 9420 142 7873 0 2415 2602 4654 6151 4963 7482 1152 7930 7273 871 7918 2554 2580 2667 2389 3753 104712 6712 5761 1876 8721 8538 3889 7604 8695 7275 694 1344 1121 3942 2349 8629 872 6062 254 5896 8637 991 2595 2059 6414 7557
9292 8382 3717 7053 2882 2696 2657 8088 6139 631 3193 9575 107455 180 4206 339 312 6922 5104 3500 2799 1736 4228 1333 6868 8789 4293 445 2237 7956 2217 8977 2308 2216 6341 9216 6538 1418 1779 8240 7120 632 4130 9967 2232 9584 2751 7580 2647 7534 7203 5047 2110 3314 6557 7782 6281 9365 3746 1354 2808 1790 9906 418 102684 7408 1981 7230 2420 2614 2805 9334 7624 7778 5429 684 6277 8769 102594 3470 5243 9811 1874 2337 1059 3066 779 103147
1782 8721 8508 7376 458 4368 2481 5536 1485 6637 3555 2222 7479 7460 8079 6371 5307 7290 3449 6372 5534 103631 7008 8082 3307 4178 6035 33 7 2569 7588 2459 929 7905 101484 4149 923 3907 9023 818 4671 840 9218 695 8252 702 4954 9952 6560 2651 5942 3665 8299 1937 5344 1550 4625 2083 3536 319 1664 807 3762 9118 7250 7292 809 2067 2293 494 9156 50 8010 9208 1279 9443 9163 7258 4093 3507 4816 59 3125 1177 100755 1632 266
9612 179 8765 7920 6290 2166 5867 6620 9356 7475 8283 6011 2433 8847 4394 3046 919 469 262 8980 6169 9755 2224 9472 3302 1171 3346 6605 5670 8672 2531 2215 3602 9690 2184 1356 260 7235 8782 6795 6701 906 4997 6315 5766 3376 511 9711 5641 2522 2473 5720 5025 4694 9801 8380 1199 9297 761 3222 1423 5704 4627 478 2154 1614 2398 6779 3756 4941 7991 5461 5817 4512 883 7872 4572 7633 5620 7638 2032 108911 874 132 7683 994
1596 5880 9128 3298 9880 8441 9164 3396 9783 6583 2266 4214 9412 213 291 1246 1039 7109 4200 5070 413 994 7802 7418 9442 2467 6277 7581 101521 2239 6727 792 2163 5884 1847 1549 9302 7421 3300 108 4504 907 1004 652 9797 146 9823 9996 8413 6768 6642 2553 778 8457 856 1955 3568 9311 1854 748 4261 6225 6726 1344 9619 7313 5254 5627 5884 7786 5761 4856 8238 9905 6567 6662 3911 299 5993 1856 9706 5552 6304 5676 8498
4430 3886 7283 6999 4897 5076 3827 1663 8738 8694 7794 566 7934 7004 9684 273 8552 9386 1775 9536 5041 8915 8413 7602 7479 7193 5377 4685 2348 9176 7421 8350 8312 7956 100 3374 962 3392 2044 105622 6123 96 2102 708 523 8657 2768 8606 8432 8999 1818 7126 1092 9144 6345 511 6494 5496 9769 7759 9356 1315 9510 3366 5360 6114 6684 974 8088 8776 3821 3523 3347 3148 9651 388 9472 6301 3735 6347 297 3105 4897 4378
6145 8414 9633 534 6313 7724 1054 3512 2089 2682 2397 369 8829 624 6740 1022 4637 4341 6319 6541 7842 6515 5410 127 1414 9928 7408 1679 9484 4958 9436 9297 1600 6253 8959 9358 7295 4382 3145 2863 9370 9459 2507 9976 3367 198 1252 8312 9513 496 8202 6877 6737 9771 2235 107853 9060 1290 107349 6578 2719 1495 51 7302 9401 2253 969 6928 7800 2423 5074 5213 7799 7272 3303 5522 550 2765 163 6113 7698 6016 9637
2219 8551 2782 2566 7829 1203 6043 1388 6813 9196 1636 3710 8447 7573 6070 3816 9747 4813 781 108225 3529 2825 9040 4219 9672 4419 5467 7467 4035 7490 6972 9530 9582 1500 3555 6731 31 7178 7139 558 9176 2267 3518 6964 196 9147 5728 7156 9808 5013 7610 9101 3724 4903 4978 3421 7810 7637 4665 7810 7398 4960 574 2751 1470 3497 4849 2945 9077 1329 362 163 3178 9442 6187 7022 4654 3235 2083 6613 126 2008
7509 4864 9118 569 1976 582 7415 868 400 5425 7857 9493 8557 5677 4181 3845 8642 9010 8684 9616 109865 1474 428 3467 6213 3444 1333 5030 8824 2082 7510 9103 4294 6720 2134 9671 8681 4110 3151 633 230 5200 7245 3784 6561 1724 2264 4312 7821 7844 5518 3008 7094 2804 5254 1246 1074 910 4384 4731 2469 9428 7024 3761 8228 2070 8140 9834 2109 1149 4548 5915 7093 4375 4802 6609 4754 1972 4066 3594 26
256 883 1320 4635 5666 8543 8305 3004 3683 5368 8619 2371 3252 4755 3142 1561 2362 1609 4761 2108 7579 1083 8162 4212 9773 4407 8985 1672 7308 6185 4548 2113 2173 723 2144 9598 306 6671 942 682 2221 484 6284 715 102423 3352 8566 2988 2467 2725 1469 1358 6319 8799 7447 8490 1643 4580 3542 5915 9054 6245 6957 1850 6341 8389 6385 233 1244 9807 4077 9235 1026 573 5096 8052 4552 8182 1050 7653
4075 8007 4749 8139 722 4758 3537 3281 9818 8482 691 1683 8336 2895 302 7293 1694 9105 5490 2082 1738 1911 2324 3009 105259 6650 1270 2229 3214 1174 5769 2684 2296 4152 2705 795 1180 1512 5896 6688 9248 2217 1381 8776 6715 1343 3758 4642 1217 8272 6987 9059 8242 2430 4461 5563 9664 1604 3263 9464 3488 2511 7596 1658 9059 2495 9521 6038 8517 942 8148 7727 7237 8224 5414 7058 2791 9516 7893
4849 1318 5930 8949 5139 9790 7373 4495 6905 9641 5731 3914 3268 1959 3402 1098 133 6948 1781 7158 645 6133 7648 3614 7398 4515 4656 7597 6457 1131 1902 203 9778 5221 9526 7222 2666 308 8235 2291 1795 100173 3966 1071 1057 1179 8846 2235 4582 5362 5394 887 1454 5091 5557 2541 8685 5856 6000 1586 806 102273 8479 3417 8813 9573 8381 3737 8511 6301 7537 5711 3137 1365 1421 3127 2006 7972
2100 9431 6229 9895 4125 9292 3674 729 1317 9338 2716 6693 9689 3278 5695 106559 8548 8886 5019 7840 1990 6499 3452 4704 7126 1246 4123 6745 2314 4553 3661 5130 4676 5271 5515 185 3406 1502 5346 102653 5370 8108 3675 4810 7795 2952 622 1998 1368 7658 674 1372 1722 1294 2792 9495 8804 7845 3321 1121 6570 365 1933 9716 7413 6498 3790 6529 6078 9956 7340 3672 1945 2651 1123 5879 4261
3128 9609 9174 8289 478 1740 3874 1889 1681 203 7848 928 1390 2356 9957 7688 8891 7262 1996 3872 5088 9928 1575 6853 7638 6130 865 6301 8159 6602 7924 5976 5175 5050 6334 3383 5017 4463 2474 3138 69 2190 8444 2884 9152 5458 9373 4874 9004 8457 6504 1404 4410 3711 323 619 6381 5483 1746 9180 9521 6409 1320 8931 8236 2168 8768 7283 339 469 5580 1829 2176 8087 1467 5080
6403 9916 9536 9208 5655 7156 3745 8386 7527 2445 1197 9670 256 7534 9169 5118 1320 521 4333 9295 7535 9018 7730 6109 741 1669 7791 3427 1501 63 8605 6179 4272 1163 1271 9179 8805 7832 1262 6985 1663 8809 9436 8177 9415 7253 887 2444 2300 2592 3113 105107 6073 9258 8749 9772 1910 5350 3292 804 4849 3118 7513 1406 6350 106613 522 7915 7260 557 9801 4858 3739 5771 105401
4946 91 5207 4460 7742 8134 1032 628 7352 2928 3839 553 1977 1998 6322 8619 1471 9574 621 1817 5936 5925 5668 5585 5951 374 5468 8840 3453 7601 9978 7340 8961 9059 9260 648 8619 6957 6231 7736 3349 4959 2081 8910 1915 7782 8608 964 5885 9107 3234 7715 9810 446 8639 2643 108464 5275 8299 2132 8009 1260 4528 5853 3847 871 2876 1715 940 5529 3959 3180 8899 7867
1672 20 5339 4036 9912 4335 837 7424 7223 6304 5788 1520 3357 4698 5269 107937 388 109397 9255 7953 7268 9428 636 3391 655 1428 9896 3075 3039 8055 602 5134 9292 9890 3489 1395 9922 8931 6064 9046 4450 5720 4885 3219 5800 940 3591 4882 7597 4627 8942 9546 6958 3368 9463 3332 8957 2292 632 8514 438 5810 3537 783 1061 7729 1396 1256 2006 9002 3174 1804 6845
8370 214 6544 2231 146 829 406 2464 5013 8151 366 4342 9170 6177 2413 5278 8315 7619 9390 7878 549 4657 2151 4859 4249 2348 5341 1516 6682 1182 6842 1934 4328 2070 3885 4290 7908 3488 2115 9284 4789 7913 6134 2149 2378 8497 5667 7178 6705 3586 101247 107990 3192 2785 2652 9702 1666 6194 8905 3020 9228 6513 5848 7311 3472 78 2869 1137 8778 8248 9235 720
4153 5821 5032 4017 9192 3248 1436 5050 1710 2285 8254 926 5314 9690 6248 1903 5395 1038 5828 303 1784 230 6591 1703 4419 7653 2509 1148 101355 3660 7693 7806 9274 490 2174 5571 932 5734 4146 420 6313 2955 4274 518 3613 9011 4675 3372 662 471 4151 8059 9077 8038 1847 1134 8985 932 8751 843 2128 8452 7802 3333 592 4329 9600 4419 1269 362 5997
3810 6699 9701 100 9814 1599 6261 5747 4391 3121 182 9913 1273 3725 3048 470 1692 3258 9842 2 9798 5473 5994 7649 1229 50 102466 740 1850 106229 3413 6963 5178 3325 1042 8987 8310 8977 2663 594 9766 2701 5810 5011 3074 694 5781 4630 3369 2061 5336 8830 5733 2582 4291 5866 1022 5562 3820 7028 1134 2490 4110 101406 6246 916 7595 2815 7487 2267
1314 888 5443 8066 9556 6571 8572 2841 8628 9806 685 4491 4926 1964 5584 839 1530 4397 2304 106542 6640 5752 9225 9085 6317 390 7100 7403 8231 8696 2503 3108 4414 6075 7428 9384 1876 3115 4865 2606 1390 9254 3760 77 8843 5827 8272 1676 4997 1267 4731 8375 9125 9430 2289 4629 8540 4897 662 9449 79 2367 3271 1030 9874 7221 4563 22 9785
2859 2727 3084 4043 2311 8314 8153 1112 6540 9163 4412 2156 2275 6328 717 6036 4744 4016 1164 1153 2617 2682 7989 1290 2027 3384 5143 4711 7630 1287 5925 3020 6481 2152 9725 8434 6088 2900 8487 9548 7149 74 6256 5112 6534 5181 9192 389 8070 3469 312 244 85 1746 2696 9346 2804 8416 7984 8884 2220 2103 7933 644 519 2347 7559 1052
3778 6132 5121 7456 2096 342 4000 6145 6466 515 6463 8990 4406 4463 6050 1006 4382 2037 1978 1676 9523 4857 8905 8690 921 9885 3926 7210 6740 1736 7811 5792 1883 7763 3597 4699 5517 4678 7860 6638 2273 547 2860 6906 9522 2800 242 3271 1435 571 5747 9506 8399 6713 5146 6137 9740 7568 3288 5525 3841 7958 2985 6727 4685 9306 8196
9398 6778 5313 9331 8152 235 2931 1285 2991 5041 5191 5408 9814 9412 7196 7115 620 8112 4442 6298 5104 2462 8152 1371 494 7445 5103 1777 7032 2544 8943 6398 697 8337 929 8871 6886 2710 9853 5075 7126 2284 3100 5348 9747 2562 4592 6233 5521 8735 2179 2611 1343 1718 8541 5030 4204 4568 3706 9698 60 826 6620 5491 5995 3417
3885 8214 6449 7068 6327 1838 1910 7802 1671 53 5128 8443 108271 1990 4042 35 3276 8379 783 7916 7399 9858 8072 4690 6287 150 3803 2053 647 3195 2021 1099 4060 5289 2320 3989 2971 2381 4808 1235 8032 9100 2650 7929 2113 9242 8735 7012 8604 4091 9528 4776 1759 183 4538 6988 4583 1651 892 2681 7706 7037 102686 5694 2248
7608 2924 231 3231 89 3235 2991 5759 4417 3652 2436 4527 7117 1479 7754 4413 7050 17 3795 7019 4605 4297 2029 4008 7842 4135 3548 1772 4978 9534 5674 108456 5035 5789 332 8925 3243 8400 2103 4877 1356 6876 1155 5055 7943 6874 5582 7238 2450 7635 8084 5876 4924 1838 2846 4731 4714 8214 106040 6885 6483 1295 6440 4676
5321 5850 4907 6396 2697 5303 4530 160 2085 8474 4894 6074 1087 6081 743 1759 3369 9637 5763 1090 7211 4368 1093 7832 3381 5214 9316 988 8053 3255 318 2116 1339 987 5117 356 6971 4431 1464 65 3891 3703 9469 7257 1886 8516 3182 4640 109704 3456 8265 2094 3507 1192 9196 1912 73 1866 5849 3787 3859 1726 9335
2897 1081 2650 2665 1117 4395 5600 5490 2265 1952 763 4009 2178 1644 7386 1466 7298 9239 8396 333 4542 2892 7101 2667 3713 8912 2304 6958 1657 7876 6813 9672 6657 2123 7996 5335 9055 9264 1347 3351 3646 6562 2493 3721 3407 1473 1388 9395 2059 414 1168 7255 764 4878 7912 2248 269 3600 8072 6203 2734 47
1340 4443 3949 2697 6060 1455 7378 1841 8000 7024 7546 370 3606 8821 2950 5685 8545 2161 468 8485 8661 400 3150 106017 7697 2845 3986 5729 2587 8760 755 9053 4690 6455 7309 619 6048 4362 4894 9431 2910 7107 6515 8376 8989 8374 4577 4560 9602 189 8822 3827 4098 8911 6926 6060 9855 1826 4794 9245 9441
2046 590 5078 7272 5444 1258 4360 3504 4543 3243 9770 7222 9434 5091 6235 939 1987 423 2649 9095 9758 1559 242 6415 8012 4611 1801 506 5181 9067 3211 4097 2324 1640 7042 517 8075 1226 1977 2453 9191 9666 401 336 1228 1489 1956 855 7044 2687 8777 2583 5148 7872 5576 6422 7936 5397 462 6795
4136 2399 4578 2195 1939 1673 2600 4114 5171 4631 9414 3255 9880 5929 2070 7139 6642 3140 3132 3082 9777 4707 2200 9419 2032 6170 5566 6797 530 7468 1844 5194 4074 4061 2651 1249 2705 8522 8146 1542 20 871 2199 6445 428 473 7023 4615 2291 9462 777 3836 6963 1578 6446 7210 5777 4076 6603
3164 5418 5679 642 4894 1772 8077 1854 6176 824 5617 7110 7306 7303 3028 2051 7200 6267 6267 6245 5237 8951 3550 5491 6740 385 2300 6546 1820 5911 125 1897 3020 2768 6648 1362 6112 2005 2151 8962 2075 7504 1992 3357 1398 1395 629 109204 8103 7835 1877 2224 6965 1559 484 2996 59 6212
3169 100734 8443 8891 375 2542 4037 8829 8127 4474 8392 941 5971 8641 376 31 3973 5023 3137 9136 721 80 3611 1654 8705 3416 9854 281 1792 4130 2232 2851 8849 7048 2221 3636 4561 4755 222 7624 698 1955 1229 8909 5673 673 991 3471 9026 1747 7331 5990 1266 6224 1123 2020 3750
5317 3913 1143 986 2087 8036 7558 1300 3961 4858 3226 1635 7104 4063 6490 2242 4517 679 8699 3841 1659 7401 4503 1910 6371 9814 9886 6671 5996 7144 2075 4075 3854 1245 937 2490 713 726 2597 851 4217 1851 4901 6997 8813 7154 8841 4543 1608 3824 7265 7811 7159 6030 9280 2984
8773 207 2912 8864 8412 8354 9973 5114 1996 1139 9542 8249 673 2663 6313 7892 9296 6952 8366 798 5921 2957 5872 1145 4180 1533 1255 5831 4013 709 5569 5442 2034 6393 9618 7917 4839 6072 2713 9594 1447 7747 2070 1117 6054 8078 3129 8416 9413 2168 7484 4105 5126 648 2084
6729 1920 7400 4244 8134 2485 4375 8914 8075 3506 42 414 1422 1766 6258 5072 8611 4343 7940 3329 5935 530 6916 2477 1248 6289 531 3048 9963 2706 8508 8063 8805 485 1577 3968 6934 9654 2907 8172 2507 9276 8314 9243 651 3569 2282 5137 3325 8164 9614 6752 6760 7355
5457 2638 810 380 4403 2777 637 5598 2224 9400 2183 5339 8008 5091 5361 6025 1290 2742 7658 4170 7698 3137 6092 4208 2149 4308 3264 8053 4458 1002 4094 5978 5692 6899 1592 8110 8861 104087 4839 100322 2125 7767 5573 2378 3356 7510 1293 8918 220 872 6352 4514 4634
1593 7450 2763 4046 1761 5252 659 7952 8903 7659 2663 5950 164 3680 5711 12 1322 497 1285 1483 917 2217 9002 845 6976 9060 9077 3960 5818 5941 2605 425 3802 8107 8970 8027 8289 1713 9671 5527 208 6389 1562 7502 6810 7228 7078 7750 2987 107524 5249 7137
8840 3721 4114 7492 1705 9436 1294 5254 1381 2145 5011 792 3117 6200 9380 8788 6923 3439 6438 7480 8828 5670 9178 3493 8364 755 3149 2995 7281 6742 6860 4408 3147 1759 8124 265 2378 5183 3784 415 2976 6285 1500 9086 9816 9082 8434 1202 6776 5750 4891
4059 1139 2869 7137 7242 3058 2844 6362 4924 9332 3729 351 7719 3219 834 1870 995 8297 2740 4349 1467 1027 4207 1648 8612 1109 2247 1228 2013 270 2335 9389 2071 7678 9033 2181 1174 6277 7681 9590 6505 8429 7739 610 8903 4522 6586 1537 8699 8465
530 8675 5073 9271 2896 5462 6465 3900 4249 4138 5372 375 2480 5795 9348 5908 7196 8943 7889 2876 9513 2745 1729 6323 2782 2109 4432 7527 9183 5436 7256 1575 6195 7571 7002 1987 9401 7223 766 2019 1783 2499 5608 603 5539 4246 9211 5757 9605
1639 7394 9327 8188 7242 2845 8926 6544 7207 8185 8787 4393 4457 7731 3253 3822 1428 3198 2303 9136 7179 100658 3460 760 8465 6152 6080 3694 8078 1540 5777 9420 2372 4338 9878 9154 7699 5892 9079 3163 618 8682 933 3584 5454 3283 3282 6715
8528 2548 8356 2047 9850 6311 5910 9078 9306 613 8640 7499 4899 6 9753 89 5600 776 6554 7923 234 2399 6548 1526 4940 1852 4373 956 4020 2561 8375 7394 5037 4740 1593 9212 8492 8914 1218 1080 183 4470 7267 4800 1052 8234 92
3204 897 7869 5762 5607 2472 5989 800 4201 2358 1031 59 6309 4483 8005 7707 102059 6708 711 2310 1777 2328 685 6463 326 3072 8916 415 9047 1619 9175 7203 5109 5728 9720 3383 3383 3541 7471 8224 5740 8479 4194 5024 6739 2675
4774 4614 1663 4413 4965 3044 6485 4855 4864 4581 9592 8909 5943 926 9287 414 6806 7348 8596 9909 5074 4143 793 8536 9749 6606 4375 2961 1190 6843 7711 3164 2893 6592 836 9680 7717 5178 144 5537 5715 6508 8102 7141 8790
1111 4632 2758 591 2025 138 8376 7315 6084 7446 4059 8446 8961 322 8882 2042 6404 7519 2021 9569 834 8963 853 8288 640 7930 8110 8524 9037 4296 3409 4265 7667 2562 5475 9321 9658 6493 5648 7234 2254 8551 2676 5747
2466 3013 106139 1415 5140 4524 4055 4107 4227 6341 6931 6173 1903 2314 9510 6838 6959 5830 2937 4890 2297 7853 8588 1740 7294 9798 2438 263 83 9378 3996 4859 5687 5560 8052 1381 107794 5455 43 8530 587 8016 9267
5509 7517 1370 3712 7991 6459 9576 8837 2286 7249 3649 1931 8690 9981 9710 738 9243 3709 801 827 4479 5195 5827 4757 1419 2422 9870 7798 8655 2355 9949 8797 5071 3812 1538 7894 343 3416 3318 6573 5488 3620
3158 2998 3728 4159 9563 1500 8886 1652 9290 7481 2630 6179 2590 4278 114 2089 4627 8339 4090 2738 2853 2649 8276 428 6552 734 3280 5102 7897 3961 934 280 5188 9094 6977 3197 1911 4188 4079 2974 1383
9773 7289 3529 2146 2526 6225 4242 485 6952 9930 8032 6655 1999 1484 5852 8517 5185 7207 6789 6759 6704 2472 9415 1379 723 4042 157 8521 7226 4351 1749 6447 9489 105760 1828 4469 7767 8688 8569 9963
2127 7831 5302 4962 8678 7390 8044 104065 7398 8023 9606 3641 8395 8591 6521 6203 2661 4326 7802 376 5853 6638 896 9449 5451 6370 9820 3217 7847 5545 839 6719 2158 7707 235 3368 4103 4403 6580
6500 7799 949 7144 3192 9442 6883 4869 6965 5651 1019 4745 4910 3198 2515 3880 959 6916 2935 5946 9564 1271 5010 7363 4472 3006 7723 5447 3912 3114 7266 1581 887 5546 6700 2691 4811 909
3419 3811 6567 1943 5569 372 8770 4741 5430 4708 1608 7412 3064 37 5600 1662 7171 533 5310 439 2610 3250 5082 7367 3668 6478 3424 5769 9778 928 8809 8979 607 6011 746 5287 7681
5458 588 1082 1776 3468 4860 1970 925 7157 8164 2230 2293 517 1385 8960 2582 8421 118 3638 105936 9711 7609 7866 2943 8998 3020 9422 1033 1910 839 5404 851 4940 9908 709 2585
8025 9779 1592 7869 6531 7775 6837 5280 796 2145 3506 4415 1591 8708 6591 8271 1337 5304 7205 2748 8205 3419 3124 1919 795 2709 3517 2366 6217 1026 4461 760 9553 5493 8780
100113 8773 6939 8932 5675 929 942 8822 374 5857 1452 6009 5049 6419 1207 6196 4001 9549 6269 4398 7897 4194 6123 2356 2235 8081 7454 5531 6614 2542 2266 4775 9361 2502
1839 9851 430 2717 1192 2850 6515 6778 6470 1261 8053 6101 7309 4909 5301 5423 3212 1604 5472 8019 8147 7847 9793 4556 848 4999 7866 7560 4891 5089 5572 2187 643
6050 1139 5111 6376 574 7149 1306 8330 2371 8172 4840 9505 5994 3505 682 6175 3758 1324 7655 1444 5728 2633 1059 5920 6297 9645 107414 9294 5665 5266 302 7967
6336 6799 3767 5572 7412 3148 553 5280 1715 9237 4867 989 2529 9260 9879 5230 2227 6772 102 4277 2165 3835 7165 5527 3513 8951 3760 5932 2257 7684 7942
3179 1871 1053 8725 693 3050 3642 3632 321 6788 6952 1726 5016 9099 8703 6189 737 3500 544 2902 4976 4830 8574 451 4507 4782 191 1566 6398 1047
4162 8668 3791 7237 2179 2266 2020 1450 3244 2742 2899 7440 4431 9809 3210 4559 7298 5252 8433 1953 473 1377 4700 8437 4746 4347 6917 4434 2413
6345 2346 5260 5987 198 4835 3835 1401 8285 4359 9770 5901 851 6143 8637 2192 5749 2795 967 460 102404 1572 8778 2871 6926 209 896 1273
7519 494 103611 7611 1384 1034 4088 3776 7182 2255 953 6280 5686 888 3906 1043 9552 702 3236 2627 2257 1059 7417 8469 7142 7091 8591
7618 1494 1095 6089 8096 23 492 8578 6878 1587 9780 995 3632 3964 6748 7462 4552 9454 381 4028 1894 132 5366 6445 5537 8126
5354 3438 8790 3121 3910 5592 7537 3103 2551 7702 1722 1609 313 6254 5953 1331 1506 9876 5452 1815 5456 8428 1360 5116 1680
9039 2703 8039 6449 1359 8130 9923 1400 8366 983 6461 166 1868 92 4787 9831 9856 6909 1727 8108 377 745 2143 1963
1669 7388 6167 1972 193 9257 8744 9224 6578 3206 3954 3942 7892 105021 4760 518 1969 4559 7443 4905 9092 4620 108426
1024 942 1137 1216 8476 8105 1809 5023 5270 6044 4151 2148 9105 2526 9898 5258 4749 5790 2466 7180 7052 6610
105467 8597 8554 1054 1127 3274 4697 9592 3401 3675 9818 858 6751 3381 8003 647 7103 2587 7309 1410 5942
4583 8877 7547 5116 1819 3894 9019 2268 9485 1437 5970 595 2403 5261 5631 5015 3626 9788 5280 586
6270 5502 5466 8814 8453 4184 5403 6459 9692 631 7678 3984 9687 2530 2496 6919 7203 9597 8417
3723 6798 4736 1244 1710 5993 4920 2746 7110 6796 9644 5955 4967 9723 4658 2135 648 8056
9267 3821 2655 41 2316 7962 3293 3372 519 6964 3650 5192 4857 6567 3432 4741 1037
8360 4755 6959 177 2648 3788 3543 176 6539 5514 859 5008 4201 2130 9047 1948
773 102032 651 2276 5180 7143 1246 6979 8433 6597 8420 3810 3095 9019 3101
6412 2829 3083 3438 6514 9857 5218 1555 2047 4302 3065 5349 1566 2040
6934 6904 139 714 2184 9081 4327 2686 5364 310 8032 6733 1689
104526 656 823 9131 1355 7845 821 4686 2413 2241 2092 5360
5449 4067 1637 5868 8337 7718 6460 8684 5110 968 3221
7039 3435 4045 870 508 2796 6245 9585 2262 9998
9660 9616 6208 5913 9840 854 2195 5876 101272
6883 6429 4000 5331 8824 6812 109351 1375
8076 332 2998 2475 2990 7933 2361
5375 3325 8920 2326 8938 1524
755 6333 3452 9769 947
110 5045 1033 8418
4668 4814 2188
6130 1216
3079

