2 300
686 9978
9055 5473
23444 102335 1711 106710 106662 17006 124822 24069 8118 113622 23212 22582 125331 5334 19244 21171 127183 127447 22606 128221 28532 113740 109920 32466 711 107163 29197 125588 116635 25929 20710 109271 3910 111950 19186 10222 20881 1065 127008 123813 31433 17146 6172 3952 1287 4984 4193 15543 3673 112085 117164 112508 124386 101307 113157 9269 122368 100135 116301 100723 125121 104989 109449 14568 119216 12091 6931 113354 127879 22565 11611 123622 20167 127700 124961 16657 116973 14250 8739 130059 8061 9936 127364 126287 1000000000 100150 17510 32693 7547 106185 20283 101469 109727 6042 12370 18149 4995 104849 25385 31926 104691 9500 9580 27796 18058 10733 113441 12176 32435 2340 110573 29679 113551 24276 130459 1282 109320 17063 25312 9543 112425 403 109195 104232 125803 118440 103 28052 13246 107893 128884 2276 105468 103455 114830 116840 16616 112475 116859 358 124309 125857 130643 132593 5481 16536 122858 12201 124309 101036 117034 104977 102206 24839 105903 131501 5750 114260 1000000000 7660 106936 109733 118491 112322 11856 126142 3344 15055 20667 129326 101670 109953 126705 9936 25266 111749 26082 83 110184 25180 15432 100568 11706 102733 124915 26657 23778 120772 118450 3888 112330 112341 15782 2263 28699 123631 27105 126653 107146 24880 110026 132652 109083 125457 106824 22130 117631 20292 124857 22078 8437 121216 104121 106352 26442 13861 7648 118802 30766 22627 6280 109295 117150 4985 12035 13358 24823 29230 14820 113971 116491 4872 27 126956 1101 120184 107218 31292 21777 1000000000 17682 104489 12996 124414 6499 113547 127994 7094 28421 5667 26113 9369 32032 21938 32532 103494 110943 4487 4671 30318 103587 102201 30256 18000 18776 105478 18381 130444 32319 28135 13730 108261 30584 14719 105137 2416 131426 2421 128092 119529 28945 7036 105716 26306 8676 31985 19533 32588 965 8988 100061 132053 115205 110566 16123 5375 132320 32095 129123 1807
128763 6864 116009 2146 26379 118138 7105 123118 129844 18286 110925 102572 27331 107617 110561 105865 10232 30499 112668 9899 116953 10183 27230 118054 110971 28900 107330 14789 15669 105742 111972 30373 120495 26796 110994 123948 123520 118668 28073 18583 124194 127216 128642 104120 130354 110401 114732 109578 100434 26706 21053 24059 139 5643 792 107894 19509 10425 14108 10276 773 11771 29615 103373 23885 124001 121543 4322 30415 112286 111485 3274 100396 1383 2704 103009 22330 1000000000 125193 2424 121599 128804 15254 28401 26119 29038 103224 125822 123900 9355 121789 30117 12528 124062 127098 120304 104631 22710 113856 110983 26399 120263 101924 114185 128521 131866 29471 101761 123644 114889 20493 104934 17210 105563 2672 130350 10816 117715 116593 112788 31600 120090 17793 5825 7758 3037 129968 128920 106621 21331 9036 100669 9943 5573 29814 19950 132211 20420 9954 116206 3275 21406 15796 23315 114872 122898 18659 131568 19342 22126 26399 19686 7918 125361 14598 25583 131423 14460 12679 127772 29655 4428 28565 14049 117210 6360 126771 117082 118049 6692 3824 16651 1754 124582 106929 16861 116020 119009 5383 117358 115474 15738 126680 21128 29899 127014 115744 6568 22721 110009 25929 27877 104738 108474 109295 27687 127941 24845 13778 130102 15577 12357 10337 23798 26168 112112 2718 101881 14461 119137 107278 29843 25287 19589 127734 103327 131327 16408 118998 121156 112539 17839 4421 107803 116593 123723 104357 125596 126710 25884 2389 102485 116776 15711 123985 10144 6204 127384 102710 126631 101121 32399 105428 8647 112577 7238 6246 100961 122396 115980 105162 129543 107604 120846 125078 28317 6597 131056 115960 122529 29359 24509 109872 108815 131570 28842 107713 22400 105928 116149 126030 1000000000 120259 110546 9356 121536 11892 122433 6566 19251 116481 122540 5491 1000000000 131348 125743 130859 118446 106403 127554 26637 2654 23708 20392 100718 122299 31594 115730 11256 107559
2919 3214 9673 3831 109804 220 7169 1286 8552 6733 8755 9270 7243 6125 5702 8047 477 2037 6067 9508 5682 4171 5642 3514 8587 1493 6050 1531 4320 102435 9104 6582 4797 9118 1211 1370 4859 8587 2461 627 6129 7477 5276 4195 5675 1370 185 5653 4889 2068 7272 206 3083 7260 418 106229 9947 3642 1800 108452 9243 143 3160 7359 9570 9078 229 917 3313 7864 642 613 5354 8064 1311 1763 3075 5630 9863 4346 1559 2160 8425 6836 4286 2446 2230 168 4463 3508 6682 3876 2195 1013 7679 1979 1579 3790 1134 7440 7380 2362 3575 8932 282 2820 6532 1773 2699 4561 9800 9895 9678 1231 3725 2223 9012 457 6463 766 1885 7261 4851 1842 3086 3503 2093 339 2098 107631 3456 3317 5358 5384 2934 2601 9129 5291 6802 8665 3884 8348 1028 3556 2599 1882 8030 3830 3060 1013 8309 1084 8895 283 8346 2727 7910 7828 105 591 9326 6959 6305 3865 550 1372 6357 4124 7040 5467 4803 7056 3741 8309 8851 3144 600 1466 3010 994 1078 4970 7856 5837 9101 7176 6022 7082 434 5340 3084 4678 2855 4584 9450 743 7877 365 221 7028 3318 2558 1101 6202 8231 5829 7309 4732 3659 3781 994 5995 2723 8785 7767 7367 3037 4523 4624 2868 507 223 4974 2801 278 2528 2243 8549 7266 2467 2406 1402 2499 4987 8617 9998 8320 2357 9177 5416 3144 6309 1126 2984 8194 6208 3908 738 937 2588 6016 5453 8520 9492 2919 1719 578 2033 4692 987 4725 7846 2296 53 7744 7626 8159 9749 101058 7707 8736 3315 8421 1281 8741 100754 3772 2128 877 2039 9960 851 7182 6540 5409 229 2798 912 6899 785 6388 4706 4039 2270 2475 2350 7444 7331 119
8631 6805 4529 9002 7573 1948 4608 3225 5504 1815 3194 315 8382 1427 8008 226 6314 8190 649 4765 6422 2082 5690 4812 8226 606 2643 9798 5917 1383 4638 8312 9994 3695 5533 8959 8359 6948 4188 1848 843 9693 2725 1525 670 3585 1971 9603 1294 1656 729 4938 5311 1429 99 7029 4706 9301 7629 2626 2169 6273 2067 603 1833 8714 1801 4631 9633 2502 4364 2539 5018 8085 8568 3621 8064 7146 2636 7658 945 3910 4347 942 131 6103 4884 756 250 3841 4260 5287 778 8523 8586 8281 2314 1086 1707 8009 8074 2921 8696 42 3686 3752 4173 1681 748 1446 5275 6319 1066 1905 5448 9137 5531 8029 6293 6068 68 4028 5168 845 2441 4236 5147 2216 5942 4417 4765 7054 9691 9445 9960 6989 4375 3997 108587 2291 2696 3822 984 5402 8706 2064 808 4619 3343 4993 5326 8156 6773 7437 5817 9403 8878 909 6382 8400 164 7325 7782 6766 8747 1938 4612 8363 4788 6668 921 769 8911 233 6235 2611 8944 2427 36 3987 4726 7242 4967 7331 7624 9420 1736 1499 5600 8500 8908 715 9837 6201 3166 5345 531 5497 3860 9805 38 158 5889 8403 7111 9103 9485 8001 8110 4346 8338 5346 1864 1953 1880 3490 2819 4178 4051 4707 6376 8363 3019 8159 1688 1822 6157 5263 8587 2145 2592 6539 1572 1706 3802 755 7113 249 1172 1214 8865 4182 987 0 2431 3228 1945 9953 8894 9222 6724 9804 5997 1546 3764 6549 4318 4435 4827 4959 250 835 448 8909 9319 6328 2268 2119 1452 5950 8185 2544 4051 4374 1624 6293 3424 2102 7490 6856 5330 7072 9313 1838 280 1559 2640 2357 4806 8672 5616 4379 3880 9142 7980 2379 9542 9584
31 8297 9224 2646 3861 4640 1148 674 1184 8537 4566 106532 5596 4991 3479 9097 1444 7361 8833 3308 7590 2711 3801 8637 9492 4969 8862 5410 493 301 1450 347 364 8287 5015 6474 100751 5269 2275 2147 8970 2547 2135 8640 4253 7501 2100 1672 1108 3356 3983 8625 103005 3251 7663 51 8559 4146 2836 6607 4201 2842 3354 3568 7673 8130 9967 7729 622 89 9729 95 7120 7341 7899 5777 6206 9883 7362 5557 100824 6616 155 9036 108031 1344 9087 9177 4985 3598 1 6630 74 3595 6511 4744 6431 9833 3480 6403 7228 4338 4910 2977 601 1741 187 3919 648 5522 72 8217 7018 9901 7260 231 8259 1176 946 55 6539 980 4510 1838 8294 8504 1281 4377 6710 6910 5979 2185 2464 1145 4929 8718 4445 7772 2815 4275 100449 151 5679 1498 3409 4707 3467 361 192 9281 9055 5574 1051 2685 5379 9983 2727 3097 8199 7357 5879 8839 6143 618 8514 3222 3234 6864 2051 6194 8926 6676 467 7397 9806 5027 9317 1266 735 8971 3392 84 2799 3629 1955 6610 4342 1282 6451 3557 5210 812 2440 6605 9214 782 8473 6705 3450 1966 9653 4806 4385 3418 309 467 4414 1737 6894 4082 2049 5300 26 360 7273 8196 5513 2153 4162 110 7300 8422 2129 7948 4963 5464 5917 7613 7423 4546 6609 4657 778 1842 8847 3725 7726 3224 2711 9574 8356 3626 1416 8284 2550 311 6678 9332 823 218 1389 7771 1249 1346 6181 5287 4846 6640 3542 2976 4123 352 8382 8880 2859 2572 2993 982 5224 1885 5936 865 4287 9107 6637 1019 7100 1415 5390 9332 5347 2143 832 2497 1794 8338 9229 7125 9091 7325 4865 3966 4854 7317 6314 6355 7854
8237 8526 3805 1754 5018 9346 2947 871 4005 8232 762 6260 1345 2424 2108 3847 6302 1090 2217 3342 3294 3314 6604 1993 8982 6454 6304 4038 6519 8124 2114 3324 1581 5407 6664 2716 9079 8996 3698 6052 5000 3280 0 4599 1821 1436 9349 6682 9809 6252 9018 7823 2462 5116 4646 1751 1812 5900 8173 3620 4158 1709 7270 5197 8547 2924 6497 2726 107 3887 9848 7215 5812 2654 2614 3131 755 9028 3286 4276 8510 2501 7453 5308 2745 418 2714 3863 287 9051 4685 3688 106020 8533 3478 3930 7657 316 2703 1152 7568 426 365 734 3360 2713 2178 4857 107 5365 4999 956 9758 438 697 3389 5096 717 101121 3888 6543 5548 5112 4619 8544 1307 170 3881 2325 3384 539 1042 7740 9662 1367 4122 8837 842 3662 3689 8028 6330 577 100044 9640 1062 7158 571 3891 9380 2418 5754 5292 8823 8423 4931 521 3543 2859 3939 1312 1719 6027 6356 4792 1747 2912 492 9403 984 34 1060 3951 9673 9418 8763 214 7022 6636 108 5858 1648 3541 6221 1677 2259 513 665 8632 7235 3136 1361 5506 402 8281 4110 8012 5312 2208 7483 6490 9804 117 2080 732 554 9773 7169 7806 5830 1396 1705 77 5704 898 7649 7883 4105 1438 6006 3605 3476 4833 3466 1139 5536 4413 9465 9039 5325 1469 6638 104730 3293 7966 8311 6347 1542 2127 2615 7481 485 5093 8746 748 1605 2514 6926 9294 105328 3719 2657 5128 773 3399 5941 7642 9786 2926 9563 7403 6932 6225 1263 8562 5701 101800 3296 8356 7077 8586 8051 3039 5012 6615 9368 2726 4046 6956 7613 5566 7921 1267 3233 9704 2267 9289 1772 417 1304 2020 7997 4982 7146 5316 1333
92 6761 6760 9794 4974 9006 6261 7566 9784 4458 707 5385 7684 668 569 2260 5091 7667 3226 640 6191 1281 1807 2310 1902 2033 6823 107576 1545 5930 892 1351 8462 2771 4920 4247 1234 6586 8344 7008 8987 4896 112 3367 5182 105447 5775 92 2228 8607 7365 389 6867 237 8034 8971 7738 2173 6624 3090 3676 9578 115 8655 1553 1051 5280 5078 105593 6480 8572 594 6194 6189 8966 3560 9900 5302 5544 7630 8379 5805 1146 108279 8061 7271 8360 1538 7837 5717 5942 5781 1383 98 1760 8948 3212 4408 9302 7159 6088 7225 3992 906 2915 3690 1102 2662 1637 9026 6156 1456 5374 884 4500 3792 9525 4088 3724 7093 846 104913 5153 100568 4257 1371 2380 7998 7097 7747 7076 114 3114 1996 2196 7826 4935 6543 4511 2120 2547 105586 4433 9292 4854 956 5976 5623 594 872 1139 8315 1383 105800 2633 4354 2547 9149 9070 7173 1758 3156 1153 1711 486 9682 4089 6832 1238 7683 106881 7061 2668 8591 3281 3384 8891 1391 9360 1684 8494 4142 5399 3485 8334 5443 2615 6029 550 9359 2238 673 8324 2050 1014 4470 8835 2738 3886 3470 5079 8303 61 9063 4393 752 100612 9886 3828 4114 9827 9103 2799 3363 7375 3713 2092 9162 99 8160 1519 8105 1140 8298 1123 6869 3065 127 3914 9334 6347 1650 1220 5082 101130 7221 105234 494 5952 6708 4747 2080 9482 8689 974 7103 5715 176 3481 532 5939 2531 7225 7829 4505 4377 3219 8310 7876 4098 2131 3971 9545 5350 4851 6797 5792 108775 7823 881 3839 8436 998 6495 5659 3232 67 4104 7916 2418 364 5225 3457 142 8395 1144 5444 7140 1948 5325 8479 6551 9478 9635 2095
6913 973 4943 6679 2949 9911 1312 2120 8645 2366 9591 1552 7509 2245 7753 9249 7280 2111 8866 2900 3977 9804 3613 2077 104884 613 6193 9297 1335 4298 2878 3157 5979 3322 4809 1656 3719 1603 6900 1956 7583 5675 4625 8353 7208 3102 1608 2763 2736 4056 100871 8677 5164 9653 104362 3069 5970 6791 4683 7218 1512 8361 3195 739 7788 6066 2706 9978 3205 8123 7396 586 26 6484 8645 3108 2 2276 8334 3120 4059 7504 1679 7658 5119 5726 5463 8699 7124 1258 2819 3290 9363 7481 7491 626 412 5948 3203 5062 1047 5351 7193 7490 6350 6323 4186 3635 5545 64 8002 2762 2122 799 8291 5341 8939 927 6397 1487 5140 6294 9184 8258 106385 3667 9006 9145 291 7378 7428 5554 7798 5983 2554 996 5299 990 345 838 7175 9114 3628 1905 628 8253 7659 5222 5398 3280 5748 34 2408 1219 7850 4257 520 2975 9459 8705 1161 1802 1996 1497 5992 603 2688 5513 145 9486 1705 3619 7442 4426 4566 9611 8880 2913 8829 2188 8025 5928 7811 6251 1386 3016 2218 8655 8930 2116 6906 9489 9590 2173 4548 2624 7382 4914 5906 456 5296 619 2179 2276 5348 4423 342 5490 9016 9333 6340 5287 6797 4368 3219 5362 2897 1247 5640 213 7990 156 9581 7761 3282 1874 6515 5601 169 9741 3465 1322 2457 3629 5630 6801 7412 1579 660 2461 467 3567 2982 6031 904 4753 5547 368 7829 366 3563 7386 523 4045 3121 3097 7238 4099 3122 1251 1767 8260 8493 101381 4466 2027 5251 1344 5530 1788 101561 8453 6569 7640 8108 2861 8756 2816 7476 7580 2669 174 1388 2790 1339 320 2272 82 9288 2470 2312 94 1578 1535
8757 9987 1460 5294 2490 2523 1885 531 2029 241 5186 5079 6557 8376 2439 9416 7397 9390 1203 5366 3842 1505 1693 6173 7490 4915 2866 420 8590 5114 2681 213 2202 9804 9176 9951 7050 1113 6807 5640 8455 7913 5317 8150 2498 2104 6027 528 7271 5966 8350 3216 3910 2772 2057 8380 8335 6036 4234 1813 7484 5152 4603 5600 8643 1270 3412 2948 5195 2051 8143 8370 9103 2101 493 7851 50 6037 2807 7247 7538 3557 1862 4194 5599 9990 6583 1604 1774 3502 8026 7553 9 4280 1626 1350 8073 3675 8338 8277 1447 2736 7421 4027 4111 8446 5375 2224 2662 3560 2514 5790 4973 3418 6788 7509 1174 1792 4175 95 9415 5144 632 1744 9277 728 1709 3472 9587 1315 953 3132 8579 1960 2617 4105 2092 6971 1924 6971 2037 521 6870 7493 6529 1190 6542 3873 9459 2665 185 1523 275 9338 5118 2761 5586 2426 7564 8630 105226 1796 5552 4511 394 3747 6460 4149 5233 2709 3236 4837 904 1390 1274 3276 6565 9215 141 5502 1997 5097 6413 3145 3546 7773 6307 4949 1325 4229 47 7536 1670 1576 337 7079 18 3514 5356 3127 5892 4002 9703 69 247 5873 342 250 1314 6992 1129 580 2429 5736 6644 1801 4755 8215 2927 6925 4377 5154 302 9861 4702 2118 8035 2540 531 3604 2162 6823 6605 9741 7318 2885 7609 601 7906 4041 4415 6254 4187 8794 1578 2623 8340 522 5143 3443 1001 3270 100876 101144 7617 6558 8587 8199 9742 8566 4342 6057 7254 8908 1781 4891 2135 5003 6022 6366 2550 1999 6917 4819 9593 8569 7901 6261 950 9158 7821 7846 106619 75 9054 607 3264 2003 1156 674 6618 7101 9347
7074 109153 943 468 2198 8580 1344 2312 8121 8235 2757 7276 1046 9389 2602 4269 6850 5907 9907 7774 5290 9772 2163 1560 6111 499 156 3186 5407 2655 6056 4465 5318 1129 6841 9121 485 1139 9404 4324 6049 9207 5603 3051 9375 2285 6786 2883 5983 2785 8394 162 6790 4980 5861 8674 4385 9026 2865 92 2646 2981 4849 2409 3613 136 2863 1605 1888 2670 4343 933 1727 100627 4944 4746 2023 1523 1292 9735 2179 8682 9827 320 67 5132 3466 627 1852 2230 9866 4699 9344 7252 8862 6914 8944 7876 3164 3655 3551 3323 5592 9265 6425 2407 7542 4739 1748 1477 102255 6304 9190 4372 1765 9920 9991 3178 1546 1444 7400 8245 4942 8934 6836 724 520 2741 7990 6967 7015 6720 1467 8852 4088 7472 8346 8140 8043 5579 2929 8285 82 2326 9393 2617 2426 811 3676 4903 5405 8940 8542 1657 5302 107670 4235 7021 2678 137 7127 7544 503 3047 9404 7840 9504 267 7079 632 680 8925 9411 1986 1150 9635 7627 9856 109608 7785 1546 7227 3546 9188 2485 3496 506 419 101195 7064 8002 8679 6892 654 108677 6133 7208 4471 7478 618 217 1909 341 2142 9428 5452 571 12 124 7281 6232 9201 104 8831 4283 6515 6133 6780 8002 4100 687 139 9586 663 4748 6563 7865 3042 8041 108529 7922 6980 3977 3209 1498 6169 683 8851 7729 9036 5580 6996 3106 9132 3630 2297 6358 1810 3319 971 2053 4738 1756 64 4799 7712 623 7518 5051 6549 70 4326 6718 4370 7039 2222 6510 420 8033 719 743 6073 2388 8624 6158 753 2484 4739 8324 1449 2034 1983 349 1300 1228 93 2513 6939 301 2215 5107 8535
7544 7310 6784 1595 9473 3083 90 647 5805 9656 934 1515 4795 2703 899 185 7571 4403 6397 1135 9966 4943 7392 4627 9237 9708 4800 3711 335 5798 9720 8287 790 5761 8706 7416 103817 7448 4839 2780 4407 9862 6663 4011 7818 8985 730 9884 338 2371 6600 6524 1732 9731 8343 2966 3698 2291 771 2725 3132 8163 8467 2502 680 8023 5642 2688 9534 7884 2938 152 327 1137 5024 465 2328 9204 4172 785 8313 4250 927 2602 8875 7138 714 4742 6904 1292 2740 1396 9101 118 1580 2515 326 8040 8416 3756 7481 3409 9998 7974 107830 577 1849 9876 4429 1545 2095 7393 6800 9551 7336 9838 7099 7174 4369 7483 7857 2990 57 3701 1737 4456 3339 9839 2761 2588 7662 756 3745 7790 5674 8859 1723 3647 8940 5660 4385 640 3259 7155 4416 5084 828 5267 7340 1830 2595 6124 2709 2033 5275 4639 8072 3183 4216 5089 7720 1276 9979 2079 5806 8475 277 5602 8430 1409 2367 8867 9389 5873 1546 2160 8624 3256 9603 1407 9159 2314 2729 3010 4314 365 2450 1931 8226 4756 8730 1826 3787 2078 5166 7142 840 4897 2008 97 3848 9456 6940 494 3560 7541 418 1903 6361 2075 6132 4570 1811 7979 9995 7892 2682 2761 7142 8161 320 9616 2059 9946 91 268 5600 6384 184 2934 3115 4416 8256 7285 8969 2568 7946 690 1229 521 8946 6845 1625 2093 7017 1231 7505 5163 2828 7903 878 328 8329 9113 1729 5056 4607 3948 101321 4038 405 7683 2038 8040 1406 8918 7966 9207 3292 1282 449 4021 9939 4006 3256 2336 5119 2623 3491 3854 7545 3463 2227 3065 6997 2121 3157 4637 4783 9592 2176
2591 3928 688 6801 9553 7435 6749 7717 8947 4501 2795 6902 1356 4516 7294 2474 1914 8927 7459 3001 7638 1239 1015 7421 955 4157 1190 1342 808 2452 3734 8447 5556 8407 5478 7779 7714 5486 6001 6277 5189 6173 2391 70 582 2862 6045 6695 1235 8177 1956 7274 3130 3328 9432 5268 9607 8408 8090 4710 5866 1685 1280 4684 237 8428 2027 3237 1460 8015 4729 102133 6821 7069 909 9015 5466 1240 2428 4839 1733 9531 9848 1599 3283 2076 5954 7776 1188 4206 1036 2963 3979 5402 1661 4176 9425 9967 3992 6560 8830 791 3823 8046 986 5644 9476 5155 103345 3691 6977 98 326 3815 5785 1920 3993 7986 7886 5688 6123 1240 227 4767 6721 9836 5445 4483 2472 1462 5318 3481 8041 125 9770 5512 1389 7282 4598 560 4498 3101 1989 6095 6030 4317 9165 9301 5795 410 8130 1254 5860 107820 2313 2832 311 6225 6032 6365 4219 5515 8092 7627 9180 8409 1890 299 7221 1528 3066 6887 9382 136 9201 3495 100582 5715 302 7157 3866 4780 2423 5456 2870 261 103157 526 8371 4660 4118 2086 106066 7190 3617 2205 2512 3043 9567 1374 1467 3157 9816 6447 2020 8772 6571 8930 3973 5155 1491 1258 8021 1537 6566 783 650 3496 5071 803 9166 3002 8767 2645 4901 173 7951 101078 2941 3044 553 1979 903 5569 4536 8370 4917 759 1501 7768 2757 3941 9779 8026 8253 4432 4725 8459 951 4927 2351 37 1135 2429 4643 3315 6938 3386 829 7695 10 2435 9896 8552 7792 1860 3362 5206 9681 9467 3149 2417 7275 303 360 3470 6425 3297 1134 8443 9318 3345 205 8654 4591 196 3706 8104 8348 9908
8435 3392 672 1321 3780 4574 8190 2055 4414 6324 5327 504 9045 5716 593 4939 5945 1486 1810 5740 8392 2200 2318 2775 6897 7732 4485 1335 9052 1452 1857 109748 1705 1857 9286 7581 8454 2260 6410 5873 6724 1748 5511 1092 9548 4778 2335 4400 7390 8322 8320 2682 3627 2699 312 5863 532 3471 3178 4191 5537 3143 3985 7073 5255 7433 9317 102407 228 9796 3324 9962 1308 1086 4067 3465 618 5451 7612 6007 3071 108113 42 1123 7870 3338 6379 107723 5036 7193 3206 419 4690 7856 6741 8515 2917 1282 7172 5839 1015 6869 5291 2363 3935 4602 3928 3166 5511 5087 865 2934 7812 7348 2937 5837 6683 7326 160 7627 9714 107033 8976 9452 5333 81 8693 4866 7739 9682 1132 2926 1096 1902 2464 6347 8515 2143 3745 9052 8618 9774 2022 3592 117 4867 372 2146 3993 3838 5087 7310 1391 7318 9536 9568 6356 7504 1128 3847 1985 2338 2421 2027 8045 4824 3250 9347 3714 5910 5732 106058 1629 1567 2034 546 3242 100166 356 4217 6560 788 7311 2668 5033 1961 1343 6825 5013 2086 4663 5641 4367 3002 8598 4814 2272 4299 9850 2953 7410 4295 585 1360 4600 6796 5645 526 4124 2325 8304 103995 3976 358 2313 989 8666 4458 5493 591 1394 1754 5402 9057 2813 8849 167 6272 2551 494 5488 8455 8397 6970 5337 6518 4881 3291 321 2723 1681 8312 4273 3966 8665 5165 8292 4794 2920 1729 6025 3544 5649 8710 3239 8133 4468 3873 9506 1928 7724 9547 4411 104069 2985 7031 7196 8101 961 2085 8387 7721 1282 4678 8494 2700 5884 7633 2777 3529 8717 7509 3316 8910 6300 8352 1865 5535 2922
2720 103628 622 2230 1864 6356 7705 1168 9925 8009 452 5856 5713 9358 1337 7512 1400 304 2077 9255 3386 8783 8037 656 8960 686 3224 4698 3121 4918 9159 3753 2391 5264 8970 573 1054 386 1437 9385 685 7032 2300 6486 985 2071 8010 1401 2502 9215 8984 6931 2319 351 1619 2552 56 558 799 9491 1425 903 1059 8983 5006 707 2437 5624 4997 8286 1496 1595 536 931 7379 1532 675 6393 4644 5967 8200 9378 9157 969 7529 5313 1741 4671 5430 8300 7562 463 408 8275 221 4318 5037 6432 7031 100321 3077 1167 2115 7136 4747 5472 7203 3576 9065 4906 2304 673 2757 2354 8876 719 9152 2524 5562 6492 9298 1153 4449 4694 5950 2051 2557 5748 7611 1853 6534 7663 645 2862 613 5631 6481 2135 4900 2500 3633 2290 4517 1430 1095 4342 2198 5599 524 6329 1635 2247 995 3765 2940 7632 970 8270 8137 4643 7441 2722 812 4554 4559 3762 9542 7616 6785 8737 8604 3782 4435 3178 6203 3368 3252 8951 4794 6159 9253 7631 6511 1544 7747 8191 3364 4789 6053 1229 2267 7122 4360 2201 272 9658 409 5284 1150 2843 6290 6037 2533 5736 6425 4298 1979 6366 1621 4428 7344 3017 1683 8359 2598 7047 1896 8360 3824 7277 1591 6247 1642 1289 3317 6391 1402 2776 2524 4332 9078 5816 3517 6668 1446 9505 7129 2329 3387 1216 946 894 1073 2388 5661 5928 7536 6796 8139 5607 5737 6272 6712 2437 2655 6160 4387 502 8467 3770 9504 4369 6661 1952 2106 670 6184 1832 4509 6048 6134 694 9395 4181 8819 5015 2236 7083 358 9119 3524 8677 1061 4086 3744 9935 3089 2735
2761 7150 9042 5337 380 9884 4164 1417 8049 5490 9826 2295 795 4182 1153 1256 9183 9224 2897 8316 6728 8520 9791 489 2986 954 606 4792 2054 7132 5960 1230 1518 6359 1248 8542 6762 852 1545 2524 2457 449 9836 7765 6956 4788 8006 4110 3183 5600 7232 1466 3193 9030 4260 2128 9351 5997 4652 9132 1444 676 5676 8309 7787 2792 9283 1743 688 1042 7390 3874 1564 7810 5919 1786 5463 4178 5948 6912 9387 3060 6298 7545 9959 2893 3579 4478 5025 6470 7862 6844 4288 6545 9110 2620 4888 8521 7893 1669 2935 781 8283 7745 2256 6174 9393 6894 1990 4151 3931 3766 8139 5997 2342 1393 8553 2646 2798 8889 4769 2447 2676 4334 3395 3433 4525 6491 5725 259 2366 5113 1319 350 2198 2866 2702 9853 1053 6761 2015 8603 7836 760 2135 3442 6461 4522 2008 7385 5589 1466 6767 4173 2078 5308 3076 9364 9882 4235 8322 9358 1300 1698 9623 2124 4041 9950 7262 9494 8840 659 8683 1383 7702 4895 7495 1836 7525 204 2093 4461 854 298 8787 6539 2364 6300 6381 2315 67 9378 5822 4577 6609 6647 7601 8433 8412 6156 2648 1457 2940 5156 7714 5667 3266 3457 7154 2258 4953 2847 7613 2251 3355 8848 8181 6303 5911 6680 628 9589 2434 6361 3722 2085 748 786 9275 930 6837 5091 5155 1207 6848 5189 5260 7350 1190 1880 9169 5965 7006 4156 5043 155 1387 3635 8492 401 7335 4183 6338 9515 191 7145 8175 5457 6718 5002 174 2297 5006 2349 1736 1616 7372 5756 8976 1657 2300 346 2252 549 6958 4201 7894 1364 3567 2093 7313 410 5634 3841 8303 5909 4544
136 2146 4606 6366 247 6258 702 8303 9969 1695 5731 4633 4690 8024 2068 7116 9953 9163 2081 4160 5887 1181 1790 6510 8101 5660 2545 2050 9054 51 9146 8095 7424 9262 7923 9316 1377 6063 8104 1806 1975 9456 2937 2062 8192 3066 7550 5852 2083 1621 202 8508 4951 5889 3906 992 7523 1365 432 9438 6054 6614 5091 372 3080 5498 2905 2969 7776 8556 4720 9221 3303 1795 8330 867 2524 7967 3631 2886 3498 2628 263 5979 7191 1738 6744 4718 8207 147 2332 127 8369 6223 3399 3365 3159 101949 1688 3571 1660 1443 94 2251 6409 3375 8877 8337 4016 863 9632 9521 8477 5838 9489 324 4009 9952 9287 5086 8913 5616 6688 827 3431 4151 287 460 1863 4832 6583 7917 6381 2234 3721 1225 7429 3982 8954 2303 130 1393 4825 3990 7748 2796 9743 5839 5172 490 9848 891 385 962 1041 6029 432 1638 9155 7504 3679 2715 1775 6108 2587 8874 4425 6165 6179 2982 2042 1141 8396 5167 577 4220 5718 1862 298 5669 7743 7586 2226 618 2583 7266 5882 762 5236 1428 8266 8970 4007 4822 1623 3258 3758 8043 6519 9561 2763 400 101 6540 3637 9295 3745 2299 4317 4820 7834 732 4388 8670 4014 5221 4683 728 3569 3372 2699 2233 1372 4561 231 4424 5128 8862 4510 6228 8107 5293 2661 8612 1426 9035 7349 6858 4976 12 6384 3037 3670 2495 602 2679 1060 7043 9542 7132 1102 5514 1582 7036 7714 909 3415 987 5929 1888 1220 7583 5548 1400 1642 2345 1722 8634 20 7976 407 8837 3975 234 3767 1267 4713 2821 8539 5356 4766 2917 2890 6620 3475 7558
5860 8806 9375 3557 2307 5689 4166 3298 1763 3922 6384 4217 4100 6961 6042 5969 5502 6112 1131 787 1492 2370 649 5503 108811 9129 8876 9644 749 7739 4500 1488 2633 3205 7607 3535 2718 3088 926 6070 107928 4755 16 1962 9081 6185 7103 5660 8444 2709 5570 8656 4854 7203 5170 1407 6333 4257 7913 5690 3902 9390 7447 783 5882 4289 9591 209 107489 1293 4674 9027 100706 1028 5955 5669 9056 9017 3259 610 1209 9819 9765 5689 2036 7711 7868 4411 1049 3564 8827 2852 678 6477 4102 6142 1710 3635 488 7986 4356 9753 4188 2337 3321 1260 223 7778 6594 1482 1862 1420 2334 2170 9868 6086 327 9149 8399 972 9462 6803 556 5285 2348 8913 2919 4228 100014 2513 208 3628 8464 3995 5539 7671 22 6435 1902 4152 8903 147 1400 6351 307 7578 8480 4702 9958 7317 7555 2442 797 653 8483 6724 4825 7153 9652 5976 8946 6357 9576 9013 6829 8395 3166 9902 3313 1698 5447 4705 5062 2124 425 710 5711 9092 5719 442 266 4095 3425 7213 838 8722 9975 1560 5892 3269 116 8291 449 295 6937 1142 9411 6802 4343 5406 2257 6351 5601 2771 7096 6141 4786 1304 1851 6687 9851 8402 3531 9140 2463 5180 3624 1547 8850 3770 3510 1573 1263 2349 259 9149 1545 4903 5272 1910 9173 2063 8639 4933 5254 1271 8900 399 1465 8140 5822 1731 1122 7726 1136 5419 5654 2209 9755 2127 2603 754 7511 2458 7341 8062 6834 9137 1874 4768 3655 2498 592 9257 8034 601 4813 8245 9011 7481 279 5499 5745 3593 1766 981 4642 9212 5119 5666 2552 2086 6250 6728 670
6860 8198 8541 2419 8939 1147 3096 5670 5115 4368 2340 2579 1749 8366 6853 3372 9443 1109 6397 3532 4728 462 321 3016 112 8576 1656 1895 2744 5719 1028 2100 4561 6514 1172 8593 8625 3499 4600 2605 4091 4637 5399 9897 8160 6449 910 8104 9958 2201 2586 9350 8360 2337 3016 4331 5486 8275 5018 3151 7886 1690 8109 6624 355 569 377 4113 733 5052 1881 390 5369 63 6795 5869 6547 1582 5514 8431 3241 6333 7322 1624 3569 1737 6995 109602 8782 7598 2098 3785 5455 5755 3084 8171 9577 1475 5477 7070 1958 1141 7121 9590 9902 3214 856 5703 3317 5501 4719 6984 4052 184 2596 2569 7436 9453 4234 4486 6761 9995 742 8444 4788 4258 7881 844 9179 408 5600 9342 8693 782 392 5415 1952 3954 3414 7326 4574 3622 9398 6572 7696 7729 6369 8194 2897 1029 133 6511 1190 1745 4768 1105 3219 9991 5084 7852 8354 4144 8610 2761 1489 7743 2424 6017 1865 2212 1804 5227 7814 3346 5542 1874 5556 5778 3641 7226 8118 8457 9675 612 5453 7496 6726 6768 6711 2195 4093 8114 5141 7828 8338 1257 3362 2240 5223 5884 529 9050 6564 2149 230 1287 7033 4978 9560 9506 5380 490 5429 4641 5733 4670 7942 6424 3440 5920 917 2092 499 6887 8125 8362 2889 4243 8720 8169 9758 2447 9374 105598 2500 1861 8709 510 7333 5382 2180 4153 1290 8761 6853 5 6299 2900 3130 8841 472 2841 1191 7355 3944 5139 3664 9324 6335 2161 8900 4178 8277 5010 378 5814 8693 1922 1531 3296 564 4452 1969 5023 9811 2144 8574 8653 1717 109695 8800 5123 6581 8373
4276 2105 1954 173 9736 8816 4252 9243 7701 8132 9220 286 1597 6492 4655 5381 2209 1139 100428 3732 5254 1324 886 6231 6473 3906 7451 4086 7745 1246 334 3305 2148 5212 2714 5006 3788 544 952 5209 3083 6037 7843 5163 1629 22 4170 1846 2878 9217 1285 6639 1676 1256 8732 405 7821 1066 4085 2514 1604 3250 6268 528 8176 6462 1223 6221 7653 1043 9483 6338 9935 6958 7289 5632 9620 8862 9757 9180 906 7456 4313 6765 6954 9691 7997 5075 7891 9118 4554 8826 2561 2775 2119 2879 2655 7622 371 8883 8170 5216 7164 7166 72 5336 5824 7862 3562 6603 8209 3503 2286 2234 1342 2341 4584 8798 7601 1672 7809 6263 2451 8743 6112 9829 2662 5297 2809 2443 5396 7159 5491 5265 4516 3254 2239 361 6830 9892 3685 8596 6751 7497 8241 9142 3790 3472 1374 3575 735 7117 1169 9915 952 5393 8298 6181 1411 5436 1094 2823 2196 2626 5849 8989 9099 1186 7642 443 6043 2707 1839 4099 2412 9327 1387 7452 6495 437 4677 1855 1025 4889 1259 9476 1121 2079 5702 4733 612 1976 8591 945 3481 8732 483 9788 8905 1337 6115 3204 7089 3626 2111 2431 2659 3724 4036 1188 1114 3693 692 2607 9133 2261 5525 5257 3605 1210 988 3991 1250 2926 3307 2673 5387 4636 2249 1126 1733 9572 9953 7182 407 2914 206 208 1995 3670 8197 5286 7190 7263 7859 6557 1692 1993 5577 5089 6942 2601 4597 2521 3045 9014 5715 7551 868 5835 6243 9299 8585 5546 8381 8432 5396 8243 2371 718 891 405 37 4970 3853 3652 6235 5571 9605 5100 5486 4950 7554
9013 5816 8957 9989 1991 446 9875 762 768 3642 8971 1963 2708 7550 3921 9969 9156 9862 3473 1324 1730 9885 840 6421 4468 883 4344 4210 1927 6253 8335 1450 9541 8941 297 9274 170 9060 389 1031 6980 4469 4870 340 9993 7772 5371 998 7070 2783 193 1238 8165 532 1016 1495 5958 2947 403 3882 8305 269 2420 2526 3458 1581 106375 5131 7350 45 9053 2753 2190 8221 4556 1996 130 1824 949 6635 1880 1783 8823 2849 9557 8930 4530 9099 7314 6883 1342 8500 3859 5158 3597 9798 212 191 9854 7761 1124 4354 102275 6593 1527 8776 1190 106 9639 3873 5271 3991 4283 821 1209 7109 4010 1727 702 1609 9601 2156 352 1145 3700 9936 7474 9097 5586 9003 6230 3332 108 1562 8448 9406 4759 2256 7994 3192 7759 3319 2169 1460 3454 4401 2032 937 7886 2500 1460 3753 5755 2614 108993 1937 2269 3316 6107 2448 1076 7257 3830 5052 1173 3710 9642 9330 757 6397 6561 204 3059 5418 4691 856 7674 340 6037 8294 1334 8984 1789 914 1656 1575 106121 8659 3957 8169 3536 1459 7284 1346 6584 2097 7751 9764 7146 5155 6873 1173 8548 8831 2362 3427 105101 9116 5399 4229 3566 3572 5533 5843 4815 8061 2286 1209 3424 4441 8021 9832 249 90 4983 4365 1251 9610 8764 5622 4233 6330 6796 8178 8441 1033 749 1993 2112 7224 4188 3276 5029 8203 2681 2974 8420 2514 8344 6995 958 73 901 5032 3182 189 6824 3795 4656 9776 4153 1340 3389 3583 4390 4012 9098 4738 7091 5460 6418 5123 4545 6930 6432 9587 466 6128 4162 5017 6860 2190
6075 620 1132 193 1256 8724 5629 2123 1989 747 7657 2204 8016 6602 8158 1353 7902 2145 1285 2333 9628 6807 1615 718 2153 6627 3137 6289 8355 362 5042 6128 31 9882 9971 4203 9837 2246 8862 685 8507 9411 4033 6592 6264 9122 1245 6195 3372 1424 1482 811 871 6922 2414 6248 1095 4197 8734 8602 8222 9532 7508 8691 3074 3163 5233 4575 3511 7964 5860 289 7834 1392 6300 6415 5503 2769 4203 9538 6862 2245 2395 3255 185 2469 6901 137 530 4207 8016 5138 2970 329 7975 303 2125 4503 223 8516 3308 5438 8903 1664 108122 9354 101264 9442 6780 9821 4991 1228 9787 249 1456 4487 2364 5568 1373 616 3330 1770 8304 7665 3793 2903 3110 4699 8630 6677 4804 2930 2246 9348 2142 2241 8660 3624 1221 3136 3127 3839 3441 4427 9163 8116 2656 103493 5878 691 5070 5389 9662 6269 5173 9344 2794 830 6982 1695 2406 1198 4329 1650 9787 6725 1602 8300 1566 7107 7797 7425 4024 111 2330 70 2070 8957 1012 6184 1185 197 4639 3776 8064 290 7992 8565 9597 7272 2 6115 3334 3850 3478 2667 1845 5259 1786 2202 6258 3139 8101 862 8167 2436 3538 2406 6724 2926 2563 5401 2420 1567 5832 5642 9903 687 7153 5115 1970 508 8288 1632 9660 6385 6882 3669 9083 9452 7999 8546 3286 9328 271 7229 103468 808 6352 8993 5869 8909 8838 3679 1239 4634 7346 4162 6612 5821 8535 8471 2433 1169 7064 2460 4162 9290 8501 9272 309 1697 4024 780 3268 102017 6235 8937 7055 2033 7469 7938 617 1763 7925 4946 4673 4348 6981 7521 5221
20 1810 5043 2722 544 1731 594 6287 4559 553 8253 1850 2274 9982 5665 9651 752 6177 6391 9736 6344 8224 654 4912 5080 8935 8363 7276 781 5480 5517 1131 6348 3211 5398 1021 6737 5097 1335 4475 5686 3507 4619 6484 3815 8937 504 5947 419 1303 5857 7071 8021 7362 1871 8299 2259 9236 1712 102815 9127 2692 5729 4270 4909 4458 9800 1963 1276 9073 1605 1069 2136 1630 8235 3434 4071 3056 377 9571 8035 3848 8830 8300 7535 1035 6860 4848 4366 7221 8012 8738 9696 1409 6274 2935 6238 5526 8210 2162 5272 8516 7795 8479 2109 2976 6964 1140 379 219 9212 9701 424 9834 966 1880 9408 4498 1437 5304 6735 5074 104436 1709 5153 3526 1354 8252 7912 184 4747 7451 4959 153 2378 1944 3613 1089 7294 4491 3499 4644 1482 6648 3145 774 7618 8249 8814 8719 267 2172 8975 103234 2322 377 3282 3883 176 4183 707 8759 460 4575 1687 5353 6673 6768 9551 3306 945 3125 3775 3488 6666 788 7728 7507 5529 4297 3282 1004 253 1858 1126 5934 2701 7068 9755 3657 6332 286 2439 4300 3323 564 9161 8428 7008 2159 5405 7987 5494 7595 3903 3018 8629 8097 2739 825 3907 590 8228 1598 9915 2532 3036 125 3533 6095 2596 2504 5655 8955 1356 103647 1010 596 8973 25 3023 9085 7085 1747 9284 437 3 9672 6242 4615 4411 3618 8889 5218 1420 2624 2782 3497 4984 7624 2475 8219 4948 3647 7287 2644 2745 104663 8121 1829 7835 6504 7671 9651 4776 4995 9283 6172 2242 7298 8921 4751 1552 1492 8002 4411 5746 6375 1229 6888
4292 7431 8574 6182 2309 6023 6455 6643 3400 9005 646 641 4810 3330 4447 3255 7397 6394 9388 230 4213 4385 2162 207 3402 3847 6774 4691 6445 4254 102640 7675 1478 641 3342 3641 8061 7671 8924 143 543 3816 2579 9855 4083 3375 2928 434 5374 1169 5958 29 6324 1293 2006 8288 3472 1108 6590 7953 6646 603 479 3657 4103 8302 5220 1773 708 4040 1008 1328 8439 33 999 7047 7726 6918 464 9021 5097 31 6745 4967 2407 8557 5036 4667 6780 4723 1297 6381 1829 4406 1523 5466 2927 792 6807 2665 8340 3521 9562 2286 87 9615 6523 7936 7395 8880 489 9678 104463 4717 1966 5358 3109 4122 6684 5078 8772 7163 4439 3071 5362 3753 3091 6566 213 9508 399 3156 9700 8075 291 2401 4457 8315 2854 5764 9866 8821 6979 4206 2872 755 5996 6265 9736 7803 7391 2555 7473 1924 952 335 2964 2441 5816 8789 109731 1341 2453 1000 105883 8142 9442 2193 4787 4604 8928 4682 2570 9243 1684 8934 8460 4696 7371 1967 3174 6825 3676 6800 8570 3528 1005 2469 5477 3376 873 1263 3983 6968 9120 1468 3106 7729 5503 3942 287 6283 7841 6362 2525 6221 7974 5789 5331 8580 9860 104890 4968 105819 9835 6511 4793 7516 621 217 8859 6870 2750 1484 4210 864 3480 3512 9937 109325 4114 6600 4435 9408 9618 621 1865 4305 1457 7834 1860 3776 8622 513 3478 1290 6245 4287 372 7691 1057 3539 1423 3411 6479 7012 388 219 5542 109764 102832 1753 3156 879 6679 101058 1210 4793 5079 7152 6587 9895 5161 7140 5745 2460 7720 2686 6593
2791 9972 1643 496 8843 9369 2589 405 8240 9532 1553 5008 376 598 4014 3820 5860 5205 3802 2034 9895 79 5825 8366 5163 1080 3784 3013 6339 1829 8558 5111 4753 5297 7988 1282 8985 1249 6943 6183 1158 6324 9644 209 9180 9933 9747 3378 6221 9699 2303 128 3391 1592 6029 2337 5198 4201 914 9139 4206 9526 4866 3808 4036 6787 6367 5455 4342 734 8111 6013 4591 5250 289 238 6456 104347 1 9647 9475 1355 1178 8766 7498 9468 875 125 108856 614 157 6994 101 2419 7748 3538 1800 850 4676 1984 3432 9385 7910 8176 2964 6767 7546 7281 7236 3545 463 8218 431 99 1602 102612 5342 1441 884 8361 593 7910 767 1915 4512 4 5209 5704 2037 933 4602 3996 9529 8347 2795 3191 763 67 9263 1521 7464 4047 1463 3531 7799 1827 5776 6024 4805 7600 8447 5293 4929 9648 4721 628 7144 1361 9900 2247 4339 3686 8858 7083 9583 6650 6631 8730 108078 3078 4312 4534 7836 260 6270 571 2053 9477 6924 292 213 3153 6133 1409 7520 8125 102250 2328 1379 690 7411 8425 3898 7259 5643 8230 5300 5678 7921 9170 7828 7999 2588 7593 5497 106178 1726 2097 7568 3648 3757 864 5112 1195 8382 8814 8550 9909 7378 364 5354 7310 9670 7269 8738 1309 5254 4116 2062 7473 9810 502 2996 232 2243 6129 1269 9215 3151 6949 6015 283 7083 1186 6724 4408 9809 4619 9339 304 7923 5018 3654 101198 1550 3427 4180 8691 5170 1117 7239 889 2849 2030 4936 4983 5222 5270 3498 3604 2200 4512 1900 223 4895 5028 7027 3358
6903 2016 8504 581 2723 3497 77 6378 2563 6556 9446 2071 7736 2537 9110 2671 4999 8067 7831 5125 1725 9841 1438 1465 3474 249 862 6884 7281 6925 4444 966 6327 4742 259 3518 3338 5473 2105 298 6860 6855 5521 4543 2480 305 3475 107451 6092 1772 5929 3337 8511 3289 3563 38 3445 168 301 1346 9816 5574 1079 8040 9386 2612 7189 6161 657 9243 1969 2757 3234 6140 4526 3476 1025 4349 9814 6677 8903 1313 1846 2733 5061 9830 3095 1682 5992 5285 8753 4496 9101 1062 6556 4972 6487 7683 6407 8759 6591 5565 5580 5909 652 5700 1411 510 483 8755 4055 7989 2544 6474 8262 3463 7414 4001 4172 8342 9635 8233 7586 423 5528 5941 8643 5577 6519 6393 3392 296 5773 2130 3604 7024 2723 1206 3962 4949 1760 9005 9646 306 1841 2048 7921 4417 2635 3873 2913 5387 303 9419 1000 7488 512 2460 2628 489 4706 7424 9223 9563 4931 3551 4848 8495 2158 3338 26 5905 1245 8578 8179 8741 719 6138 7471 449 6043 3374 1886 7767 1332 2564 8795 7249 8189 1489 247 5458 3679 1071 5046 5786 3512 1374 8408 602 150 3321 5818 8457 1893 6810 3230 7990 517 2929 5320 7919 3983 8897 8411 2786 7929 1931 5300 8306 7561 9134 4148 4125 6246 9871 2068 6923 1989 1302 1524 5977 1459 3994 7620 6422 4910 5502 7591 5101 9977 1611 1013 4693 9359 992 7952 8406 2711 7864 8745 5229 4809 5659 4499 5249 7089 7975 5400 743 161 4272 6188 2371 6556 7669 4543 7888 2528 8917 6038 7778 2483 226 1388 4602 5026
2678 3493 9401 5702 8483 7427 1320 8215 8255 5149 9944 8293 1775 1916 2678 7781 9843 840 7121 2249 1043 6835 4143 3540 7176 1492 3308 8828 126 7190 5749 5937 5592 1698 3972 4332 5221 9707 1389 8779 8274 1928 4440 6589 9280 2391 2432 1161 7271 3136 8219 3828 3050 6504 747 6690 5629 9927 6869 4444 4901 100924 2207 2531 6608 8447 2671 5140 5589 2311 101746 1293 2300 4349 91 8879 6272 2129 6748 404 5508 9948 1545 146 1477 6694 1995 49 3790 9928 5987 2170 9761 3460 9552 6273 3989 6068 2866 7604 2107 2033 4672 4340 8310 3909 599 1171 9082 2034 35 1102 435 9060 7027 238 4649 613 920 2714 867 368 6079 9487 458 1272 2096 9650 1231 1641 5349 5845 6144 1263 1182 4760 8439 1319 324 2418 115 1378 3741 9873 2091 8545 8017 3310 8672 9837 2058 6500 226 3798 2145 5746 518 895 5654 8943 7687 5927 6031 5854 9611 2459 9334 418 55 970 3212 676 2325 2266 8050 9890 212 7385 7450 442 1265 3238 5913 5320 7701 1985 7072 6012 2319 1696 4779 5919 708 8900 410 6568 2196 6444 7614 202 4687 2008 8326 6944 109207 1328 1882 9820 8695 106550 8919 123 9620 5288 7261 5805 4980 3147 8869 4452 3245 1413 9992 8907 6270 6986 9100 3258 2435 4106 8783 1255 8021 7256 2617 1326 7569 106333 125 9348 3899 686 5600 5481 5314 6060 6845 8380 4517 7483 665 2643 9526 5077 106083 4491 2814 8591 605 6909 3873 9164 9873 50 2676 5985 2622 6872 7532 650 7474 1957 3576 6427 5789 4283
7698 5688 9683 4493 162 1641 7938 4033 2404 6088 9348 278 5707 8573 5783 7608 1670 940 5580 3010 3729 104989 2765 8500 9759 2173 6290 4917 7943 9619 2901 1706 1132 2678 103989 9383 7154 1484 1288 7781 4734 7910 9285 7669 1709 1003 609 5620 3224 1585 3175 5888 422 1971 2589 3002 8226 2704 8741 5452 1375 2560 8242 3101 7129 60 2252 1010 8734 2094 1973 9384 4381 9607 9660 100783 5581 6400 8946 5849 2017 8851 3132 2691 1690 1083 6760 2883 222 8569 195 5651 2408 3993 2698 5693 3904 7540 8464 9432 6765 2230 2527 4513 2519 3075 2978 3069 7938 38 4243 7838 376 7786 4657 2916 5094 3997 2292 106982 3578 4466 4756 4786 4811 182 7814 8577 1289 103812 9816 4654 2807 2637 4448 3481 871 5810 480 6231 4628 5332 5068 5772 101 1807 8463 923 3425 3297 1322 9853 6670 7921 6335 6992 3743 2766 1950 3794 9661 1478 7774 6015 884 6041 6046 6775 2 2604 4907 2996 2891 450 645 4010 1841 7160 6766 5487 9171 3552 1106 9613 1187 9296 3741 3590 1292 3675 1354 8024 7171 433 2536 8337 3645 8851 754 6756 8258 3850 4974 7116 2432 5544 9781 1553 5091 2926 7749 7481 3444 3008 6788 102864 4896 9014 1126 7995 9242 5748 5697 9818 3587 8941 3039 236 8969 3923 2659 7655 1758 1074 6431 3368 7114 1678 3638 2040 108820 103786 1102 3264 9821 7434 328 5310 3341 8635 7538 9112 6306 1041 3164 5136 918 5330 2491 8585 592 8866 9899 9417 8238 333 5464 4784 7730 4668 4030 6520 842 1714 8015
5757 6037 742 9877 7294 2610 7015 1833 4101 5355 3595 899 2884 7251 3528 7299 6816 5787 7734 6800 1090 443 3284 5295 8187 4767 1242 2358 7912 2287 7055 5649 599 2292 1597 4868 9337 408 8610 6066 2217 101726 1128 5630 5531 3986 7527 5377 3848 2145 8264 1739 9129 7196 4413 5117 1426 105 2880 678 2082 2059 5754 2668 2759 179 7877 8157 6599 1142 708 2103 7132 2145 8881 3669 4032 3067 9687 8907 2394 8026 177 6516 7399 5097 6578 5625 3372 856 279 629 3995 7908 1050 2007 2693 985 1144 7720 1647 9141 3429 6702 151 5806 7470 1984 2905 2519 9664 3274 3421 7647 5175 5283 1635 6827 2698 3485 1154 5525 105045 1741 8797 2596 4550 4268 4648 5694 2173 3885 6153 5436 2493 9200 2530 6061 5032 2662 5150 2605 5482 5366 1690 3223 8644 1775 518 8377 2988 2399 108460 102311 6307 3124 3504 7730 7928 2625 1128 6683 3723 9331 4735 5443 6452 2133 6548 3188 6149 144 104 741 765 6343 216 5594 2415 386 1832 747 1570 6504 1697 6342 6874 1779 843 7159 1223 3455 105663 6023 5004 1860 6646 6818 3923 9540 3814 4397 1855 1222 7279 1048 898 3332 5808 8065 3072 7858 3536 9321 2627 6976 6601 9675 6000 5362 4343 9114 9003 4638 8338 8250 4439 2694 8552 3298 1888 1430 1424 6592 5164 6112 826 2029 703 9430 3530 8099 3646 6056 5462 8956 407 959 1630 8525 7695 2809 6012 6835 9740 22 1964 106524 9668 4338 6221 7466 7397 7620 4729 3603 5542 6309 9538 9965 6765 4774 2237 2856
851 1964 7619 3355 4758 7101 4565 1572 6878 2015 9729 6875 6434 494 5907 6470 9243 2719 8365 1378 328 5588 2873 3424 1668 2271 5150 6142 1269 5465 6274 888 8918 4917 4655 9535 8360 2785 8681 4425 3220 4925 4014 6328 3221 144 559 639 2004 8887 5567 8707 8931 9854 8793 3743 5901 8500 5735 9002 4766 9114 2080 8748 7455 2141 8625 9519 9493 6900 8272 1315 2843 4140 4796 8373 1533 1794 1801 2976 7703 704 8587 900 1516 908 913 9174 8123 7389 9540 3688 7871 6528 512 8843 9126 3210 690 6947 6501 4302 1426 7242 8314 4610 2643 6727 8402 8077 2073 5424 5308 2227 58 8253 6461 3508 4216 1263 9125 9218 4990 9729 1266 8322 57 6046 4740 5589 4953 3235 6096 101351 7256 3062 1417 6407 2762 8424 6460 9289 4838 8551 3003 1560 20 535 3277 5616 9175 5713 8915 3851 6845 1660 1230 5545 1924 4924 7087 6326 2927 7576 2287 5911 362 2096 3152 4725 3306 5503 1171 2765 9048 2621 956 4695 3152 1896 8772 2230 53 693 9485 1807 5576 7329 5179 6285 5576 1437 5408 356 2460 777 7448 1813 1903 1823 6503 7106 8762 4388 5296 9043 217 4827 247 8279 4311 4267 5353 8783 2139 1297 2043 3191 3527 665 2288 4598 4270 4009 3695 107737 9879 5886 4020 7163 4063 2188 5366 1751 9331 3744 2729 8465 2110 9288 6709 3010 224 117 8262 514 8976 4016 8709 3227 4916 3371 2871 3276 7822 2457 6853 3643 5080 7568 44 8799 4516 1758 8389 908 1549 8314 7432 1808 9522 9820 9852
5774 5028 8000 5570 8633 670 567 6355 2259 6900 463 4535 6614 8767 1828 1768 2835 3672 5494 6390 6762 259 9869 7901 103017 2127 6154 8963 1352 8267 1632 3942 276 4731 1475 949 314 5578 8528 1070 1287 8514 269 6024 414 666 3026 1778 729 3135 2648 9532 899 8247 6177 8212 6102 7954 3097 4180 6416 7953 5163 6921 8108 1052 5719 3672 4238 318 6242 2620 5359 6196 1662 3379 3674 9174 7724 2201 7861 5589 8095 469 1492 7526 1107 83 3306 5021 3822 3842 3986 3677 2245 3183 446 2047 914 7537 589 2530 677 2758 2946 1026 9593 1006 2435 4364 6217 4807 1583 560 1442 9640 5859 9864 3706 3491 127 9497 8017 3236 8084 107095 1639 1871 1889 3181 3327 7481 1055 3645 5730 2453 2105 8725 4023 7842 1472 101171 2961 7811 5438 4987 73 3711 4521 3590 8254 394 7179 2189 4219 3252 4239 5350 4568 5808 6622 2862 9763 1272 100523 8888 4992 6351 8780 7957 3758 6727 8763 7252 413 8645 4251 444 221 3249 5038 2520 7656 3666 5734 5778 5970 377 1179 9379 3648 9804 1181 5833 344 6743 923 6202 1751 3854 1267 3721 8152 7798 9322 4055 9651 9492 1806 379 5893 1654 938 9797 7279 8161 6650 8655 5665 1163 4672 3909 1192 2346 2758 2551 2965 92 7381 92 3456 5273 2981 6730 4333 9557 1366 6819 1454 682 3167 3953 7177 2390 8949 8518 9419 721 3134 8317 3469 530 3686 9157 3670 3906 5361 9807 4370 2049 9298 6086 1714 5671 2460 1263 8275 5038 100151 6273 755 7294
9590 6662 9169 1753 8374 1106 533 1865 101817 4132 5632 694 8692 1899 2789 101404 9189 7338 9080 7244 2042 7967 3365 9330 6126 2849 6500 1175 6901 4168 7724 856 9146 4177 5814 4407 8950 1010 6772 101328 612 3947 8945 2239 1667 1630 1642 3744 8492 6752 4926 375 8020 544 1106 1441 9988 7815 536 2202 8807 1585 1152 4880 7796 6811 4367 2312 101917 1629 1216 832 6391 9179 7977 8581 3323 7174 7487 3510 5404 7064 5820 3432 7306 5184 8399 1948 7942 970 6293 5182 103 9555 2296 6559 6620 5051 7093 8564 7251 3996 3873 5776 74 1419 3374 3200 5876 5612 43 8038 107182 4699 7914 9545 9778 5976 4567 7243 3468 3458 1925 2778 8219 5671 6570 2299 9050 8490 2334 3556 1968 6327 1680 776 6004 2436 1866 7945 7509 2280 5958 2809 8970 720 1745 1905 1285 3567 1391 2934 3469 9366 4431 6024 2092 1316 9088 493 3638 9664 4516 510 747 6165 1268 5200 5343 5869 7957 1958 5144 6305 6041 3589 5495 832 89 9304 9179 6862 4817 1077 1666 4654 5820 7711 7698 595 1890 5981 9591 7444 3071 1020 845 6543 662 6560 7137 9999 6693 2753 2739 7840 795 4291 9375 8146 1800 598 6780 5788 3252 8480 9667 2692 4179 4535 5908 6940 8406 52 167 9183 3509 3972 7183 4284 3117 7120 5555 513 6436 672 223 5292 4885 6348 5576 415 1816 243 1679 4066 9264 95 6968 1485 3676 488 2940 9270 7302 440 9276 8568 4656 9392 1718 7237 513 8361 9885 508 1626 8893 724 3630 5437
4870 6955 5566 80 5527 4669 3672 9582 8394 9881 6452 6255 5162 2672 298 1402 5171 8719 6695 5880 4598 5149 1505 4426 8209 1766 488 4477 654 7178 542 103741 1419 5952 3400 2616 9338 6351 7605 629 9530 5374 7647 4405 3749 3257 991 456 4875 9879 4838 7091 2512 6907 9753 1665 1041 728 60 519 333 5720 275 5245 6769 105662 8357 8761 1860 4987 2658 1294 106101 5534 5302 6693 1506 7119 103342 1146 474 2030 6139 1515 6116 2391 132 4893 3218 8649 9009 8592 9601 3991 8102 5091 6450 1535 2284 8394 4414 8649 1110 6319 8228 4802 8754 2232 9287 7114 8671 9848 3799 1258 3918 8455 2300 6810 1820 9238 314 102530 7294 8078 193 1135 318 889 9669 1369 7206 109172 8382 8611 1802 8450 4176 2738 283 676 781 3137 5480 1560 1433 2612 600 2224 6943 3036 100550 6757 8819 4491 3980 4443 519 5032 8708 8870 9314 8085 4250 365 7981 415 9061 1823 6960 1254 8504 7763 9741 3822 1604 2052 6410 2420 1553 8749 109829 3749 4780 9201 5507 1772 5539 8158 7978 9530 1615 4963 5792 2491 7489 6255 260 5574 3776 7500 6043 149 514 9773 8285 999 5897 179 2673 434 1248 3430 8038 4829 9526 9714 2532 6732 8618 8544 1106 2749 8408 7559 425 515 98 7202 7865 9872 5091 9011 7339 4345 109744 760 8599 6309 8240 5566 7222 5990 9869 6052 9786 891 827 1137 2333 1317 8969 2696 1271 1544 3942 3674 9284 7668 5430 1340 3510 9525 3173 1275 8743 1112 7035 6398 1233 1824
1232 3692 9665 3543 1170 1405 7817 6360 5748 8773 1030 893 5289 6558 2673 1508 2402 5556 2121 120 1477 2887 8273 3325 6447 106141 7366 5611 3402 104599 4037 3887 2338 2501 2666 8206 7380 363 3243 556 6841 6550 5654 7645 5378 8314 9577 9737 3460 6846 673 853 870 9371 3300 7727 2664 7920 1234 5354 1734 2121 3225 347 8973 9633 4265 9139 4302 1574 9 5375 5985 8092 6295 4412 2747 4997 7381 6527 7811 3647 354 6276 6417 3326 5334 8996 6760 5084 5890 205 5095 3502 5079 7789 2346 1353 23 108926 6214 2533 4889 5913 7780 9488 1184 852 1709 4182 6014 1982 4408 688 1333 2380 32 8906 1183 3829 1305 3034 558 7915 5652 9357 8710 5995 7457 1924 1946 2503 3732 2976 260 6001 619 8217 7769 2811 591 6757 3772 2173 1530 695 7458 279 9336 5270 3254 8727 3281 6864 6446 1357 8517 847 1598 1789 7561 4234 5723 9925 4881 7023 5795 3744 2222 1456 5482 186 8522 6923 4552 3605 2946 7790 9026 6203 8292 7659 6789 7861 4536 297 5675 5755 676 2443 8519 733 4170 868 1795 3602 629 1035 2300 3214 4724 3308 204 3529 7574 3887 9544 8126 679 253 3851 4274 1034 1856 2627 5206 6871 7818 5115 1453 6518 3625 2617 4354 8125 4105 9816 1060 8279 7451 649 2755 5126 2037 7029 5744 7226 8473 108310 8016 6082 1594 7895 8194 9106 106957 1672 705 1414 2541 855 9451 5078 1025 7100 8451 2986 3154 7588 484 8080 2023 4544 1143 8683 8371 270 4855 8831
6514 472 1523 459 1183 1868 6787 5925 9834 429 3039 7548 1737 2663 4797 2794 5212 776 4793 8872 8613 3197 1338 2151 8280 523 9730 3372 7199 7920 4005 8380 102689 4024 9470 4441 1924 2932 9535 5083 8976 8232 2392 146 7910 2292 5962 746 106673 5285 6652 1392 3548 5645 4813 21 1365 107953 7531 9265 336 2721 1460 4809 6686 7021 347 6916 4271 229 5501 2043 102342 7250 4916 106175 7725 708 1003 191 2601 5100 8803 9946 718 5915 3382 5857 5894 7337 603 9153 9294 3866 7834 8928 4274 7583 4144 565 4986 1049 6100 2445 5045 5251 3802 9788 2005 2561 3096 1489 4570 291 9224 7725 1508 4206 174 6772 108099 941 970 2389 9746 4228 1632 3415 1764 2198 662 788 1148 2967 3405 3803 8899 2836 2676 0 1270 7249 6073 2407 6398 995 5697 3409 2533 4400 3435 3446 1989 2164 4928 6580 4291 4198 3709 106662 4316 185 4596 2312 606 7239 1840 101034 106 667 4968 3012 8505 5086 581 3658 3517 2949 3671 2239 4569 5128 997 2270 4883 7238 1972 7590 5225 5079 43 630 6562 3698 452 8122 2599 1569 8180 9237 2642 5010 4543 9888 2549 3903 5158 2289 6365 4719 1170 2175 2553 8702 1350 4277 182 2459 5872 7845 1773 7393 1728 5759 7519 7721 8700 2226 527 5645 7091 9842 8257 7727 9537 1643 4706 9675 3458 8293 1464 7707 3882 3272 3883 3882 8100 2370 6293 2491 9130 8023 86 3643 4981 8824 1210 68 1317 9655 7487 5603 5587 2761 7553 748 9589 8621
1512 5900 4258 6301 3110 8912 4535 5539 2889 6948 1673 6862 7704 6526 5755 7060 476 102781 1138 6777 7740 4156 1783 929 6269 4027 8573 1475 8905 1600 7541 1120 2592 2521 1454 50 1677 8165 4592 1079 105291 5092 3147 5472 9447 429 2955 453 5719 2975 3887 1212 7755 6233 4010 101434 6595 8253 3305 2408 9538 642 503 1529 2802 394 1294 1756 3623 2596 4254 9181 9272 4723 8723 3329 2635 1822 4978 9186 2752 8840 2035 3895 9682 5379 1718 967 2345 6529 9391 6623 8915 103836 7092 100499 3924 7895 5145 9970 7643 6004 2457 3997 7176 1463 6952 7432 8923 6698 4807 802 2670 104211 2280 5698 3558 739 4594 8658 1558 1856 4327 2593 5348 104437 1892 4164 4672 9848 9496 7884 1282 1181 6873 2398 1043 2921 4276 2190 7743 3882 108627 8333 1802 2133 3668 7670 4433 5359 1063 7427 274 8144 3496 3429 7694 6837 990 2452 685 7525 5955 4404 2627 2055 2214 2280 2610 386 6717 9419 4608 7796 9662 5837 2331 4871 107600 5498 666 1281 1053 5682 3157 9595 9099 6884 8120 2724 1980 1852 1763 1414 4018 4767 310 8154 855 8100 2236 1592 956 5574 1109 2930 107104 6695 107209 3905 6132 2279 6697 7215 3228 5622 4568 5783 1224 5350 9338 9386 2884 1572 7403 8452 9997 7160 1811 6302 4981 7034 2745 1797 489 4520 1078 9370 1649 101478 8012 1627 8135 2981 4743 3635 4988 7703 3026 1038 615 1394 7372 9711 4303 7379 6796 7557 860 8869 6851 1691 2745 5585 9426 4399 5004
1992 7196 7270 2728 5616 477 100718 3139 5515 330 7683 5236 6174 2283 1670 2064 4992 8791 3883 37 530 3295 4098 8694 126 6765 6809 1032 2978 654 320 5468 6671 5454 2381 5743 7261 8339 2000 5790 6898 2301 5497 4382 3539 1948 7673 3786 2457 3474 5991 9854 8840 7178 2660 5172 268 7898 5280 1005 533 8341 1391 9043 6340 2388 8822 5900 5590 1190 1051 3089 4321 7269 7116 6032 6093 6859 5486 3583 5813 4613 1881 103330 8382 5655 4273 2622 1575 2672 793 4255 6753 256 4195 9703 6192 2311 8011 8840 3571 3855 9893 4388 9617 3468 2644 8067 8389 6019 3532 7141 1723 5945 1306 472 6251 5630 4723 5724 5430 4057 7098 2181 9470 6630 8998 9313 1595 8382 1427 1707 5195 2549 7000 6927 9258 1369 7785 9870 8770 889 2221 5269 3188 1749 8547 2793 568 933 7937 1509 3394 8333 6317 2152 309 9087 2511 4857 9788 1537 7222 380 2711 8720 2826 3065 7123 293 2771 4027 3837 1559 104 8358 4456 5153 3482 6077 476 9558 5362 2131 4434 2322 632 7504 846 4483 1734 1206 2652 1560 2540 549 9390 2441 4277 284 4500 103 4506 160 3981 580 485 4690 3342 4294 7129 2076 8913 9192 2128 396 9391 6162 597 3077 4752 3835 6275 7282 5010 7708 2893 28 2297 710 4704 5646 1782 8439 4422 3862 5083 7433 1420 431 606 3387 2262 4046 1532 4452 2578 5929 3744 6069 4058 750 1188 9550 3262 8195 8023 3620 4929 1978 2287 8530 2211 6872 7841 1789
2319 9461 2351 5757 6341 1334 6113 7192 5563 1210 6087 6881 272 9010 5918 497 4465 69 3105 2037 1807 8642 8562 713 7057 2759 169 6754 3046 1265 2348 1650 2525 2789 3712 1656 6201 1039 2671 1014 108239 7065 282 2183 5218 9503 3441 2288 865 384 8944 7558 9166 5671 2604 945 8819 4698 6079 8704 6513 9555 3456 1133 6041 1182 3655 2626 8398 2770 7727 6236 2634 1075 3917 1294 2176 5159 6784 3753 5138 4248 937 7611 7348 6986 765 9590 9824 7165 1176 4627 4524 6516 8420 5590 5625 5175 4923 8628 4013 5943 602 4786 8388 6976 6742 1007 6818 8851 102755 1589 9228 5717 7875 7852 7575 9874 9372 8000 5281 2726 4877 8932 9279 4813 4673 1990 5174 2345 1285 1013 1647 1253 791 1905 740 1704 5072 6113 6800 5803 1108 4731 679 350 8502 864 7520 109512 8321 2533 460 990 389 5721 3890 7766 8751 9540 8649 3469 300 6365 3578 53 2431 607 532 6466 9009 2797 6226 9127 9000 3731 2635 2445 3660 8927 1304 3428 3221 5631 6235 7533 6409 6029 6221 8279 2901 9064 2840 6360 5017 9893 5767 1583 4297 9990 8668 3976 1377 6938 8416 1519 2698 1382 8304 5032 6906 5713 5029 7038 8784 3046 6308 1131 8192 581 7816 1608 5708 6395 141 2037 2276 9268 1695 1899 9806 2462 4418 144 4330 8576 8675 6331 8640 9322 6494 2648 8363 127 4017 5342 2665 1072 2753 367 9251 1499 2204 896 8699 3444 5775 5786 2708 6322 2985 481 5318 8206 1583
7923 8273 4679 5985 6498 7906 9737 8845 3029 3636 5231 4499 1228 1625 9319 2169 2563 4122 598 3823 4409 5274 2667 7797 8865 5201 2584 1548 6392 3528 6254 635 3464 1873 4680 1315 2845 1753 5355 9829 6487 4896 5484 2994 5471 9832 5170 9523 2701 1132 2158 7403 8297 6243 2601 4329 1264 6901 6509 210 3817 77 7878 1038 7193 4815 2170 9314 1316 541 4983 9519 997 9797 7803 1400 5664 1629 7626 5385 3878 1329 9084 5814 2761 9820 6789 7394 16 1509 713 1010 2060 8012 8735 3393 8268 582 2133 6613 207 7573 7973 5281 8809 2555 8806 1900 2823 3232 7926 386 1318 626 6743 3914 4192 8861 4855 8008 2585 8220 276 2436 2777 6718 3952 3898 1819 3676 322 1827 5701 5257 1453 5620 905 107 9268 358 4780 8266 3390 5222 5588 2119 7431 1310 8568 8095 2503 3859 6242 2784 4439 496 8280 8522 273 8819 4476 9625 5576 1718 800 3411 8632 1873 2542 4253 1358 3550 7255 4995 7419 4493 2154 5463 7605 2985 4215 5194 7678 7163 5924 6441 6601 6574 465 3161 4987 4482 9911 9446 1967 565 4694 4793 6029 9903 2175 1208 8011 1308 3855 9090 8419 7327 9054 4107 3415 1445 7350 9701 2707 8504 6376 6992 2627 9574 9115 5011 5925 8353 9462 3483 495 9095 624 8499 3476 9477 9766 2053 5251 1608 541 864 880 5684 1993 9755 7944 1177 2077 8568 2159 1298 8308 4957 2540 4848 6367 7551 8695 5191 4271 4799 3553 4486 5254 6570 5813 7661
6777 7819 7102 1642 2857 804 2602 2661 9251 2366 1197 2045 9316 3389 9449 6258 8400 100183 6060 6964 6709 2742 522 5355 5916 3019 5996 5897 4832 2918 6729 9886 3410 6099 6213 586 2539 8503 1928 1416 9539 5692 112 4201 642 3161 5769 7998 374 774 7067 4170 5285 3343 3637 4807 5779 8790 2377 3400 725 8862 456 8879 1367 8277 463 6833 2603 3729 7746 2406 3075 4510 1320 1477 9985 1527 5623 5663 3916 3092 9138 9467 9590 3362 6352 9570 5677 1017 5871 4587 9422 362 4536 5738 5552 1224 6357 2453 9488 3657 5024 4456 1577 7388 2846 4153 6391 9533 6828 6766 7452 7286 8 2301 6706 3145 7523 108500 104465 9628 4886 731 2531 787 4291 1622 679 5604 5629 8735 1988 4567 6507 4756 2734 5613 7944 7261 4029 2867 7743 8881 908 1767 7109 5801 9903 3210 6551 6053 4201 5574 9222 2318 6780 3681 1120 3291 1890 339 4177 8952 4013 5685 1018 7796 1274 7034 5728 9513 2187 1858 2808 7954 180 1501 104802 616 3734 3181 8915 2285 3979 831 1144 6285 4017 8924 9736 337 8603 5370 2057 54 4596 872 7925 894 2357 3290 6078 6070 2504 4242 1472 9991 8206 4176 4374 5536 6175 1163 7872 4548 3328 3936 4307 1552 8442 106571 9857 7953 8968 9972 9019 6515 5120 8635 9909 6972 950 1510 104729 6842 1742 7930 2030 1066 8353 6809 4041 6875 7553 6060 2757 1330 1584 6145 4831 3488 9374 9622 2821 1393 2642 599 1745 950 4859 9347 7425
1781 2455 9846 2649 5422 7315 109939 3322 1154 1028 1904 8948 4624 3318 5255 682 8416 8515 2505 2997 6675 4022 4646 7740 8746 5248 5803 6610 5190 5435 109099 9777 9440 3774 3009 2198 4619 688 4692 4732 9223 5376 2988 3934 7990 4036 5237 7607 7188 8160 9089 6012 4915 9178 1155 4269 3700 6684 9625 104151 8589 3593 313 4045 5831 8852 8432 5433 9223 9517 4022 8957 912 3741 150 5231 2631 2628 2669 7269 1863 8833 2993 3548 8454 2290 8836 8144 5544 44 7128 4599 1410 1197 8357 622 737 2064 2874 4105 4940 5506 9937 102005 6391 8275 3429 1536 6186 7134 6088 3947 9490 6508 5104 3902 3990 389 3713 2877 3628 5465 7170 9578 365 5231 473 443 6774 2060 8583 1358 4993 1014 780 4890 4195 4329 4962 1239 2743 3482 1437 8001 2715 9738 1798 7833 2970 8397 1988 5293 138 9051 9628 3177 9686 7799 8538 525 3854 6222 8833 32 3517 6291 607 3014 2924 5993 5141 8591 8374 7183 2069 336 9788 275 6012 3029 521 3584 35 1063 2856 5642 9872 9178 4517 588 4610 8427 7489 672 686 2664 6634 5631 9811 6784 2314 8857 9845 5837 63 4407 5976 2399 3483 5838 8938 4107 989 8343 566 5331 5168 1582 2598 9992 9218 5943 8153 9485 1559 8568 2230 8718 9679 9523 1728 7152 1094 2786 8746 2155 2314 3672 5789 8950 482 1189 7255 2610 701 186 2006 7625 4985 4718 2454 3256 7365 1328 4967 7883 7241 7967 9810 9048 4436 2502
7101 1151 7430 8075 8077 2576 7775 3083 4316 830 4760 9822 9740 4242 6897 4513 4650 2482 6890 6099 6182 772 4518 3791 6563 5582 4077 2268 8026 9744 1905 5298 5779 6356 1251 4830 6790 5668 6615 4167 6238 3885 3125 1202 7888 9939 1569 6307 3436 518 4461 1045 6017 8499 9918 1036 9093 621 8908 2537 805 5517 9534 5453 5017 888 854 103586 396 3088 5448 5270 875 100046 7985 3529 6988 9262 3157 8441 705 123 7945 6380 5213 2093 2019 7583 7814 8816 6943 6876 331 9080 9523 5632 5016 1713 7365 9150 9896 4491 4571 5390 491 7318 7348 2043 3352 1466 2085 6140 6211 8539 2118 7664 819 9675 1262 1375 926 2064 8988 2126 1510 8999 2216 6387 2312 8041 4745 7835 102849 5390 9033 5881 6452 8719 9286 5183 1547 5504 6921 9745 101578 5245 124 3656 2602 7988 1768 9941 8500 36 381 1095 1339 9076 108246 7854 9152 7928 2555 1921 5072 2063 7560 445 7537 3344 7471 126 2701 7254 6522 7491 5838 4106 5171 2925 2426 6240 6871 5929 785 8484 7592 8095 9541 7271 6387 3593 1352 2740 418 7959 6173 3880 866 674 2696 834 2871 101089 3431 3991 654 7193 8197 1224 6067 4471 7645 7800 4661 7107 9900 3705 9927 8941 2394 8471 168 1211 3210 8855 6325 2935 8479 8208 3341 3282 9985 4139 358 2717 1377 984 3838 7322 9738 1554 1685 7102 3865 5731 4137 6362 5374 5306 6753 5418 4434 1724 6798 1742 8123 1496 5566 3639 6415
3808 4131 7332 7638 9525 2100 9469 738 9363 1507 3167 6179 5053 2031 7290 100486 7257 3514 1703 4142 3439 3037 6351 3990 4078 1003 5800 6902 9200 9028 2832 7124 9135 3291 7007 1292 3800 3098 6232 1203 2719 3843 6208 103417 531 8874 1315 103469 2067 2994 3491 5013 1569 9349 994 2110 5670 2889 1890 4993 5510 3199 2010 1543 9573 8397 1612 8462 4315 1182 2165 3484 4340 4712 9205 9219 7339 655 8656 8726 8472 1992 9972 6971 6471 784 5643 1937 4635 78 867 5252 50 7399 4173 1631 7435 7937 5571 4065 1734 2553 2397 102084 1675 9961 8342 1529 2605 7572 3066 8728 2784 836 1746 3639 2697 9110 9796 2104 501 9412 8709 7944 5757 1012 8288 3141 9192 2382 8428 3200 5569 3476 1864 2531 6330 1885 4922 7397 5074 963 7033 9739 9939 7374 7303 6049 879 7855 7219 9498 9724 8642 3742 5205 6109 4558 7597 4544 6548 8654 2078 7297 4805 277 398 8610 2380 1998 7066 9581 5729 4994 9013 745 7338 366 1945 4339 4962 8915 3186 4800 1225 271 7719 2114 669 317 4074 3641 7063 5657 6306 3500 40 3190 407 7897 822 8259 9086 9945 1634 1131 1733 2823 3772 6092 7170 4354 6665 2554 6167 9713 8084 485 6440 7319 1234 4473 5664 6488 6298 3205 3249 826 5189 1438 7498 6223 4050 3380 6574 4994 5934 9204 1123 9776 498 6208 1288 1049 3789 797 8906 9734 307 2987 6361 718 3990 3274 1815 7396 1204 1403 160 2931
6401 916 8784 445 6919 985 4082 4175 6779 1879 5685 9194 2930 5426 7732 6782 4676 9570 117 5847 2064 9625 6289 5772 128 3032 9014 4470 5662 5731 9418 878 1446 4818 7345 1210 3982 6682 7441 6042 8404 4651 8820 4157 8951 3834 5053 1321 984 2098 8319 59 7218 4231 2922 8892 4152 1196 8647 6837 3246 1957 5750 3140 8635 9167 533 7423 8414 5295 8676 9320 8350 1384 968 9842 105062 9041 9693 9075 2145 2742 6927 3707 2098 2621 2538 8356 1111 6972 7440 1882 4462 3994 4539 60 1289 2819 4436 1779 8623 8096 6628 4611 4707 7702 1304 4145 233 5101 442 1860 6437 4852 9166 8078 1654 1523 2074 2620 4900 3474 9786 3548 3974 504 7986 2159 7111 230 3877 2463 4409 2805 5254 2691 6106 3133 3278 5985 3127 9752 1213 8899 9918 1222 4228 3789 6072 2418 8050 2013 4423 6644 4349 8500 6140 9369 1715 1829 6045 4224 5186 4219 5269 1894 1941 8976 7260 37 768 8075 3800 5480 8270 5753 1956 1938 2808 4175 1392 6000 2105 4271 4665 6956 1296 2730 5018 2147 8166 4405 4115 9385 3425 46 394 1516 5352 752 3424 8070 1927 1382 2005 8455 5765 9229 2461 1618 4340 4669 4420 6646 6537 4537 1153 8785 2301 7717 3288 2384 7667 1559 658 1433 9627 6737 3136 7037 7574 1022 7630 2488 6411 3435 1653 6827 201 6936 195 4317 6990 655 591 717 456 2596 9959 1034 6698 5965 1628 71 5665 676 2785 1689 9096
9339 3776 3042 5816 9120 4526 6916 2612 4481 4656 5198 108740 2193 6157 8619 431 1308 5030 8251 863 2871 468 3745 9168 6539 2112 1647 2730 5476 3689 8767 8639 1157 2289 3332 9638 1791 1001 2272 4889 1329 6014 7383 2588 2961 196 3171 3071 5132 7027 4042 2646 7195 910 7021 4823 1223 3739 1074 1780 2622 7104 6884 5497 9286 43 8154 952 8722 2790 7845 4643 1811 5960 3646 3610 1840 2703 7759 104822 584 8332 9328 277 4807 1760 3798 279 5592 2438 455 856 3419 80 5857 9487 7383 3639 4203 9558 5937 3405 220 6475 2014 8886 9003 1558 3301 7382 9462 1564 2680 4860 9031 3347 6820 2335 9844 887 1783 3832 6646 8653 1043 2977 5564 8087 9056 1068 2929 375 2406 5207 4347 3719 1818 1646 6614 5767 4761 8481 6496 680 1923 9448 2822 2106 4522 6965 6527 106273 7420 7705 183 7917 1612 3929 1487 8585 7240 18 9459 7908 8967 5563 780 9519 6593 9722 4391 3463 5507 793 1605 1059 914 1866 6821 3616 3840 1593 8047 9259 1150 6305 818 4814 353 7154 1937 8703 3128 5106 904 85 3868 5153 4598 1917 8264 3825 102230 4220 2236 5189 3134 7557 2205 1577 3595 5598 5343 7172 1436 104174 2645 3273 5823 7865 2664 7412 825 432 6167 7875 5290 1650 5534 738 4784 1527 9786 6059 939 2735 6283 3086 561 6534 4907 2206 7698 8123 4238 732 106558 2386 105371 1944 5078 5174 8586 5 2129 35 2366 4029
8160 8003 8724 9621 4852 2166 9597 993 3310 6056 3625 9211 7895 8622 3620 7072 7361 3617 5910 9851 8878 2926 1045 9815 1520 1037 2798 1855 2656 1441 5988 1736 1506 1359 1144 109650 9449 9154 2697 4586 1351 4655 3181 6068 4744 4884 2273 6423 2800 102390 382 2649 6690 4636 2413 109613 8995 1030 7389 6585 7582 3922 9554 6093 8232 127 7903 9217 519 6547 5111 2495 6287 3051 209 2241 6317 6194 282 4667 3447 9875 2319 3324 8356 9554 3243 2690 7800 101384 1854 2204 9379 1645 9375 3587 8763 3996 5987 5563 2838 7137 5583 70 252 9189 5674 2395 652 1086 8086 5909 2415 3856 1025 3854 7834 1225 1095 94 2984 8988 330 1727 1655 5820 2788 3171 9969 6075 7020 3703 5086 7987 4952 6825 5672 7829 4114 100665 5855 673 7150 3948 7566 100005 3211 5063 7454 4697 1784 2570 6041 7546 1592 7018 2546 9157 5385 723 2403 4599 34 9198 4935 9363 9547 1968 3113 4387 1313 8339 8396 9266 2730 1209 445 3578 5765 102781 4070 3754 9382 7789 2149 3114 9057 7717 1324 337 9317 3517 1369 151 7003 3687 3961 5799 3951 6097 7897 3863 3854 8946 4813 7147 5568 882 1812 7718 4681 6154 5676 915 1754 4815 1234 7940 9085 6777 4557 6776 2225 4057 5852 5666 3474 9354 3804 3336 9309 105046 9022 4681 4034 2092 7241 1634 2971 6481 4412 691 3356 3174 327 205 3324 7944 2442 8319 4371 7693 7181 162 5540 9005 4050
1969 701 6159 6168 1213 2252 8807 242 9312 8789 7932 7880 8784 497 5054 1899 5879 5369 4071 6142 1616 1235 2865 3060 8436 556 7273 4197 5383 8951 1955 6149 2236 1813 5679 3894 176 8741 8762 8988 885 6926 9927 65 5085 4731 9503 8219 9019 6166 695 2379 9412 3656 7730 664 7595 7919 8406 6203 4366 3169 7891 6011 7531 7345 4497 7116 8007 1920 1529 101908 4880 197 4855 8894 2369 3280 5198 2691 966 8603 7133 5589 6593 5314 9313 3741 220 8613 6219 6632 5008 8235 2563 2254 1270 9705 5277 8804 155 2564 7883 2098 4665 6691 35 3366 4596 7545 4435 9386 466 177 1858 7924 2127 6426 9624 2765 8623 7733 225 8981 1173 1373 2045 1637 1988 4247 5692 292 1876 8633 5529 4638 8728 7440 564 9777 1069 4413 3668 1594 5845 8560 2813 4368 6485 3767 7598 7423 1932 2248 4942 7880 106533 1902 5945 8439 6110 5425 7797 102982 4394 4649 1866 3824 2372 8115 5921 23 104293 4565 9051 1818 3320 527 2326 5505 4412 2370 796 1083 9930 998 5436 2491 2423 1862 2493 3390 6876 7871 3120 1104 7669 6154 2918 400 4326 1797 5058 1601 2740 9704 3663 9010 6995 3030 2197 1984 3852 2755 7544 1865 1986 8534 5618 3109 9989 2623 1315 6433 8182 858 2038 7260 3164 9716 2709 1558 2902 669 5775 9301 6386 2559 281 8569 5022 431 8611 7283 4253 7537 2029 1570 100892 8512 4409 94 3573 1038 105570 8424
9044 8297 1006 8577 8312 2928 9424 3706 4300 2628 6417 9052 2247 6882 304 5113 4512 8959 2759 6019 9334 9285 8128 103980 9024 9230 9576 3869 9024 4990 8739 507 829 4278 8720 6087 4817 1637 2638 5236 9840 4674 8639 4078 7770 7448 364 5242 3859 2257 6377 7336 106017 9894 9419 3792 8341 9157 6663 3228 3694 3381 2300 1970 26 1990 2724 5350 3119 8252 7159 8221 425 1214 1873 3204 4677 57 6789 2002 4877 4139 50 8747 5492 6749 6405 5991 1461 1408 1759 2562 903 8907 9128 6853 108244 339 1107 3061 9626 7901 6420 9483 4849 4064 4400 8084 3422 8767 1764 7658 1735 7525 4905 7826 4920 8257 6518 3703 8886 3733 2566 8023 1010 2521 4556 5644 2208 1797 8036 446 7785 5039 1852 6760 9790 9682 5043 8744 5966 1424 2704 8154 3721 2744 7078 7751 2965 9387 1351 4810 5169 1292 6263 5203 2041 8967 5314 8048 1001 7316 9920 2633 1477 9611 743 2538 1513 1929 7634 9734 7468 6900 6722 4186 2474 3068 4322 7296 2563 595 2191 870 1054 6654 1639 8686 1826 8476 593 215 1590 4182 4782 6508 1622 2584 5614 219 4169 3776 390 3976 130 5092 9552 2899 4756 8104 9396 2535 4313 6128 22 5429 6868 4259 5264 6961 6934 7841 3745 4746 6062 9862 1190 2864 5108 1487 3144 721 1496 6668 998 9989 4886 4151 2164 7883 5213 405 3908 675 1392 5722 9989 1245 5293 8722 7017 8578 7132 9341 2283
1762 6090 6458 2720 2557 327 9335 9709 1414 652 8392 8762 6357 5873 6022 6918 1948 846 1626 7243 6220 177 1211 4163 1992 4127 3763 7322 9386 9230 4585 1718 2293 1234 3483 7333 3740 4406 7401 310 7809 8382 6906 763 7263 7035 905 5868 9884 1007 9136 9328 9274 8545 1608 1544 1629 1827 1584 5452 9138 6002 5132 650 3821 8942 5088 105228 8467 5979 9053 714 8474 3782 2042 159 6957 2748 5559 8000 7397 8472 6638 6171 2772 347 8028 8060 5028 6433 5183 2918 4880 8961 4639 2912 8577 6246 2833 2685 3323 9644 4842 9777 2889 3836 1041 5121 5286 1660 9465 1994 7709 7296 8013 7092 5252 6470 4301 2104 3509 1105 3272 80 6493 1123 9482 2031 5240 5297 2920 9297 6029 1506 7417 7123 6981 648 1319 2662 7698 3922 1430 7920 4958 7729 1781 9188 5314 1001 3587 691 3144 4122 9204 7843 2226 9776 9828 159 8940 8904 8954 2431 1599 9173 4913 8233 1432 8673 4931 344 9705 2887 215 8316 5263 9601 6637 98 9924 9533 4535 6070 6453 8886 970 422 7622 9872 6869 7449 4020 3923 6418 5535 7883 8988 6491 1050 7834 7488 3038 3502 2420 8947 2211 9877 3960 7865 382 1847 579 9162 6817 1880 9636 1147 1204 9809 3824 106170 2823 9907 4040 3402 966 2602 1096 3265 2334 447 2529 7326 9744 9088 7017 8462 5459 8996 2833 2592 3759 393 5447 2952 1128 1457 877 7314 2711 6845 346 2168
927 8776 1776 7205 2894 935 286 1354 6419 991 1078 2464 103791 9063 3041 3760 2863 6224 2882 8976 9385 1619 4456 8239 9188 7833 344 3378 173 7377 1227 7328 5448 9453 6452 315 9907 8382 7332 5808 977 5874 9953 609 8566 5930 100 4208 5582 4577 4323 7327 4515 108106 3135 8326 6511 2665 1886 7685 2910 8869 1643 2618 1672 4268 9276 1141 1581 8871 1412 683 2033 6288 379 9048 2091 8274 635 7911 265 5695 1052 311 3814 9592 8146 8022 6862 8376 8565 2001 417 8257 6834 7744 375 105244 2368 9372 7667 1339 2837 1538 1099 2050 26 100188 2567 757 2684 3406 119 6451 4485 5710 2122 2516 683 871 5036 478 2662 2144 9599 6862 4872 3913 7198 8566 2600 885 2558 6337 4751 2671 3478 5439 5783 9862 2833 285 9889 1802 6609 7876 6950 1964 614 470 7536 1921 6847 9716 5674 120 3696 1011 9429 1068 2197 7344 8828 8379 5285 6658 7594 4344 8267 2895 987 2414 7601 2610 3184 7414 4990 5163 2759 1563 8946 9287 1099 4956 1903 993 5543 1986 4427 3113 4241 658 7523 104388 5285 2437 2289 6709 2942 3862 49 555 957 1148 1761 4026 1875 521 6007 5966 9905 7649 344 8109 6594 9727 5301 1677 102199 104453 2616 3351 1412 7331 816 9434 9257 1530 4650 3138 2436 4497 2737 8714 4692 8951 7607 6911 8097 1210 4196 4871 1130 1256 973 2163 2079 3028 5929 7761 6481 6587 961
7989 3110 2775 3510 6376 8945 3715 855 4209 546 5489 194 7364 3178 8297 3771 8648 4050 7234 652 7854 5628 5766 4412 7214 1209 4849 6466 468 3981 5338 635 3835 4336 7413 8059 1576 8998 2168 1264 5963 1809 100349 2845 658 6614 7848 134 2702 7533 6153 6423 585 9037 1380 6106 9576 4936 9455 5081 2414 2274 7243 3616 8242 8456 107639 5175 2786 6047 7953 101951 4983 1898 1326 7674 7978 1648 7549 7376 5848 1948 1495 4655 3970 6215 107257 6146 8872 2580 7077 3733 8680 7082 9494 7592 7409 3367 1347 9363 220 5939 1718 5321 1165 6547 2172 1616 4567 1375 3535 1888 5406 758 2755 8441 2001 101233 3839 7562 8039 1829 2221 8175 5736 1644 6099 7659 9776 108102 7938 3382 5488 3740 7534 1193 3254 4326 2607 936 894 877 1528 1934 9240 3027 6471 102976 6668 7378 7756 9722 556 9363 9821 6879 9753 112 7257 5248 2632 1756 2780 3786 5429 5425 6290 9556 9465 3865 1087 7385 1593 1681 2367 420 1295 651 2377 3401 4125 104388 9689 4940 447 1302 7390 100412 6592 1390 4449 7503 6576 1792 5512 5380 2740 7257 3994 2277 2398 4934 3108 6508 5455 4531 6475 5959 3290 5591 1714 6959 4683 1214 100974 2933 7816 5526 2872 9294 103511 830 5348 673 9984 204 1744 6766 884 878 7310 8626 6894 1828 7365 7640 9273 2156 469 7970 5794 941 7226 840 1119 103256 8067 2528 6080 1051 5715 3374
2997 232 4439 3950 4545 119 5818 4800 9181 8215 9718 2515 9408 2746 104059 2838 2925 108194 7781 1579 4382 9862 3161 4332 368 666 9775 9954 103662 1422 6871 7988 8930 3381 4101 5629 8026 1960 6351 129 6648 2108 5353 801 1404 418 2126 717 1525 8270 4194 9322 7942 42 6966 6677 3526 4508 2796 4390 7834 6853 8795 2263 2119 507 1829 1415 435 7289 7927 8890 7531 4613 704 3908 7659 3171 102006 3686 109881 9992 8918 72 4210 8610 362 3672 4153 598 3408 4114 3645 9321 4376 6352 5835 8291 238 4419 8932 4961 6634 6547 1937 2539 148 739 6259 4933 2875 9641 4191 1881 5207 1181 3163 4452 1037 4911 2738 5664 5780 2046 2222 6403 9078 1430 1975 2630 7065 7930 150 6664 63 1283 2431 836 2106 6535 1375 2464 2644 269 7585 9975 2510 3568 6392 2058 6487 2706 1160 3954 9200 6819 8005 4041 8797 4162 7665 1402 6862 1572 6800 105222 9007 5074 1279 1977 6733 6711 2180 5356 731 2747 5655 1228 7091 3866 497 4283 9104 1465 9300 629 8075 633 7675 8245 3701 540 1427 1705 100373 5144 4907 5219 1298 3690 2136 2114 2692 1324 6700 6033 8054 3578 5383 4574 334 7810 5391 1278 1088 5547 124 2831 9167 8631 2295 7854 9925 2043 104244 8778 7926 1390 3805 7912 100736 3920 1122 6616 2070 606 7966 2519 8733 7523 6219 5399 108742 1313 9832 8797 3374 5872 4602 6921 101586
598 705 7307 5111 1176 1261 8148 2200 6623 3377 3547 9857 5279 8518 65 2076 3892 7858 135 1162 4830 1771 1070 9477 4926 7591 8191 99 1617 7862 5708 637 103725 9522 1110 8401 7002 7317 9025 6533 2867 4044 1813 2701 9372 1531 6263 9502 694 8801 8103 5236 5074 2573 2635 6513 6610 5745 876 5207 1286 1958 1214 136 7077 1441 2134 4908 1306 5876 7064 1075 4017 9544 108623 4811 530 9833 5456 9028 7934 994 176 4050 551 6091 3125 1715 6197 4688 1099 5842 566 3108 1913 91 2661 5238 547 4015 5199 1171 9905 3867 1378 9692 9327 4932 9639 1721 7110 454 4401 717 8475 7741 2886 2252 4790 9299 3694 891 4246 5115 4474 9992 5492 2861 8822 4697 4885 1076 2514 3289 1636 3604 8125 109312 1039 1616 3075 7954 7136 8699 6298 7563 2414 2413 106423 9609 3557 4136 982 3067 228 5948 1817 5448 4390 3160 9616 6915 9284 2945 3642 4782 2793 8568 7611 2077 2005 1079 3775 6220 3429 1036 7230 1667 2547 138 2065 9177 7338 684 116 1543 7326 4459 101356 2014 1961 818 8202 7835 2408 5216 7232 2362 101432 6621 596 9434 7771 2113 163 1135 3103 9857 2680 3709 2257 2795 1741 101668 3261 1285 561 4423 3882 5505 6714 3617 8004 3556 5149 8410 1289 2214 5724 7974 985 9052 6943 8911 2247 1173 7222 1476 6949 2674 1070 450 9455 2698 2866 6418 4903 7868 8116 3123
6609 8214 1468 6650 2607 1445 8432 2903 1328 2542 9813 6649 2404 9501 2229 3044 9411 1756 2657 1251 7743 2119 109928 6425 3191 3661 9417 7996 2286 249 1526 2372 6747 7681 5754 7200 8466 106911 668 1658 2451 7999 8452 4188 3089 1192 5597 5986 8838 3326 6267 322 1941 3175 6959 2250 8112 1005 858 2361 187 3364 9710 7441 2209 508 7963 9979 1333 264 4648 27 5723 4656 9920 107781 9656 100773 4672 6897 2936 2387 573 6555 3519 4251 1739 6318 3394 4322 8748 705 4294 36 693 106914 9897 2029 280 2163 7872 4170 2269 7747 9505 7323 7986 108782 9634 1707 3413 1015 6945 339 1887 6437 7365 5036 6787 5867 2117 867 9063 2845 107816 9906 7139 7152 620 9085 376 7857 1195 1947 2835 4025 7755 9542 4673 1007 837 5347 8725 6894 8937 6693 4776 8920 351 1407 960 3148 9121 474 2644 1060 2103 3270 1887 3362 105251 1716 2484 860 9167 963 8593 4149 35 6361 8566 5198 1995 933 9383 8093 2584 5859 368 7117 262 3295 8825 6486 5918 637 5819 9022 100493 2776 105186 1296 261 2538 9091 6365 562 4780 8127 2256 8735 8798 3737 3493 1050 1753 8804 7021 4390 9283 2512 3835 7936 9587 4055 7523 5780 1429 5939 5636 3840 106192 9155 1715 6649 9062 3710 9258 4445 3772 199 4721 6313 9372 3585 3260 7932 55 580 6628 3691 4382 4384 1579 9590 7682 7730 5674 347
586 1381 1197 5610 6406 3323 2530 2089 1378 3644 4125 2489 6205 3742 4000 824 4874 4230 3257 6248 4902 2942 412 2655 2843 7415 8707 3425 1173 8337 6435 6860 116 8777 2929 2322 1425 1857 5589 8780 7236 4454 9710 9420 2693 6799 1397 8692 5297 2817 9174 1589 7711 8763 7949 6283 2324 1294 4349 9623 6004 1772 5847 2621 9066 1318 521 8640 4378 9102 9893 4522 4197 9956 1683 880 4509 4815 7689 8100 2137 105818 9162 5997 554 5554 9357 5173 1983 6733 9025 2050 7703 3037 3261 535 4150 452 7820 1211 745 1274 9448 9946 5789 525 5414 8955 6972 649 5268 1138 1162 2424 5534 727 7855 1004 2534 2759 9718 8235 7413 6553 2454 2841 8573 3571 6350 108652 66 5901 8358 109228 8809 1286 1507 7562 3198 7719 1596 4563 4300 9957 8571 2852 4761 3483 3622 7440 1456 8071 9391 1328 6659 5427 8792 1003 2224 3063 923 6646 3267 557 8473 3997 1373 4837 7889 5186 1492 3227 6707 1461 3803 9541 373 3878 3011 6721 108055 9063 103409 7439 4674 9797 5298 2954 374 1976 6269 413 6324 1721 6520 1171 1929 4020 101086 5264 4669 6846 6447 2446 1290 889 5032 475 3009 7765 8916 3809 5401 249 6227 5557 6905 1218 7099 4325 5976 395 2236 7083 5283 6654 1384 1255 109151 104074 4131 7293 5856 1478 101143 7098 1145 7028 8091 637 2725 3337 9733 99 7797 13 1054 9955
7226 8654 7221 2252 3958 1066 502 8443 6494 780 1884 769 3987 7414 3844 8485 1426 7345 5589 2582 2728 7008 861 9044 3433 4908 2413 7391 5267 2011 9576 992 2751 4498 7752 7591 8872 2365 1986 1620 159 6156 3435 6122 2637 3633 8570 9232 90 2663 9488 6282 7614 4293 2837 4776 1623 579 3605 9470 7419 77 4027 9092 3790 6629 476 1486 6549 5613 3688 7646 7980 1398 8381 5704 885 2499 4428 8295 370 4977 1168 2030 6965 5291 2988 9746 1445 6712 6884 6566 1748 2680 5486 5814 464 3952 1338 5993 106246 2306 385 2081 7629 1681 8762 8820 2402 5651 6387 1728 5680 7319 6957 2874 105363 8281 9128 8696 6861 6227 9986 8128 3640 4631 42 16 1628 9163 1513 9616 9572 5811 164 8853 8284 9365 779 102295 1518 441 9957 3956 2013 6512 4576 8310 1441 1719 2387 1971 2261 7532 343 53 2525 1984 9862 8921 3804 445 5266 8379 484 1369 1657 1954 624 6139 327 9399 9375 7790 3964 9468 5793 405 1440 9819 4487 8702 4437 5516 1846 58 5084 4683 6796 9899 4890 4281 1622 2542 7628 6450 3601 4395 9576 3744 1296 7483 2998 4318 2238 4330 5008 8351 7716 5101 6357 5327 1676 4198 260 2570 7479 7029 9960 1884 6125 2641 6686 8985 1843 1223 2255 2750 3122 7714 9178 9415 1221 4364 8545 8754 1490 5796 5767 3524 7213 3265 3368 109211 7002 582 9850
1972 3602 2694 5955 2430 839 2954 9051 1519 1035 7744 8035 2645 8366 6022 3494 8687 7287 8775 8111 8093 1941 869 9467 741 2454 281 672 600 2343 3175 7582 932 5085 2325 8213 3547 1924 9917 1864 2132 7270 7152 9713 720 3774 4190 7172 7952 5117 6500 840 6934 9677 4565 2643 8585 5877 3628 630 9532 7468 3632 73 1185 1073 6681 101575 7210 1642 2786 8318 512 9051 8288 32 776 8906 1730 9869 8131 1841 4346 37 1860 4211 4843 5144 1240 355 7970 2528 8033 4497 3786 2786 5603 3910 3083 2273 1843 1218 8227 2147 5340 1924 8248 360 3060 1210 28 1784 2974 8857 4609 7628 369 4639 7071 4593 2954 1336 69 888 109 7902 2876 6193 7122 8516 2642 1769 2317 3156 2005 401 6430 167 2382 107298 7035 4950 641 4734 139 766 8914 3544 4708 713 8490 4694 6342 1931 4938 1621 7914 42 4783 2383 4278 4706 6423 153 2722 6152 5603 3440 6432 4029 2605 1605 1383 7813 2540 5 6272 904 1605 1870 6341 4537 980 9695 4087 9526 3084 4800 3887 8399 108027 5682 5671 2106 4817 9976 9129 8485 6835 6630 824 8030 1851 105433 1231 7072 3794 3271 1927 2415 3585 8088 412 7798 6596 7157 4466 239 4336 192 4148 2803 5767 9269 5501 3538 2009 719 8522 8021 6461 9725 5152 2657 103009 6166 100922 5119 8190 2443 4950 3339 6783 2909 1281 74
2035 5183 3056 7231 1249 29 8496 5439 1340 6861 800 8867 2135 8788 2638 8814 7114 1949 3326 2672 6598 2581 4018 9466 5846 4282 1559 1523 8614 1206 2524 1595 8632 7958 6569 1326 5701 7936 1485 1914 5489 5492 4200 1157 1426 7522 2427 8969 1602 4140 2092 6033 323 8685 3294 2745 7058 6091 801 6320 3055 2009 9702 2177 2364 4672 1781 387 2292 4464 4114 1886 5295 9969 5630 4975 1603 4414 2522 14 1836 4916 5489 4973 1215 4343 7974 9939 2299 5718 1788 7514 2338 6816 2053 1222 2151 6136 1069 3784 2184 102629 106599 8433 3549 1180 8920 6395 5409 2194 6771 7524 2673 6204 1461 460 1795 7418 6498 6689 8377 4324 6463 1929 2486 1283 802 8785 3248 5395 4103 1315 4790 1303 5604 4221 4916 558 9663 223 3845 9445 1007 3268 840 477 9712 2198 8374 4398 9291 8220 7811 6380 7908 5125 5011 5225 854 2809 101087 4347 1692 2589 3320 2895 9778 7032 1468 2846 1820 7236 7238 9983 4740 8599 474 6286 3850 4162 8289 4235 4919 4873 2226 4134 962 8629 7987 3690 1863 823 1278 5431 1941 414 9238 2900 8679 2538 7148 8868 485 105250 1405 4553 2236 7219 351 2727 7547 3529 9900 42 5007 4883 100653 8682 4370 5474 7739 350 7167 2707 1298 1631 1321 1870 2264 2046 9388 5997 6076 1689 9748 5280 7650 8058 1437 7953 9422 6672 1771 8980 9822
7394 6555 3297 2301 8897 6938 2964 1622 4109 6548 8997 502 2011 6367 4 1445 5222 2665 3319 9781 3220 4832 9848 2140 2330 6737 280 105743 3842 8626 697 108464 491 1316 1354 5482 4194 7539 8835 5241 2496 7312 2580 1184 3412 9217 2138 8549 4243 8487 2770 8895 8685 9328 5744 5459 1666 4510 3266 7547 7732 281 368 4489 8766 256 7111 1451 2838 645 631 767 8271 4906 8698 280 8754 4838 6022 1905 621 3276 2196 6994 1085 1358 193 105825 1753 3118 8325 7706 5150 4502 115 3122 3042 8025 976 568 8099 9096 6328 1390 5584 2297 3245 6599 1499 8262 9217 5329 7261 8210 2870 9524 9498 4641 227 8635 5207 1832 298 6499 6217 9122 7400 5074 6607 4021 9549 3371 2099 261 941 3022 8285 599 8934 9124 2889 2889 2482 9196 2298 2608 2879 2112 3551 8497 3310 5852 7108 1908 8073 1615 1596 342 1816 4850 4142 1326 710 5033 9198 9874 8223 904 9917 1211 9132 1481 3011 4951 851 9371 5260 6077 969 6716 3409 7846 6713 3226 6697 6586 1194 9846 5263 8888 5531 2442 22 2235 5762 909 8138 9273 2358 8532 2649 3677 9561 1931 2498 744 8090 1045 5372 9139 8234 3776 5322 4904 5374 1997 141 7250 7092 927 4507 2162 6681 7169 1087 8259 8362 2684 2673 7088 2874 7657 6648 2293 1060 3380 2525 2164 3937 9363 6017 1529 8123 2838
3313 255 4035 107198 537 5572 16 9234 4391 6554 9370 3840 2802 128 7286 529 9867 3089 4194 6592 706 7803 9588 1676 7580 3939 2398 6028 3043 9431 4740 8083 255 4547 3409 4885 676 6904 2103 1016 8827 2362 1973 8286 3094 5017 894 5410 7326 1571 552 9136 8847 167 3458 1771 2695 6397 3449 9305 3691 6548 9005 3873 1258 4028 176 2137 4742 278 3375 5465 6736 102713 1603 132 4051 9318 970 9543 1508 7966 9378 2882 3720 3026 8870 3256 8983 9930 8572 4642 7663 1962 2493 6440 284 547 823 4290 9383 9478 6208 8108 3117 5263 4108 7257 7457 1407 8881 1481 1108 7769 2377 3678 436 4770 4375 1435 2563 531 750 2350 8826 7808 1902 2192 4605 3246 9504 474 944 7505 8100 186 6282 1571 6840 1334 9257 572 1116 9952 3671 2078 9989 3931 8268 240 6415 7949 1171 9790 8934 8230 5201 8831 742 9408 9267 9639 7409 3606 1624 8269 6129 2042 5088 3263 351 9522 7858 853 6516 2787 7284 9284 1389 1537 8950 3493 3780 1846 7552 3829 813 3569 46 2829 8718 6544 5400 7300 4467 9329 7159 436 800 1429 1701 9258 5001 5542 5829 5506 4574 6299 6115 6147 1723 8186 102844 2263 7615 5117 7761 5438 3883 108984 776 5747 2350 1161 1908 2175 6574 9841 3606 1884 2201 6274 6068 2380 4349 4138 9896 8700 4373 367 6572 7795 3173
103819 8310 9040 6952 3323 3934 9171 100536 578 3431 5513 509 6531 6541 7502 6665 5598 7788 6943 2772 6378 6978 9982 692 5541 6486 9353 2880 7816 9448 1116 1124 2175 2330 2758 3175 503 5984 714 5739 8248 4820 2040 8261 2261 2061 7659 878 3617 2385 3619 8377 8949 8233 7782 598 6544 1716 2834 2182 6110 7774 4135 8000 8012 1586 6035 8323 2570 7134 3053 4893 2913 7606 6150 4716 904 104540 1549 4083 6402 846 4674 8927 3066 5248 4333 9371 2194 5868 3728 1184 7352 663 474 9425 1578 2453 9005 1254 1771 3920 7539 7671 6518 2453 3421 6875 4115 1664 6443 8193 248 6938 2083 7760 754 5679 8251 8282 8564 8917 5833 2214 8286 3305 8286 2526 2450 2700 2718 1478 4371 6191 8356 2479 9263 3114 5875 6858 9263 7827 2447 8320 6940 7965 8733 5026 5908 3263 9289 2877 2749 2231 9399 2720 5834 5902 9628 401 5691 2558 7437 8092 4666 4337 9752 1997 2371 6876 1986 1905 51 1804 5264 1080 4821 7088 5034 4302 9833 583 8957 1898 2870 2411 3889 9734 1553 4734 8314 8720 159 6419 5410 848 8199 6529 1575 6571 859 4115 2208 1607 3128 148 662 4593 3260 9929 2305 8747 2936 9695 5441 3898 8071 215 5214 2639 8878 9391 4834 5284 195 1140 5333 6313 1314 2548 9273 9119 766 3208 6215 3446 4246 2722 7241 2946 9881 6275
6618 3875 4106 1504 8683 7861 108519 7798 4040 7012 1414 7243 1434 468 6705 2199 2350 1713 1605 7188 8358 5762 6389 1154 4590 20 2100 7166 1969 4500 6099 8371 7725 5852 1335 5761 9765 7042 8174 2541 1942 2477 7412 1738 1500 618 8849 311 6357 9390 230 8552 7174 1357 5816 4649 2669 3514 7259 2736 1879 3583 8818 9859 4594 431 1718 1690 9830 667 3718 3222 2480 3778 2526 6866 105711 8044 2347 7577 930 4041 4061 824 2433 5029 5390 2854 5004 3999 4930 8161 4065 6027 1503 1306 8178 8484 3600 7364 2853 4998 1156 1080 1198 9083 7052 2701 5882 2100 2869 5799 3325 5482 6307 3197 8143 4645 2479 3551 2595 9437 498 6552 3992 6399 8642 8512 3107 1539 8892 1398 1180 6732 7523 4284 1784 607 5927 4322 8359 2568 5418 6472 1087 5881 351 6478 9449 1267 8244 2527 122 4602 1218 3261 2724 773 210 3134 5998 708 9682 1256 4450 9605 2569 9625 5446 1223 1495 2890 621 9040 6016 2484 7134 8061 2522 3716 3253 5769 2101 8651 2553 7696 4523 5257 8622 1187 9976 4827 9915 9454 2700 3874 7903 3320 2606 1895 2608 1692 3507 2876 212 4310 8944 9188 4675 1663 2716 9573 3133 9453 4489 1565 232 6501 9717 4515 5644 1186 8267 1872 7139 9130 4848 573 2379 6319 4971 7278 4606 6819 3588 2064 276 9904 6737 3327 599
9751 3772 955 9959 664 9641 6764 8255 1153 3511 9091 3352 8586 5364 5011 6396 8976 4902 7680 8782 1312 792 8887 4760 7607 3537 3246 8485 1624 1259 9645 2704 2205 5939 9150 1901 945 7276 7744 3702 105214 2793 4818 1369 4403 875 9150 1168 7816 6279 4836 3616 9748 3916 2297 1143 1871 7027 831 9183 1236 4328 5975 1848 9561 8568 2148 1029 6114 6443 9394 4566 9058 788 3607 4918 1156 5431 8888 3078 2362 2571 4992 8985 103507 7520 1708 7201 5314 7906 1466 1242 4781 7086 105380 7030 1939 6724 7863 9481 3489 8910 761 3589 951 6432 682 2057 2870 5153 2986 1269 8909 2009 4412 1522 9813 7499 3785 6671 5993 1893 3416 1903 1498 8933 620 6465 114 1806 910 9456 823 236 589 7197 1507 7764 9044 6441 2305 9952 2667 8567 7178 7466 9904 1761 786 1846 4887 6970 2620 7652 2719 8468 4901 294 5848 355 1679 5391 4754 1522 8444 9773 2855 1028 9231 3001 7772 1790 957 765 547 9779 937 6453 1589 303 101121 5736 2766 1961 723 7416 8729 1074 7236 5385 4911 2579 4882 6463 8938 775 4344 2363 4622 5476 2210 4999 3722 7424 9058 109551 108939 6161 146 3891 7362 7813 3179 6442 7639 7491 9254 1897 8574 5458 2256 1141 5817 4537 3091 5877 5246 1751 3555 9403 954 9076 1958 1253 2598 2727 1112 9295 4314 2649
8813 4875 1199 3321 9128 9492 3881 5858 1212 3678 8228 186 6913 3826 1806 5773 2026 7434 9846 2442 9844 7784 8308 5115 9569 9435 5113 5451 7590 1236 8376 4467 1602 6374 3157 3157 1568 5901 28 1341 254 4448 1445 9428 7967 5194 1975 583 2526 1269 1147 3048 180 952 2835 3331 5724 3554 826 3412 7701 5943 1453 2215 8296 7228 1067 4783 2907 106013 9849 9131 7924 4375 8057 7415 9842 3554 3419 6943 5016 3231 868 5529 4107 611 7615 8211 1759 6098 4306 26 4925 3936 6338 1245 8264 9220 537 193 5984 2894 5735 1942 5350 7194 2902 3978 9537 5477 4627 4813 6112 8271 9578 7445 8833 3954 2657 9619 6898 5890 8967 8773 5942 2294 9982 8893 4298 8774 6024 5282 680 8933 5310 3397 1548 2353 2438 1783 1717 3017 1013 3369 9246 5982 5619 1956 5838 268 7663 475 9949 1931 6003 1501 4472 1890 9034 3407 3238 4187 2526 474 75 9245 7590 9104 5117 5637 8128 3557 8086 7558 4924 8236 202 1668 5114 2287 8105 4331 963 9075 2071 7861 2686 123 202 6315 1532 7788 5347 3931 5590 4561 1521 5500 8520 3887 5314 1310 4749 396 1852 8741 1165 1484 108187 4200 5796 28 1820 6404 8885 101235 2313 7495 1295 9381 8789 8490 750 8714 475 1118 6837 9166 8338 7626 6507 9019 3748 7203 3156 6228 6655 4462 5938
9938 9227 930 411 9605 2973 6082 9148 9219 7611 985 5726 9621 2929 4054 4120 2082 6356 3498 5669 3211 885 6576 1352 2218 4376 4093 4749 7813 3174 3640 5138 1335 107232 11 7782 2736 757 1210 9168 101739 7253 4196 7651 1249 1286 100744 6000 5773 3079 6234 7565 9520 9956 7094 2549 8725 1817 7395 8704 1975 826 1756 8821 8161 1235 3611 7277 9511 331 5127 7753 3956 111 4864 9287 5811 8492 6248 2144 1345 5852 9124 3014 5443 613 2179 2060 1924 107502 7166 278 3906 531 2545 2276 6586 2619 1929 106040 2848 6665 3263 8944 5780 5712 8132 3392 2145 6218 2045 9072 5112 5002 9376 4118 9469 9425 105855 4933 4416 3518 870 8038 8862 6409 2464 6646 4761 658 6414 2832 1269 7925 1002 8172 3572 8705 8249 4345 9157 2106 8943 3622 4297 5979 1608 759 104614 8927 3172 9750 6319 4306 610 1097 7699 6852 2832 8307 7285 9742 2082 4189 589 8248 3057 3333 7373 6090 7942 8759 4118 2530 4935 6172 8107 6581 2305 593 7798 393 200 953 8667 2194 5898 9109 4106 8987 4922 563 5208 1080 9660 4421 4992 1578 9628 948 9205 7219 103508 9332 2668 5371 7341 2953 7736 5265 2598 2891 7702 2133 6803 8214 1706 6326 887 7812 4601 1448 6566 8111 4329 9304 8980 3922 1494 5059 1938 5536 310 9332 4186 2071 2207 7244
7273 9894 5287 7303 9324 1933 6908 2893 8334 107059 2134 9270 4369 3486 8538 8833 6619 878 1360 1398 51 9163 9943 4571 2236 241 1143 4788 3857 761 4039 3503 5793 5386 384 8623 5662 8079 2530 8454 6704 3786 1398 5945 5311 185 108099 15 2193 7417 7765 9466 4753 1625 3019 7497 2097 672 5839 1069 3809 8033 3996 3770 8832 6445 795 7504 2194 9466 5582 571 9314 3315 7393 856 107322 815 3838 9834 8658 1511 1456 7963 5141 1634 9002 5494 282 6596 520 5237 7201 1527 1814 870 9500 5319 9040 4580 2448 309 1610 9731 124 7492 1697 9163 5882 8824 6369 4633 707 8336 4025 6467 7912 4529 6236 650 7646 1941 3289 5013 4602 7731 8989 1899 237 5649 6855 1137 3521 5368 8989 7925 8581 631 107869 8378 106646 8202 6374 9494 1295 2764 4584 2440 1633 1723 8665 2093 534 8635 100394 468 6755 100910 100921 2689 7277 770 2424 8048 8221 2715 9998 8651 7926 1203 8685 1133 9910 719 5668 8231 6092 6596 3157 162 7817 714 5833 4919 3546 4463 8371 4028 3509 1407 7539 5040 6801 947 380 1305 3995 967 5911 1371 5190 4609 3369 2411 611 2526 595 8933 98 1327 8985 2875 9848 1237 4581 5727 3377 9672 1900 8771 4887 4574 9905 7791 4323 6138 105 4787 2932 4819 4671 9822 126 3176 361 7854 3861
2016 8635 102888 9338 7078 6058 2330 8517 7412 115 2623 3908 8671 100413 7363 8322 4612 9148 2983 3611 7698 9128 4728 1759 3976 1518 939 1814 8928 85 2684 3875 8124 4564 5655 8092 1967 6513 6470 6488 2832 477 6909 1114 1099 2558 7586 349 9032 6461 6928 2225 6672 5266 9710 1845 6989 1756 5932 7589 5281 3877 4478 107814 1402 101526 1532 1663 2740 2775 2824 6603 5472 6537 6929 924 2452 663 2344 3218 7586 1402 9138 3212 6574 7245 8974 7502 2954 1825 4743 3043 884 5058 4235 4709 178 5497 6317 3612 1373 5410 4040 9107 8316 2001 4229 4129 690 6273 2431 5510 4411 6365 8933 6180 9539 243 1344 2145 1511 5461 8821 330 5776 1698 9773 8233 557 2517 9011 6826 1232 6972 7886 3355 4893 3403 7392 1474 6238 2914 989 8755 1418 3805 3296 8994 167 9722 103531 6598 2845 2000 5582 1551 9693 7246 6794 5002 4722 6994 2886 4146 9847 1996 7249 1640 7578 2881 5433 4726 5375 3332 748 6353 5527 4546 9021 107774 2754 3756 4601 1862 5987 3611 3946 6445 6532 5439 3355 7967 938 7864 2718 507 2745 1465 139 901 6523 5402 7177 4983 2381 1181 626 1879 8043 109475 8866 5199 7453 704 1504 105273 7746 828 4336 9161 9884 3691 8168 3024 2476 736 2018 103566 1311 45 9682 9944 2424 1534 4648 106058
2929 4871 824 5246 2509 2314 1560 2206 5184 9838 8009 2646 2704 8716 5914 105950 3037 5868 6761 710 5920 208 267 4771 102160 7151 1359 7753 4826 6373 1374 5561 2386 2024 7733 7614 1317 2382 2870 107986 5489 7950 101308 3366 7063 708 1038 8546 672 7817 2550 3433 6702 7553 1218 6593 6068 5879 5770 5185 8281 8919 6851 4892 7512 1178 7331 942 1867 4599 4534 8292 7610 9975 3713 2529 2031 8602 4645 9709 2700 4601 9606 6544 2495 8572 4589 102529 7972 1309 8634 6040 3419 8236 7614 938 300 1156 7944 2902 5944 8413 4254 7131 482 2835 1583 9869 4894 5960 9335 8760 2121 2198 6050 7268 5354 4664 1604 4330 5270 7737 793 453 1418 3452 103400 4380 6901 6157 8557 3039 2035 7176 104007 4000 4434 8202 239 1461 3486 7476 4747 7739 8240 6871 658 4701 6807 5596 2225 309 9525 3139 973 1505 6765 2063 985 9690 395 671 7738 8305 3013 1536 7273 491 2256 8658 6282 1855 6183 3448 6491 8013 679 3028 94 882 7230 5666 682 7033 1990 243 7487 6916 7260 1629 4809 6827 5254 7329 9175 291 9525 510 732 915 903 6004 2502 4708 7439 1467 1677 903 4297 7061 7838 2491 312 7537 4408 9327 5315 9921 999 1812 8480 2542 1888 2311 6719 6283 4444 5230 9995 7640 5336 609 7020 4024 5739
1083 2256 7493 6154 2592 875 4578 5257 849 7517 2240 2339 3038 7379 3333 8364 428 2080 795 9669 5383 3117 8597 7472 2298 4463 7607 3540 1468 4185 182 9027 6685 3409 4782 4506 9217 9127 403 1609 9148 9155 2569 7683 575 7454 5320 7720 9938 3029 746 2641 4611 8009 87 76 9773 7978 7924 1001 877 7365 6695 6676 4625 5291 7726 5589 706 101924 8576 8500 3523 7780 5219 6848 2602 4509 7168 625 9391 6837 5749 8492 4050 1882 7481 888 578 8899 6165 415 7243 9528 9457 1959 5424 4533 8013 1458 778 1835 4049 9891 4751 7559 4182 7745 5270 1671 9383 992 778 6794 8594 6414 4317 6616 5028 1964 575 1666 8276 7678 5535 9499 814 2197 4241 6615 5699 8442 1409 1122 9294 397 2711 437 1818 2560 1292 4532 1683 7853 9660 2267 6603 9871 1515 9323 654 4944 4733 5728 7495 2958 3441 8565 628 2595 8109 7561 904 1605 5600 6211 464 1452 2996 1668 7784 3907 7171 2845 3006 2592 76 1473 2694 2759 5541 8508 8736 9355 8195 2148 5432 2390 744 478 4141 3484 7004 3940 3812 4747 143 7686 2925 2374 302 4286 2870 6979 4900 521 1502 1712 5171 9331 9853 1549 7315 2370 2867 7078 746 4230 3758 6384 4412 4847 9648 310 5 8399 8511 404 7317 1361 1262 3140 6732 2939
2397 4631 4726 3936 9005 6839 5496 7913 2199 378 103244 3269 1389 2345 9577 4126 9745 1314 743 6511 820 3643 9137 8594 3618 5384 5963 8910 9276 542 1798 7282 2821 6761 8994 3627 2098 251 6244 4300 8380 7654 9064 8798 792 2812 3753 7301 3496 5061 9822 7238 8851 9169 8295 1030 3347 2462 409 2773 107214 2028 109653 283 663 6463 7232 7057 1045 8277 15 8883 8180 521 8769 2404 5082 183 2513 1458 717 1473 4460 188 8612 2161 6016 9986 7515 383 1542 1244 4539 9094 1857 8222 5273 6642 1063 4154 8094 669 6816 2598 1447 3162 1836 9999 1949 9585 9738 1454 4407 1437 4023 3754 1423 8546 1011 8591 3235 7699 1274 5085 9933 2195 7377 7924 8837 7866 7600 3470 9173 6762 8527 9693 8093 7427 4308 9960 5528 5732 3948 1616 5934 9042 8903 107719 6124 6606 1097 4979 1521 3394 1470 1983 8523 8604 1518 9524 1905 511 4978 6022 2194 3782 7206 497 9166 2202 6015 9286 7475 5686 1070 2352 102267 9881 2213 1564 2467 9739 9802 600 7919 724 1626 6555 7420 7945 832 6470 2327 5384 2358 9753 4285 1303 9546 345 242 2344 6741 7441 7589 9936 101673 150 7668 8280 1929 8928 106652 6466 6989 2981 3572 1680 1189 344 4650 498 2670 2754 106318 3103 5459 9536 9022 4022 4118 3422 100801
9749 1135 8049 424 5785 964 6507 4770 2839 5978 3147 2399 4891 5466 195 5223 6991 632 9054 8524 8895 2864 5681 157 7482 2722 7170 6429 1755 2432 1686 2084 3977 1029 1663 4211 1195 9864 4534 6269 8128 6080 7253 1572 9310 2683 857 2450 8889 4218 854 5498 887 3583 3099 5726 3842 6378 1383 1282 9438 7872 411 6465 7163 350 4066 9166 940 92 2352 462 7449 7749 5671 3556 5299 5189 4127 2124 108342 4 838 4012 6580 9939 8934 4968 3471 2452 5063 2038 7126 8463 949 1921 1876 5746 4131 4721 454 9081 8623 8475 5612 4751 5288 8645 1857 2483 108014 107789 5054 1534 2729 1722 1196 8915 2124 5427 4697 2456 6331 6367 7228 2405 6891 8189 4956 427 1497 6757 287 6134 861 1502 8927 1878 7152 1889 337 1467 8300 1981 7464 6143 1012 2733 616 2136 107684 3015 9047 7229 1930 1159 7273 9769 6212 1675 1979 8622 4428 368 3343 3501 7122 4637 6906 4947 2008 9246 7211 917 8548 1140 1054 9423 6033 5899 4767 4169 9479 8172 9554 332 1068 9748 5442 804 1899 6085 4489 54 884 7099 7648 9763 468 1970 3335 797 1991 4198 1303 4250 3931 1770 8966 3527 599 8221 9771 8687 843 109706 754 6348 7114 4688 3970 4861 245 7954 1069 1001 8522 7710 3576 3682 8349 1491
6269 7293 1701 3903 9325 5058 7403 439 4153 6095 4446 1452 5794 4002 6731 9258 5919 9190 5899 7745 8512 4237 8092 9417 737 5999 6389 4946 104929 1426 452 4026 4195 6091 2667 1971 340 1572 2459 9316 5535 8558 4239 6558 6429 4137 2636 1298 9825 5489 1879 2673 7075 3099 1128 2676 2315 609 5997 5229 6785 3802 2546 4926 2642 4334 3344 3993 1301 3896 3139 6167 100767 605 801 8189 4852 9452 1832 5899 447 8438 1974 4135 20 5792 7279 8298 7828 1415 3019 4201 417 6259 942 6215 338 2959 9116 2008 8745 5080 2332 1593 9010 2947 4652 5743 2127 484 3670 3198 35 3949 2801 8779 2827 5764 3323 6915 804 6024 2822 2253 9448 1653 8032 1677 283 6693 9528 7274 7093 7274 3469 9027 8161 5625 3241 2302 8902 9641 814 8929 5107 29 5136 5237 1632 9406 9347 1991 738 5837 7702 7920 4320 247 3985 3464 4212 5753 3818 262 8660 2806 4990 4731 7618 5863 6479 2929 3712 2274 3705 1662 2616 4639 1145 5821 6619 4983 3216 2590 4168 4973 4116 4492 8895 6945 2279 9328 5367 1379 925 7892 2573 1413 6952 5035 9981 2980 134 3599 5750 5608 8862 5563 3786 5066 3766 2059 4163 5398 6104 608 3596 9649 983 4472 9390 8524 9709 4317 2954 4138 3942 9068 5847 4702 4418
170 107660 1785 5206 578 5488 1507 3349 2098 4112 6855 9022 1927 4689 6500 2502 3541 263 8800 5847 6812 4373 4704 6376 7383 454 4550 2895 3606 6155 8923 8532 9359 3493 8109 2392 8273 2358 2010 7543 3865 9523 6573 8169 921 2045 100472 207 6181 1377 5155 1484 6911 3068 7076 162 6470 1778 2464 7503 8843 753 3265 983 8500 7362 1577 8244 3076 9840 8261 2362 762 220 6277 9392 2681 9663 5211 7565 4457 6721 2466 4831 2155 1515 1873 2258 6195 3416 3216 8878 5793 6481 6026 9538 784 5113 68 7312 595 9301 4349 2041 1052 7905 118 5034 2831 6095 4948 3463 8823 977 5508 2519 6375 3641 5502 2704 8468 2286 5933 3365 4689 3602 5678 9741 2235 8563 2487 8310 5654 9999 6234 1353 3063 251 2202 7136 8980 5012 9628 2869 3640 5863 82 2573 2620 1263 6244 6549 8034 6814 768 1467 4980 4734 5332 7680 1709 9335 1529 6877 2293 772 7283 8388 723 1969 5958 4664 9646 744 2763 8528 7797 1836 243 2712 384 5781 2555 2152 2470 6926 3360 5080 2560 4843 2741 5524 6430 6719 915 45 5464 1117 5505 4545 8024 2669 7540 748 870 8897 9112 9263 5780 856 3840 5888 1148 6483 4762 3953 7718 1287 1446 4101 2542 6786 297 8752 918 9809 9853 5615 7640 113
9083 4537 4558 69 2428 8212 6837 4040 7004 4442 447 851 9744 8141 2840 7777 602 1401 9788 64 2714 4281 9255 235 3335 621 829 902 1342 1706 4971 4730 5306 850 2749 6786 4357 6806 9250 7556 4942 3978 4717 4020 7852 3512 2605 6422 5218 2791 7519 2163 4179 6604 6242 3821 6295 466 3579 6566 2175 9975 2826 1518 1638 9287 3389 2476 2552 5980 6260 3183 8839 3862 1573 5765 6316 7432 6801 4299 5627 4195 5350 2454 5578 8983 726 4690 1027 8167 3256 9337 7399 5164 8558 454 2950 1725 1799 5530 2797 6574 9701 847 6479 630 2369 8524 7079 5029 2702 1176 1788 534 7787 7314 3206 7953 7453 8944 9552 4148 1245 3254 319 19 429 5562 5986 7822 4433 3078 1899 1890 3388 8990 8589 8594 1288 7938 341 1128 634 6405 2766 8966 7701 7391 1616 818 2078 6736 232 4914 6224 1095 3566 8676 1457 7058 7667 3313 7812 982 4922 2162 353 5010 5001 915 9810 3919 2863 1944 3535 9994 7800 8270 5260 9301 1919 7971 9473 8874 7139 4744 778 7138 2493 2197 1104 9206 6785 1710 1289 6611 723 9013 75 5891 5724 1296 3319 2346 4125 621 1859 8766 8003 2227 1768 5627 7948 7803 3726 8518 6217 1230 7556 1632 9012 1344 820 6925 9539 9838 7046 6069 6414
6532 4020 8203 2638 1218 1727 3373 2934 8304 8048 203 1895 703 3057 8763 94 98 8141 3947 817 813 6500 1865 7754 6572 196 7488 6770 600 2869 6964 130 5734 4563 1936 7798 1008 6082 3118 819 9223 9917 6903 939 106873 6095 1531 7006 4336 8006 8563 6163 2172 1460 2788 2680 6962 9112 8823 2262 4676 2141 5640 3800 4563 1601 3900 5133 8770 1960 9206 5868 5613 8338 1051 168 1690 7914 8260 1124 6926 6753 884 7656 67 811 4699 8773 4057 8360 2906 6134 8827 5541 4408 7607 7891 8708 1557 1514 3152 3305 7997 7192 8327 9559 5486 325 2184 5611 4782 375 1203 8102 1783 5336 2571 4065 2788 3738 1865 716 5137 8682 4820 2119 9853 2760 4751 8677 4723 7382 8883 9662 4586 9391 687 116 5402 4027 5933 184 8432 2016 4664 6685 20 6650 1067 5261 9288 7374 250 5404 499 7611 8807 3754 7295 4259 6638 7980 5568 4425 4002 7869 5575 6394 5708 4689 8341 1297 3825 1626 2516 3254 7267 9119 9474 3687 4715 6809 7935 9434 7077 864 4634 5265 3644 2390 790 2591 6440 610 6915 7898 4325 5903 9066 4849 5031 5478 9737 4032 4522 6602 1840 3394 3134 5698 843 406 8755 9484 5665 6229 8833 7520 9996 8627 9340 5571 5898 4804 9510 4237 1171 3233
1749 1805 6364 731 5526 5595 4604 4303 5538 6302 7181 7227 3313 1471 8245 3712 8972 5822 6453 7864 1703 6708 9698 2090 8142 9209 4146 8971 8127 5750 5865 6039 3177 909 5813 9969 108228 136 1382 1591 2161 288 9123 7802 5778 7935 921 5149 4461 2263 7477 7163 7102 1748 9203 4685 8379 976 1335 5884 5963 5718 6413 1028 9897 2457 101725 586 8326 3413 8097 16 2989 950 3145 4727 971 264 2159 5364 7631 5311 183 9045 9534 713 9097 2853 1690 5216 2002 8430 9155 2228 7815 319 5438 216 7147 3327 3478 6187 5123 2801 2704 746 73 5865 7956 8388 4206 717 5896 1535 1988 5615 1503 9817 5082 442 4723 8033 3880 2218 766 1511 5726 8977 109407 9089 106633 5496 8267 8432 726 8883 8226 499 8393 104 8259 8682 6128 3905 108291 5869 1811 103840 106906 7261 5215 3171 5742 9435 4516 6648 8020 89 5388 5634 9188 1278 6237 2652 5901 9342 5520 6301 8089 8328 866 7357 338 3970 9339 3336 1621 3314 78 641 2102 3230 5440 4168 788 3959 4653 2143 606 9857 9927 7401 3782 4582 7984 8612 357 1787 778 3272 8607 723 8988 5792 2344 6291 3144 3753 472 4471 3179 2265 4843 4355 6821 3970 9212 4507 6538 2919 9603 2998 4824 494 4428 2401 2633
6519 1466 8929 1819 5420 2171 7003 5759 2905 8286 9671 4735 5613 3811 100002 1779 449 5346 947 6 521 910 9585 1156 8681 3019 2610 3447 5770 8446 5431 7986 2237 1524 6534 2925 4704 6182 9320 5682 6142 5707 9045 888 5707 78 1708 2510 5185 5218 840 6298 100868 6323 102223 995 157 4094 3772 8747 4261 9236 8272 2273 5424 9756 660 9654 1564 9655 2658 3695 102282 5239 6869 6266 3772 6562 5918 3508 8560 1299 5545 6586 105004 4738 6591 7279 7402 7461 5244 4334 1638 5207 7284 768 6758 9544 1042 8223 2777 103846 4833 7308 3587 2746 9279 7886 4184 1094 7327 1645 2614 6285 253 2414 7561 451 2455 9967 3193 1911 3306 6166 8214 846 2731 1941 7943 6739 9400 9968 8063 1627 9262 1698 8881 101021 8859 7885 422 4818 694 9760 3181 873 4910 2142 5042 3839 1345 525 1329 5933 2383 2556 8940 6722 6637 1305 1708 8578 8366 8577 6245 100879 2191 101849 9710 7015 177 6285 4447 9422 9149 503 2650 9918 8675 7554 4127 8589 1460 6383 9403 478 1649 6936 1713 5641 4931 339 9037 4767 8092 5626 6324 5561 102701 5944 9711 1841 4250 2694 1786 9907 3115 6952 6136 9669 4388 7249 6137 6165 8296 2014 8799 658 6729 3393 765 9261 3603 6493 241 6401
9642 5042 4707 177 2704 905 2478 4609 1308 4610 3680 1817 4152 3691 5309 1605 6873 7717 7032 1343 7413 2322 3620 209 2463 65 3271 2550 1478 1485 2816 9809 8832 5874 9675 9776 6945 690 8163 290 3568 4647 472 4006 8348 9578 97 8598 7402 3332 2947 4980 5507 9250 4530 3636 2908 1278 1048 1018 213 8540 1892 9941 5158 2290 6916 8253 5766 2460 7942 9081 1391 543 9915 8644 2927 6668 4221 5984 6464 823 9123 8475 6570 712 5986 4066 5798 945 551 723 4294 4082 7010 4215 7332 810 9525 4512 2345 2111 1246 9808 8191 6848 9936 1210 5177 4056 6889 492 3761 6501 100975 1005 194 8890 5164 4323 6391 2562 108 1033 3811 1575 9813 4207 6051 8610 5239 770 5457 2579 4067 9294 9994 7074 7568 2193 5218 1271 3868 1313 5446 104 4096 593 1571 6401 8567 4160 8085 281 3761 101858 4451 7682 7427 1188 5689 9681 6433 5322 1173 9999 5118 2987 5878 6015 2787 927 8770 7649 1951 9031 6888 950 414 271 3189 2901 5420 256 9034 3374 4652 9192 6429 3340 772 6126 2607 5904 5659 7008 3935 2012 2439 6031 301 9117 7440 62 1617 2958 649 9463 5437 712 2032 4687 8672 9550 4275 8987 3837 3464 565 9571 3867 5454 4561 8613 6846
9815 4575 2445 1014 7762 6789 3267 774 9718 8016 22 5144 1237 1571 4280 9359 4486 1230 730 1709 7939 9171 8122 6310 64 2229 7305 948 5198 3458 706 5964 7998 547 9864 2514 2361 5489 927 7417 7968 8410 7309 6333 800 9044 5922 1668 1416 2161 4135 6050 2238 2404 7891 9484 2270 9476 8324 9152 9716 6990 4156 5667 461 7279 6969 1371 5193 106882 473 7870 7444 2695 3437 9465 389 1189 2686 1830 4070 3617 1182 3816 1509 8367 2689 2841 4298 9545 795 1095 4890 4638 4875 9178 6795 8652 5848 6121 1610 7569 4763 1757 5769 4046 8766 9957 100253 9918 5331 1292 4599 1797 5928 9960 7393 1404 9369 5076 1019 9852 1735 9457 870 2441 5703 7864 4482 3186 830 5364 5699 5173 6348 4078 6761 8584 6966 520 448 5398 1545 9645 3044 310 1276 6728 4729 9650 3413 1333 6891 6919 8702 9750 1010 7464 9177 615 3352 9576 626 532 5821 1111 9173 2889 1050 8765 9487 2233 5925 6053 5945 6771 9029 172 674 274 9863 2266 2764 1508 4256 207 7035 5854 8468 2258 9225 2766 8358 5622 653 4193 6304 7823 5180 7158 9925 2756 8321 3474 4214 4100 74 3461 2834 1502 8115 1277 7873 4971 5063 9178 5043 1055 915 8945 6836 8704 2237 3333
9571 2070 709 6211 2980 468 2172 2301 8722 7829 7074 3754 505 5547 9636 2491 4323 4596 902 1553 2577 8974 2108 4365 9068 5437 5072 5800 1212 1402 1535 6084 2185 1534 8372 6514 3184 6303 3178 8486 1737 4202 8828 7112 2567 1890 2799 3085 4015 9927 4115 4677 2061 971 7093 9078 4035 9505 2009 8793 963 4279 4598 8467 3742 8502 1762 6167 222 8071 8160 6793 107314 8424 1046 8726 8600 5647 4660 6451 2016 4303 1682 899 4845 2521 1210 1773 7231 1284 310 7597 5888 3984 1371 9914 2444 3175 5078 6296 6132 9541 5701 3055 1684 2762 3433 3835 5539 8669 1706 4709 6316 243 5308 4994 2027 5136 4273 123 1065 8974 1872 5789 8364 3724 3188 6305 3305 7624 296 8095 7227 5504 2385 2318 6200 8582 4540 511 130 2754 122 267 4492 9372 2776 106 5133 1354 1332 3782 8602 2646 109134 8703 8431 2196 1083 2736 1997 3026 8240 3890 5787 4545 3421 544 102 7428 695 2426 6779 9031 8554 910 7543 3489 2415 9443 4429 3036 6059 6088 9719 9781 2312 2813 3168 7423 3016 7984 6546 6269 1975 3307 8364 736 9248 8443 9446 2717 7074 3316 9703 1347 7045 9172 519 6267 328 1814 9985 7537 1820 9591 2187 2498 3239 7422 8393 150 6642
1111 94 6112 6179 8801 4709 1940 1698 3177 3712 8041 1094 8054 3550 2878 5328 9574 1890 8786 1467 8857 6770 7694 7217 3293 8893 5862 5986 9129 5888 7681 1009 3791 8139 8724 3311 1195 8847 9813 9532 1121 9195 8863 9018 3270 2776 5058 7301 317 109713 2301 105792 2277 5095 8446 3938 945 7844 1272 6241 8440 8943 5575 7629 750 4063 9376 9136 4147 3539 1501 1205 7866 2848 823 7655 6733 2269 7572 9323 6047 2700 9940 4880 7682 170 215 1669 9978 9401 305 4700 7618 2347 7648 4943 7630 3603 1821 9968 8608 278 705 2101 2686 1208 1435 7123 1812 8420 1135 9146 6166 3611 6704 5314 9673 2545 8913 7028 7042 4580 1945 5372 63 9631 4277 2782 9285 3150 611 5430 3898 4835 6620 7300 109604 4232 8384 856 6401 4662 249 4219 3752 1398 3305 9758 6752 4901 2549 5254 8000 1213 7047 8344 4775 3058 4094 6210 7021 3146 1545 8459 2169 103409 2228 507 6324 3163 1233 62 2302 4859 442 1684 3871 4596 2326 5885 7489 5262 1851 6820 7932 5020 6644 1481 2514 6395 6754 1683 6893 7453 6759 102534 1173 9239 4305 657 2534 108200 6948 9259 5841 9915 5499 2848 2498 4094 5456 2982 3282 102084 1338 6357 5598 6840 3639 8726 712 102147
2938 5354 5868 2288 5798 4447 5958 4302 2348 3615 1602 3590 9905 109049 1716 3934 2996 8708 5897 108668 95 8113 1133 5327 6555 5425 1742 5402 3881 1799 4097 8786 1582 303 5668 6219 5614 1534 2708 6542 7949 6636 1648 1470 9121 7808 4685 2523 8764 1658 8476 2214 2746 108887 8105 6454 1301 5280 1860 9018 2321 8500 229 1824 949 9304 4460 5702 566 1676 4903 943 2651 9440 7240 1864 8252 9990 7878 8331 9660 6553 6627 980 2857 8991 6861 5666 5937 1339 4057 1120 8552 7174 9501 2741 9255 3759 4092 2313 4119 4368 1624 102921 7326 8675 6627 7148 8361 100597 4486 1670 6331 5178 8726 6333 8981 2657 5667 4667 6311 8713 2259 260 5109 9476 7903 8984 1277 299 1164 4443 2680 1346 7549 4931 5568 5150 39 2049 7921 2404 3301 109892 450 3476 4061 7531 7078 1893 82 1129 2062 6674 8539 5645 6401 4838 7028 2275 5583 2485 1492 6677 7298 7659 4655 5398 3063 6600 9693 6417 43 7036 411 9085 6409 2623 9440 6180 3283 324 6802 4228 1087 4191 1418 533 1476 1541 5765 5836 6228 8035 1804 100415 3661 4434 6055 4250 5451 3225 1486 754 2480 6660 3040 4072 3463 6883 2583 3473 2837 6582 9819 1875 7841 7159 9702 1602 2325
8408 1368 8860 1061 1599 3581 4945 4864 3343 2156 7383 4933 9386 7760 5149 7624 1220 1244 1183 8052 1289 426 6793 6691 9841 8725 6255 9500 8403 7577 7885 4509 9271 6695 9274 8954 7521 4749 4675 5876 6603 1733 7733 1964 3602 2845 4810 810 9508 9607 2712 8714 9496 1890 7574 9366 895 8712 2752 2570 4905 3977 100765 9299 9579 9129 6512 4265 7072 2453 6364 4608 2509 3628 1435 3561 4089 3051 65 3710 8093 6617 5228 6702 7624 5109 7902 1094 7 2269 8254 6273 6115 109824 9516 2608 2555 4421 1508 3453 5684 286 1893 5308 9901 2280 3363 2228 8760 8372 3593 3709 6854 826 1266 9835 5954 1900 9450 3978 1825 250 3921 9161 8408 4181 2992 4987 1967 6693 3935 2924 8485 1054 8262 706 5396 2192 5427 1492 9686 5247 5963 4527 8983 851 4868 1414 4461 6064 7314 4762 6006 1880 4113 5275 6785 3631 707 1629 432 7360 9433 8415 300 109551 7591 4328 4457 702 2740 8674 3099 2100 5631 5595 5449 906 1576 1306 4513 7848 638 3135 5517 5376 7461 9678 7013 8440 4523 7902 5573 670 7914 8381 4575 104247 7120 950 324 9049 1917 9349 3232 9338 5101 2682 6067 3577 136 7629 2711 6715 1990 5121 6638 5624 1334 1228
7948 855 8656 5509 1094 9239 8026 607 102761 5600 9208 1685 9549 7465 1080 118 7403 5515 3069 7268 8429 5974 6330 106759 7046 1347 100753 6919 6194 7577 1836 7034 9215 2340 7980 4635 8475 2979 4384 5596 4927 7745 8569 5053 1997 86 7083 4141 935 6702 7814 4400 3440 6347 1910 4401 2438 6871 9736 4906 7088 6252 3807 8002 3524 2503 4181 4567 8045 2938 8645 103181 3611 9570 7801 6981 8075 1112 2751 7297 3305 2651 9970 374 2547 238 134 6211 9040 398 1331 4562 0 2264 3590 524 4357 4008 2373 9234 7907 7460 2897 8681 5508 874 9089 8037 1504 2039 105180 2026 8155 5099 8055 2287 3278 1561 100224 7172 2859 2722 282 1541 6155 9060 6267 320 3818 7663 1714 2739 9478 7721 9036 5673 7011 8979 2505 6199 9315 1036 202 6257 8820 2228 5710 2947 3706 4291 5678 525 5135 6618 1989 3374 8392 2922 8420 5828 3706 6261 7557 1059 4716 3266 9390 9829 1439 2116 6008 6849 6316 8029 5153 7246 5564 1439 8927 9801 9678 8004 8726 7765 1268 1310 1435 531 1791 1265 2602 2051 2749 1808 2069 346 1663 3701 558 4004 3504 501 7143 7243 6163 1315 568 4968 5580 6580 8817 2170 5890 5107 7569 4181 3587 5238 4262
2589 7513 497 8405 2243 9371 2761 5308 1391 8903 4235 646 382 3150 798 1343 2046 7521 4791 1256 3192 5755 716 4382 9549 4815 842 4678 8853 1347 8826 156 9299 28 930 3084 100685 621 6793 9680 6858 2794 2909 956 2173 1714 8888 3622 561 7901 6879 3529 2245 4369 8893 4204 6075 2235 6048 8495 3580 3501 3411 7766 2286 4355 8476 6473 2680 1546 790 2714 9588 8546 7825 2601 838 5763 2633 2420 5037 109823 2677 9667 2408 4935 7073 7524 523 17 1629 1730 9490 5927 5079 7019 581 6051 807 8834 4556 1354 858 2594 107061 9143 2689 4356 8868 7722 810 2995 4058 7424 106271 3454 3289 9588 8734 398 109078 2262 1322 296 5968 8667 6367 1269 3393 9526 9499 1936 3667 646 6779 1552 1396 879 9572 2039 9773 2477 9715 8490 6383 7079 8423 177 5519 160 8270 2305 2564 228 7229 107145 7886 8689 6260 6218 1801 1427 6192 4587 1155 2485 3091 5243 7658 3364 5073 2968 8089 7382 3789 7168 949 1244 1652 8326 2451 3716 2055 2311 6444 1874 1519 8429 2211 5423 2956 2691 4295 18 2591 6027 6420 6863 777 1677 7247 9517 4162 432 2145 1181 4990 2414 3027 1223 5150 3427 9532 3175 5683 1830 9127 4008
1960 4571 3096 9695 9409 1096 1232 1340 1534 6999 7119 701 4500 1212 1738 35 174 3687 5757 6776 1728 7196 3602 7793 7100 6977 2163 3921 1193 5703 8124 2287 6385 4733 9557 2025 6713 2497 5918 1976 3158 102520 4700 7846 3678 2097 7347 8925 8205 1797 2068 9537 6089 7905 5530 6113 9592 1975 7839 1035 7073 2818 8356 1838 8224 4041 561 2627 718 310 3529 4590 3200 807 4402 6306 1406 2164 467 6275 4487 1490 1407 4528 2147 7751 3538 3584 2009 159 4009 988 9331 5487 9382 9405 3743 1896 1636 5879 6487 8606 1112 9623 100226 9882 6953 3785 5532 2668 9362 2718 852 2069 1733 105435 3189 7828 2530 6453 4871 9231 7448 9948 9351 5605 939 2277 2036 9202 6567 317 2763 2738 1428 3594 2870 2665 6875 452 7584 1683 6935 6660 3660 503 959 1180 8951 4353 7587 8744 459 3937 3189 101011 6037 2958 4635 2749 569 7294 2930 9707 7508 107018 6341 3567 899 4654 9709 2330 2770 2399 6267 2591 3175 800 8020 2074 108385 1430 125 3329 4955 2218 4520 9738 7509 6912 2253 7501 4100 4550 9324 9211 3433 9806 5121 2687 1376 7311 2026 3444 6586 8665 5077 1079 4189 2936 5645 894 2426 7211 4503 5321 4608
6293 1288 7544 100031 7492 4682 2686 223 848 2606 8148 6930 118 1683 6337 9735 8069 8648 9208 5440 3913 5726 7699 2631 1159 354 1807 156 6040 9722 1447 5730 7113 6062 6614 2923 7073 5753 8839 7665 6501 655 3839 839 2089 113 1517 8703 8632 8191 1968 2189 9462 7982 1339 8955 5684 6922 1445 100942 1844 9421 6212 3002 1597 737 2218 882 385 1170 1504 9682 4397 2376 9459 9984 9441 3604 3004 6608 6672 296 6532 1671 6218 3484 9735 4755 8232 8382 600 7833 904 1881 7430 3934 939 5466 398 6122 42 4047 4001 7898 5088 464 648 2869 3780 8291 1652 146 1365 5627 6331 712 5739 6816 2864 4453 3724 8789 9761 323 2924 5558 695 3336 5065 8656 5818 4540 3782 4902 4035 6769 3397 5873 2742 5518 4603 2183 8864 541 3390 3103 7261 7046 9170 4436 2317 2539 9653 1528 807 9893 1656 779 447 7150 9871 9740 68 1249 1691 6127 4317 3583 8421 576 5238 4868 989 7927 1045 2921 2165 5437 4914 3162 5543 4669 1926 3563 1182 7166 851 1703 8740 8048 8900 1386 5527 1942 7206 576 8977 7523 5336 8460 2457 343 1791 7069 4372 1116 8989 6942 3072 3596 9043 2461 1778 1558 9908 8751
7742 1136 5627 2898 6471 6975 4352 7650 936 2277 2680 3296 3202 9066 1963 9888 9302 9198 5753 7490 2374 6445 5727 7860 8536 5109 3558 8630 8843 8244 3950 5550 268 1590 8873 109836 6730 109 2874 4848 969 481 4400 2171 5348 2603 5774 884 4263 2188 173 3484 3900 6019 3139 9299 1412 223 4838 732 3897 2514 3356 847 8433 7703 181 5327 3749 4645 6619 3019 7539 83 7208 6408 449 4623 5497 2830 1379 2618 5026 3313 1278 9350 3650 102180 8830 2979 3416 2585 917 2326 7974 3292 645 2443 4373 1393 2416 9645 5514 2267 5758 1171 4567 1662 4191 9021 4869 2711 657 3119 4448 2763 9188 589 7459 105789 2188 6745 9526 9988 4535 280 5429 9900 1280 9803 435 9276 9971 1581 5567 5528 2242 9321 710 108343 7383 9870 5401 344 9146 9044 9504 5760 4662 1297 847 6712 6087 2072 4791 9653 8967 6386 6656 519 1753 2031 1511 6662 3237 7102 3331 8570 2342 1131 5724 5002 416 345 221 2839 7094 9537 953 3754 2619 4905 3404 2667 6631 8840 6068 3044 6316 2521 1440 597 9450 2399 3207 457 2464 4728 8668 2761 5683 4228 2161 479 4340 3799 234 8446 6253 4765 9251 4640 332 7790 2500
5904 1428 7955 1604 5305 3808 743 1804 102878 489 737 8061 4012 7482 386 1989 9533 5090 2794 6733 4526 2553 8224 6887 2707 2647 5921 711 9994 2961 5431 4350 2573 1286 8574 9343 3564 8249 4980 1388 1242 2495 2368 0 8199 3244 4644 4243 1454 7657 965 8617 3343 8040 6251 4940 2304 5499 7988 5179 6144 8018 6253 2947 588 9588 884 4157 1397 7104 9336 6072 9634 1828 866 5417 9266 9822 5480 8000 5620 6448 7743 8380 651 9977 688 2466 8444 5538 8671 5594 330 5367 5016 58 4532 4615 8859 7847 1596 189 2554 3353 2060 3584 9135 399 8213 2407 2739 2531 4728 1569 9309 9055 1080 1588 6216 847 703 7764 5001 121 7312 2759 2191 1835 7981 7223 4731 6372 6170 2440 2482 8502 897 7130 2800 6890 8024 8544 101984 4260 2608 3554 1178 105064 8479 3985 2155 6478 1488 7609 2267 3858 2762 5836 7355 3903 1182 5932 8989 8157 805 1144 8217 7335 8586 5035 6813 7602 5363 3666 2341 104620 2085 7213 7115 3297 8680 8935 769 132 6041 313 4012 524 4336 4284 259 733 108913 9070 1449 8552 8710 1478 6887 1749 3165 6907 8845 3872 6110 5555 8650 2818 2656 8856 1915 2034 1196 2255
6192 2059 2433 1548 341 4608 8906 6752 2528 7341 1549 8164 4646 1535 1238 971 6867 4183 5508 2786 361 9499 2593 2651 4856 2446 3879 7996 4160 4786 7521 417 1667 6890 7104 6793 4078 6452 9792 3167 8729 4823 5067 9015 4909 1850 7259 5037 2870 389 2085 9752 9385 6908 1892 4676 7847 6569 2612 3952 690 6456 8369 5013 1680 8730 3791 1961 7374 8866 6763 6883 9767 9284 8273 3391 2357 95 6559 8676 7015 1128 6666 853 3891 6521 2000 3077 3614 9866 4078 3710 6602 8879 899 2755 8751 3297 1828 4468 638 1586 4337 834 2257 2907 40 7332 2599 9336 905 7546 1599 1543 1386 3408 3954 7388 5659 581 5558 2025 1868 6828 784 3580 8718 2706 6650 6857 3384 8770 102533 8506 715 8613 9152 1188 100376 7310 7802 9564 4048 9653 3557 9018 3980 706 2364 1021 9295 7805 22 1583 1336 531 8683 6249 7420 1820 8246 3450 3459 2522 102748 3220 546 100628 6348 168 1049 2372 5623 4932 654 2590 8930 7018 9482 2003 5706 5858 1314 6021 6919 2082 8969 6315 5700 5038 9044 3863 1054 3195 5422 9350 4762 9016 3229 711 1612 9198 500 9232 278 2055 138 4605 9470 2318 8523 6363 4355
1733 6574 6084 1873 8685 4087 2716 6562 2257 7614 6027 9991 9524 2703 2684 5848 572 1843 9510 5657 5407 8927 4408 1470 6173 5596 1834 8800 2238 7335 3281 6944 3710 9145 1204 5147 8789 1610 3165 1486 4380 8066 7858 156 3645 6032 6389 3230 5034 8686 8328 5530 7537 7668 4853 105464 527 2108 1693 2416 7410 4982 3759 360 8243 9549 8011 1645 5876 986 3672 4479 7574 88 1251 2979 2847 39 8601 8995 3705 8037 5286 1224 6574 5353 4559 4011 9747 1202 3325 8760 6243 3360 5835 8052 1486 7521 4418 5376 2273 8335 6211 3342 472 2584 5989 5604 4961 9422 8959 5184 4818 7855 4696 1834 2350 1752 3485 2656 5396 6390 7155 5373 5992 7197 5214 8955 9286 7549 7297 1596 9781 8769 8727 1363 7560 906 4209 7048 1131 6172 3073 7628 3532 5318 4918 2169 9703 6696 3097 5198 3191 2096 7031 5514 1690 1286 7408 8566 6116 2265 336 3592 1814 1305 668 2853 1328 1318 399 967 277 3416 8053 8719 7471 6817 7736 3373 5091 7313 825 1998 6854 264 3617 6005 4447 4321 1128 7869 1679 6285 2343 8669 9566 5021 5753 1453 5656 3140 2471 1192 168 7116 6980 3571 5652 728 8981 9533
2745 1866 1142 1671 3192 3751 8233 9382 385 6759 2128 1639 9839 8977 4477 2162 309 4598 904 7986 1351 3837 2384 660 6347 527 9974 3854 4017 9107 679 6610 4674 1453 8952 8322 7013 100163 4550 100054 4472 193 6590 5677 4156 621 1323 656 9089 2013 7311 5373 1685 2855 5524 2482 7671 108041 7586 9496 977 3226 1668 5203 1733 1 3430 5383 7286 108021 4130 7069 2218 6277 4971 6806 2351 3481 7049 9839 7036 7608 2135 4789 1322 6091 104089 9947 6307 8578 178 4218 6329 3574 1445 8857 5322 8734 8026 1773 7138 598 8115 6882 2449 9501 9231 2875 9071 3501 5407 7270 5822 7329 6808 8435 1855 8658 3704 2679 4967 4962 101308 7228 2339 9853 6321 219 4617 12 9386 2973 9393 380 5538 6126 8997 2719 66 9987 8661 4146 805 6221 7661 4414 5961 3999 107 7650 104041 3245 109675 4545 3273 4293 2662 8216 3266 2114 7643 6259 2895 7182 6572 3537 7783 536 76 3317 4139 5271 2391 9790 2770 6302 8083 473 1268 5728 8758 1077 964 101621 7000 5815 2641 9438 650 4032 4366 6469 199 2732 977 9161 2586 5452 4121 3257 6144 9814 2388 5182 2927 1258 5951 7294 8696 7177 367
1662 5721 1698 7152 4120 9589 1789 1948 478 2120 4651 4062 925 1398 103053 9256 1925 101043 724 6177 376 968 3561 4483 3361 933 9663 1812 9160 3346 1797 6867 2563 5835 1488 406 2766 5099 6617 8002 7950 1511 8339 1914 2226 894 911 4859 5051 5248 5939 3464 1550 9933 5976 6065 8312 8463 1491 8009 962 267 104439 1416 5748 5332 3337 9182 1454 32 1748 810 4485 5727 878 9834 4523 7193 7291 3651 835 2664 1360 2308 2147 5126 4074 7046 8490 8967 7984 6246 9172 2698 806 630 6796 5676 4884 1520 1489 101438 2535 4653 8204 5833 8966 7622 9377 101039 7079 5769 8132 451 6467 5229 2174 3019 4935 6073 8912 1125 9597 1650 7671 7192 3898 2628 5073 6956 2985 7812 6047 6909 552 2547 5483 5356 8514 197 2987 2022 2461 4546 4055 2697 2724 8797 3512 629 6775 532 2849 543 465 8935 7747 3612 7851 8732 8203 1723 944 9105 1246 7347 9585 3476 9257 6448 185 7600 8962 3048 1219 7593 2275 4883 2507 234 5448 9978 2338 6541 134 6991 9478 7931 2559 9598 1329 68 7603 9458 5745 6033 2313 6970 5176 6232 7950 6493 8325 9455 5549 2029 3971 8485 6417 7720
5712 1886 7447 4708 2736 1725 3319 7164 6435 3591 8211 1638 9669 8197 177 6568 1892 2650 4646 538 5703 7270 3780 107036 957 3274 2869 5723 104164 7837 9432 3313 5915 5679 844 699 4682 5212 1515 7455 8656 8755 4377 106765 4429 1719 2156 3621 4801 4293 1054 6121 677 87 2752 3781 6393 4457 6754 8668 845 3930 5297 6228 5908 4198 1616 8214 9414 9329 2090 8415 4373 5846 101974 9786 6610 2433 2492 3649 4641 2490 680 9569 9674 6915 106365 4894 1089 7987 2139 4247 360 7620 6243 5196 4932 9610 3146 6989 2077 678 3437 292 103802 5177 5493 1589 1740 9181 6699 3845 2490 5584 1149 8345 2334 8722 9905 5473 6253 6738 8601 8085 2956 195 5527 3102 4209 1973 8995 8376 5112 7361 508 262 6375 2181 109596 3607 948 4001 5775 5560 104181 2577 9188 2154 1129 2444 6916 2005 6773 8700 5891 7421 641 9983 197 5300 8644 6461 1827 1504 6557 683 8206 9662 2436 1872 9123 100583 8192 438 7280 5378 1995 107587 6166 6779 2435 2056 271 674 6753 1450 8402 7271 2095 2975 20 1301 7894 603 7249 8812 4518 1756 3532 2291 2617 9922 108019 573 266 3540 9799 8508 4658
1551 6394 4084 4388 4736 26 129 2282 451 5165 3195 2222 509 6861 313 5293 7047 7206 3284 5465 2124 8973 3342 8463 7125 404 2178 9561 7090 4635 2621 2884 6061 521 941 3492 1930 1100 409 5894 1825 2621 6834 8134 1583 8071 2937 6163 6329 9353 3985 8704 4834 8042 3237 732 1088 5037 4541 1300 842 5189 2317 3831 7828 2139 3071 9083 1055 8365 1251 6574 2970 1849 371 5935 102237 9259 7772 6734 5800 451 7754 834 7208 5275 8258 9402 2842 5319 118 6309 1586 7581 6357 1109 5918 9479 3969 6097 6566 6023 6549 5291 247 4106 3767 2866 1713 2592 9274 3528 9006 204 4743 2358 9764 106231 2685 3663 5772 4825 7446 9939 2083 1722 3196 3077 4513 5414 444 6766 585 3760 102665 9459 6832 6984 1364 6229 6290 8495 4363 1208 3537 7419 1184 5542 7295 7494 2188 9157 2846 6236 2836 1446 1061 8549 5450 1775 5686 223 2614 4459 5038 2288 4583 5712 1021 6554 4212 6161 5447 5648 6888 6422 7642 8312 1086 3785 6097 9442 9369 3506 455 7943 3144 150 1520 2789 967 5690 1093 8827 1145 109838 5054 8880 8053 4360 6230 2457 104975 1167 169 106522 392 5034
4689 9276 9000 3319 2897 107936 6523 8016 1809 1907 4074 5435 5196 1891 684 5296 7510 785 13 1937 2801 3527 1917 3237 3762 44 9627 9813 2944 7382 7044 2124 7629 5807 1095 3208 7001 2635 2875 103206 5234 8568 6339 5053 5328 5399 9073 7512 2368 5834 6504 7082 3647 2783 7478 3854 1738 6540 1922 3501 4996 2747 7011 9220 7304 6344 3010 2580 5375 6984 1808 4347 2483 1933 9498 6820 1125 2808 6460 1242 2685 5582 5684 2739 1696 4221 8505 1403 4470 103808 6156 6462 9052 2626 9085 107066 2440 1200 2001 6163 4796 9922 9170 393 2124 4491 8120 1384 6067 2942 2871 1839 595 9044 8696 3667 859 3675 157 8596 318 1121 5471 8527 1042 6354 4522 5622 8582 108094 3100 4286 2472 6943 2202 3975 5077 7833 5619 4993 4066 2882 8025 1101 6123 2644 9997 225 9946 769 4522 9057 8298 7927 789 2362 6700 1524 1507 1296 4698 6619 7420 7339 2650 6263 607 2477 5686 5424 3189 9495 1609 5196 5802 45 6108 7448 1818 5607 339 100615 616 1162 2545 9 6341 694 2195 3983 9615 9712 6571 9311 1080 4083 2780 8196 5481 5267 7878 6439 8102 6803 5618 4547 9779
8903 816 6389 9703 1372 3854 4883 2688 4199 4013 6096 104136 155 7967 3373 3655 5711 3411 577 1816 575 7348 3003 3152 9857 7934 6391 5405 8891 4515 5552 7691 9892 2861 8118 8045 840 109349 6272 841 4976 9844 109555 7797 6369 423 355 9825 3347 8472 9465 2373 1237 6811 278 8573 8511 2790 6504 6226 1641 997 9387 9738 3370 4445 7617 706 4003 1647 5732 7644 1213 3999 1163 5956 101632 5781 6619 4023 358 1203 102432 8806 559 361 7869 6391 9942 8966 4337 9469 2691 960 8250 7513 2755 1190 46 8705 5381 4307 5239 2592 2614 5557 799 557 0 5151 2109 9073 1998 2332 6110 483 5859 5926 1880 3718 4844 870 394 119 8051 1804 2600 2303 6837 5536 7974 2527 7862 5162 7795 4877 2564 4256 6824 6857 6665 2222 7792 4725 1669 1547 3467 2853 2827 2937 9438 1827 362 5261 9821 6470 2096 2432 9451 2324 9162 581 5841 1510 4398 2476 7421 7851 4733 6646 1165 655 6883 1114 8429 429 289 5352 5949 6371 7214 5100 4231 613 7321 6788 9631 1829 106497 3253 8540 2721 9720 9004 8262 2765 3542 7089 1936 9027 5402 9936 5927 1064 4279 219
9804 4257 9692 2602 8575 7573 7603 6549 5436 3509 4063 9683 4251 1113 5760 643 6162 8333 489 8604 1725 2252 6676 7504 4641 1148 3908 3686 3390 3274 9771 9432 5956 2279 925 5578 9303 3540 8180 8461 3253 7033 7078 8834 8278 4252 9988 2482 9638 5392 4356 7838 128 3708 8017 2035 8171 8350 4961 9808 4937 7487 9880 1851 4717 1961 2556 608 733 7431 3192 7979 4441 2939 372 8713 955 7253 4885 2618 1775 5363 4497 4746 4773 1412 7382 6656 5108 1698 3563 8102 4897 9983 3959 7610 2176 462 1297 7444 106 182 2487 3753 1249 7138 4403 1679 624 3901 8987 9171 4710 1101 9464 2487 4372 5724 1881 2688 7364 1951 5625 3487 3933 7584 9726 2814 5445 6335 5844 5421 2070 106041 4281 3165 6948 9703 100538 2446 1341 6827 8126 8996 6066 2390 5329 9343 9510 4781 2532 3579 2340 9565 6275 6004 1190 3196 9431 2302 5427 3363 1341 1765 1448 2569 108550 2337 8603 5937 432 3612 3500 6439 6502 7686 1724 1478 1844 5944 5410 5566 2110 100888 6764 852 9856 2509 9379 7499 6456 2420 1283 9490 452 3282 6633 637 1942 8891 1533 2536 1119 130 5970
3689 6683 9569 9660 9238 745 106347 241 2839 4526 8305 7315 105661 2698 8818 6925 4483 4251 8246 3196 4052 8449 205 4496 6126 98 9187 4851 357 2686 9304 8426 8378 2997 3245 2265 1773 7448 5888 1275 1905 9294 2092 2 6927 4808 9259 1356 1454 1863 6366 7911 4386 3660 2350 101014 9298 8096 1091 5925 8255 597 1861 9017 2545 103677 514 9564 2115 2121 8863 5959 1379 7685 1714 9088 2819 5410 7119 375 9027 5636 9330 2124 109219 8093 9117 2339 2659 2777 1202 5914 942 7836 9810 5002 2614 4249 215 1532 1921 8613 848 6382 5957 7643 8139 4326 8432 5712 2504 6327 2827 5818 103962 1858 8671 4669 3329 9262 2025 9350 2087 1467 5594 1067 4120 3811 7250 8610 1621 1938 8078 9986 842 2039 8111 4408 1071 7564 7486 602 7868 6195 2861 4417 3056 4161 863 9362 164 1680 9290 317 587 5791 6316 3403 9805 1980 1196 7953 1044 8341 1635 8522 198 1531 103626 3284 4485 3369 4469 4185 1860 4372 1377 7345 907 1570 8074 758 4380 7968 9664 4856 2278 351 4139 5474 9769 1758 9740 1837 3532 6558 3334 2947 8156 9170 1597 711 5558 101
9726 5315 1639 2657 3935 5042 546 413 1208 495 1394 70 595 1133 1472 402 9791 3289 4806 1729 4251 9885 2869 661 849 106743 8004 8371 1665 425 2970 1609 3296 993 6095 1955 4944 9084 9278 3577 1938 5591 8973 5644 6681 5686 1216 9457 5393 5912 105291 652 3872 91 8806 1281 3244 4300 1990 9958 9549 1762 6905 3837 451 2972 5394 8881 3819 8343 2071 3903 5023 580 7 4216 1996 6186 8831 2051 2760 7784 2255 7464 1059 7742 5369 7306 4813 1996 6409 4933 5977 9658 6283 5448 2320 4986 361 1924 3289 59 9236 791 5991 9216 2502 9954 6691 2064 7606 977 3404 8095 3547 204 4349 6493 8084 5881 1246 5422 5447 3397 525 9114 1528 6131 2494 8917 6940 8676 2160 1537 1519 200 8995 3394 6819 104435 6999 1122 9563 8355 5766 5255 7671 4321 7285 66 5680 3478 5158 3849 1174 8400 100546 7960 9031 9366 4261 4163 3427 5208 9787 5679 5630 8042 7882 2530 8438 3875 6927 106759 8230 9024 2445 4118 8250 5438 2259 5012 1156 6521 4398 1303 5247 2094 9471 2397 9457 6888 2302 3806 3238 3929 3295 5454 858 9558 660 2488 3495
4665 3795 2439 5873 1617 201 8758 1262 1052 9439 9019 6250 760 5437 8255 7209 6807 1276 5922 6670 6993 992 140 4908 7422 8662 9431 4155 5476 569 8347 2174 2301 8235 9994 9026 8557 6563 9694 5033 6067 5074 1535 104200 7438 1675 8857 1726 9506 7714 3165 8806 698 7171 7447 2094 2912 9639 1777 6745 315 6706 1638 850 5225 1424 5784 4659 7757 9378 9430 8548 7258 419 5912 1447 4353 1744 2013 5812 1799 2152 3288 5505 2811 6304 3686 6340 2262 3290 9491 1356 2388 6166 334 2716 3746 7849 74 6778 921 4494 6918 7607 7114 1115 2798 1471 4793 5669 3075 1604 5471 2966 3818 2374 7467 3550 6033 3238 7513 9991 6871 6683 2726 4670 7164 6084 2819 2543 7654 8127 776 1920 7557 1434 1690 2273 8442 6488 5840 401 6612 9126 6946 1845 7882 6526 5987 6533 3648 7340 2577 663 2116 2927 4458 3169 8536 7154 7570 6617 1685 188 1074 8590 1501 1605 2755 7853 9154 1914 5595 9821 870 5218 1751 1020 5906 3809 9018 1501 9371 7245 8773 2306 5186 1792 664 1239 7306 7246 7767 6191 8159 407 3824 1139 7045 6511 6716 2359
9615 2972 421 7503 6082 2912 1127 1571 6681 8807 8233 9935 8026 9443 2062 4158 7176 3718 983 920 3851 7263 5051 9001 5901 3274 362 4820 6 7969 9086 6376 7338 102551 467 1185 4465 2055 8185 2354 9063 376 792 7474 885 5540 5811 2613 4784 2345 3311 1181 6689 8767 4006 7792 9333 9243 1975 5659 5414 147 5553 5495 9897 6115 6912 3835 9145 4848 7910 2 276 7803 3182 1151 1204 2265 797 766 9233 3888 4873 100685 6325 5668 8319 1387 177 107507 6512 5535 6446 2333 1980 1388 470 9560 1954 1507 771 6915 8229 2762 7608 2954 4611 8764 3152 1465 2435 8866 2883 2228 77 3952 8016 1463 1855 6386 8519 5993 2844 108792 3798 6167 6103 1808 5063 286 3281 1027 8136 696 8944 1123 8411 5355 8080 8436 5647 4574 782 3863 8159 5518 5426 9039 2393 5840 5885 5470 49 6903 868 3935 7383 1176 300 6746 5286 7196 678 611 4783 2055 7260 7187 1174 1575 381 1820 6826 9214 533 107095 315 3411 5681 7089 3143 2534 786 4629 7750 8403 8736 1931 5255 9241 1584 578 42 7932 1113 2633 3471 8135 2259 837 8911
6918 9329 3662 1274 1522 3793 7674 208 1534 1090 107246 2100 3170 7109 7634 206 166 8391 5140 8527 7362 9918 7152 2139 1636 3649 1935 3410 2273 8733 2494 8543 2655 5461 3937 7253 9362 105610 8023 1526 2550 8460 4510 311 7261 2815 1562 7136 7832 33 5619 920 4891 7131 1933 8913 3421 2839 4749 255 157 5041 3128 1518 1563 8641 2317 7781 1878 4599 8342 3558 6786 5623 4650 6344 3901 3272 2343 7254 4081 424 2351 1977 4604 6930 928 531 2670 4258 105305 1646 2595 5256 5322 4885 7923 6988 7099 2320 8870 2321 4911 118 7147 1436 6522 4142 102842 183 5376 3175 2025 1809 1248 1081 556 5961 690 8299 1969 43 925 1671 7211 5321 6668 104058 7517 2414 9041 2320 5257 7743 7323 1696 4201 7475 9748 5171 3422 3733 7678 347 1815 4695 7919 674 5765 2744 8314 816 3708 5049 6928 3634 5052 5821 2535 1751 6561 2320 3066 140 8312 1706 5713 538 8324 179 7042 4574 95 3209 9576 104282 2340 8911 2131 6875 7293 3209 6976 5051 7944 7925 2795 7287 2288 4748 2674 6275 3849 5130 9323 124 427 2457 3529 30
3091 5941 1883 2248 5207 2540 6406 3325 8456 2548 580 2252 93 7921 7628 2498 1773 3879 2164 7134 1901 269 9077 8773 5835 8595 3822 8600 1882 2885 1995 3619 6352 4944 6376 8999 684 3061 2352 1418 6523 6412 6891 108589 4237 4859 71 8558 3795 838 5605 5823 300 106889 9816 5991 6017 3188 7802 2808 2541 8822 8416 353 9153 1165 2319 388 1879 3517 6607 8106 4405 6175 7150 9654 4916 9404 6344 5927 5810 523 8918 3522 709 2055 740 7504 6625 3172 6664 276 155 9667 3408 6575 2351 6836 8442 2887 959 59 9978 229 5933 7463 6072 127 2444 6047 104 134 3889 8445 6526 4080 9775 624 2081 2952 8628 1068 2735 1140 4830 533 8129 9767 4466 7980 401 7720 2446 3480 5513 5764 9213 2457 6366 102208 2251 2218 2781 5073 73 8373 5317 3327 964 6555 8005 343 1729 5955 5271 8592 7324 1171 4285 4704 1057 3341 778 5328 107050 103676 7877 9981 8315 8832 6602 9009 9354 9989 1889 4706 674 5098 3571 776 5626 6753 2602 4981 4370 2402 3224 3968 7982 3206 9659 7298 1958 6529 1855 9829 2300 9022 3973
3754 8816 817 7811 5626 9425 3305 7180 8591 740 4437 2033 7924 234 9993 9431 6074 9261 8769 9707 6124 9499 5669 9812 757 1895 8333 72 4561 5308 1463 5089 785 5027 3671 721 6371 487 9054 2788 3586 1287 5998 5606 5481 6380 2460 901 1822 2315 4439 295 2061 2461 7769 3614 1121 941 6108 1563 7610 2146 1422 1986 380 2766 904 221 4773 2918 3227 7859 7681 7602 4876 1658 7841 8007 2210 9962 9865 9252 7053 9188 3529 5338 585 3251 31 9600 3763 3858 5210 165 124 4271 1906 3815 4284 894 5270 516 1993 4848 6166 8175 2727 6182 1379 4181 3010 112 4067 3456 810 3051 4265 6187 9838 6987 4725 9880 5165 2485 8344 7375 40 7632 331 4231 2140 5948 2592 1130 6159 9524 5464 1300 3929 400 1686 1852 2197 8159 7733 5350 2631 8243 6150 952 1424 8093 2508 2524 3504 1594 9980 9670 9979 9998 3454 6038 1056 6592 9609 496 1174 966 6527 5706 7719 4163 804 325 2818 4222 8693 4096 5995 2516 8582 5161 342 3153 3517 5318 228 2267 1229 6995 6157 8143 4677 5532 8639 8193 1179 2237
2661 6030 1443 1625 7756 105316 9988 1256 9794 1733 7612 7588 5407 6087 4643 7766 73 7599 6254 6476 5042 5279 725 8254 2197 9390 4695 2209 3522 279 1372 2331 2581 7653 9596 6328 2558 333 9710 6957 2684 1900 3523 2459 3627 563 9396 1766 104896 9104 6521 5719 4210 1103 779 3630 9132 4368 108108 7068 8128 9307 6246 4640 4142 2081 5970 7520 3365 8149 4122 6555 1225 2012 8288 9613 7206 100016 1585 6354 7572 6955 5716 7038 2251 4370 5687 6733 2633 4255 1276 8150 7602 4196 2768 9845 1351 573 1149 4410 5210 9093 4896 2604 7025 7131 1069 100385 3721 2679 1937 7538 7196 8216 3609 395 1942 6640 3425 753 245 6306 8928 3927 6415 5258 9890 2050 1161 5998 5781 476 4149 5956 4616 4470 9099 1172 9393 5921 6235 6479 7630 6446 5809 496 7263 4484 7082 6401 6722 9539 2455 17 4158 4375 64 5270 5780 2175 699 109006 6114 5166 4493 5690 7850 9410 1103 5820 6388 563 4373 3504 7823 2094 91 4713 6573 2275 800 1838 9216 3755 1624 2037 7359 6510 6765 8398 7822 4564 3430 788 1229 9434 7114
2175 2847 2567 6871 3309 2477 160 8782 5538 5356 5849 5825 7870 9805 2702 6176 8062 9300 7489 4752 5717 1755 5011 1293 1277 7080 376 2993 3080 5804 2966 5606 1756 5373 8671 2104 1950 9222 4832 8367 1294 7821 4201 4508 4740 8054 6205 2849 1577 1814 1644 9014 8794 8939 4368 4985 4696 9370 1428 3205 9235 4584 1420 5655 2168 9341 336 2685 600 2710 5131 3055 875 954 8756 9507 3413 9712 9194 4252 6888 8047 5013 3458 4010 7797 5035 6360 6377 4188 1888 9754 4844 5146 258 133 843 648 2532 827 1426 165 1416 3799 5154 780 6243 6063 2520 4307 2347 6536 1586 8501 1508 7309 191 8355 3436 8803 3735 3014 5508 199 4347 3432 2608 6777 2142 2708 8113 4461 4372 6107 1713 5343 5321 1465 8509 2359 6774 8663 5082 2413 6799 105666 2929 8895 6705 7931 5805 5649 1114 1009 2232 7812 7193 2684 1408 6042 1816 1547 2287 6153 8230 3424 6620 686 3338 4698 6988 8452 1429 740 5549 5621 3976 5708 7892 2255 694 9447 6037 9563 4251 8083 3283 4970 1677 7277 25 106641 6385 707 2616 344
2337 7837 107170 3853 2557 5848 6534 1805 2288 258 637 8150 8100 4013 2901 7766 3688 8654 5067 8696 4113 7829 3310 8689 6639 3346 8866 9382 5458 5718 7315 1649 1036 5128 1434 9891 3256 3961 1588 4523 8460 3610 8737 5784 7243 716 5115 108748 3918 6904 2568 4993 5828 288 2081 6161 1464 3701 7076 2256 6642 251 4183 6556 288 9450 7918 4873 2645 8375 8942 6118 2371 8946 4211 2564 4710 4097 1279 7624 6769 2844 4180 8654 1453 3018 101716 1984 8846 8445 9767 5352 3401 5498 108909 8963 3827 9484 2164 8662 7628 6568 3276 7973 6988 8323 1225 9089 7964 9955 7721 2530 7096 6260 2583 3670 7203 4493 3919 9865 2028 4978 3555 7013 9967 9099 9533 171 5935 580 8453 9379 9267 8006 7158 4417 8591 5558 8844 5913 6933 5004 4193 7939 8603 6999 889 5058 1758 2400 6585 3682 327 7372 6559 1072 6429 9605 9214 8895 9740 7083 7033 632 8324 1367 9971 1649 1237 1137 8708 5681 169 707 2799 8499 8306 7741 2017 6089 7959 3642 8892 7491 841 1459 2869 5153 2570 5858 9002 2949 608 10 2424
892 2487 1781 1756 510 597 7310 2889 6531 8689 2208 762 3497 998 6766 9320 1060 5573 4341 6206 1686 3977 4207 843 3439 103407 7610 9527 3093 8293 104904 7882 5815 6370 6359 7673 2015 7351 7460 499 7623 436 6635 2123 2398 4782 9651 422 8059 1296 7064 3480 6832 6224 9880 7578 5602 9811 1059 9310 1960 2019 5676 2630 107619 1519 5893 2466 6285 5492 102266 6617 1909 7515 7565 7114 3769 3843 5874 4451 3429 4288 9131 786 6443 1844 1111 3369 2339 5118 2694 1991 2358 9856 6304 7397 2309 3637 3159 8767 6384 2323 3546 5060 596 7261 556 5551 9123 140 6676 3735 74 5102 6006 547 7599 8415 594 5554 2602 9592 1611 794 8966 3190 3595 7184 8616 893 149 4327 7247 2924 7643 1148 5916 2866 2081 9602 9076 1713 7201 7641 851 1217 7905 3077 3092 4057 9394 203 4670 3194 4426 2367 1105 3948 2725 188 7362 5614 2535 2020 1219 3991 2037 1705 1126 2754 596 2090 4419 1610 9890 1506 100712 2578 7028 3806 4817 2968 3104 9358 2312 43 6972 173 8270 4603 8934 6116 2091 9824
741 7068 819 4461 4272 106755 506 9510 2078 2657 584 1728 2781 9402 7328 7752 3719 519 7614 2662 1218 9329 7552 8419 1527 8333 7366 3706 294 8943 7372 6939 6103 9816 2136 2117 4724 593 4895 2645 2341 1597 413 7274 3980 4137 4932 539 5842 6120 8196 2891 7762 2397 8972 1835 6821 551 1633 7585 477 3076 1565 5608 104710 8495 2505 5288 9369 1788 5086 4135 5795 1559 4151 1232 109957 5559 8779 1667 7710 1400 5147 5021 7894 5113 647 2426 3564 8419 102790 5880 3219 5500 6821 5870 9096 923 63 77 4247 9340 1198 1813 9454 310 1153 7131 18 6716 9614 3257 7313 6737 2762 3734 4072 4463 5975 4792 8918 5881 1661 4312 624 8095 8013 4693 8246 2802 4193 1436 998 9289 8840 104278 5088 3508 945 7345 762 9391 1973 9892 7397 393 1674 5950 4351 5 1077 3230 6490 4768 943 6376 2092 5317 9340 1510 3129 7725 616 4861 4094 875 2947 5986 6448 6391 463 2029 9925 9641 6951 7548 7152 5753 2690 2971 9619 8964 5864 659 1871 6498 1812 6112 8160 2053 7723 7144 1159
6100 9692 3625 6376 7609 8408 6626 8197 2088 1284 4644 5306 2258 5596 7434 9452 8553 6795 8343 9131 8372 1273 2463 7103 5909 6243 9177 6658 233 2177 2115 8970 8991 4724 7079 2442 1741 2207 7276 9753 3311 2391 9200 7539 105234 8286 9381 1919 2416 1308 1689 6673 5693 9263 3723 6209 1890 1925 698 8252 4983 8903 6640 9640 9814 889 7887 3566 4253 1279 8715 4211 6196 4642 3016 87 6368 882 8453 8627 7784 9262 5946 104396 2662 51 3678 6893 3984 1186 7419 104740 5704 6197 5094 8235 7104 5234 6490 8314 402 9120 1412 9419 6463 9066 6725 4782 6662 8579 1107 2863 1287 2793 4593 2820 5289 412 5728 6075 9625 3761 3861 2452 532 7842 6013 730 4518 520 9407 2552 5876 3020 7233 4137 2183 8569 1502 753 8618 9287 6262 1594 9142 1444 7190 4225 12 5379 2969 9891 3059 8490 623 3314 3570 1414 398 3389 832 1378 3702 8814 6170 8520 505 9109 9317 3463 4603 5494 3477 1942 1462 6542 7149 4936 5537 7564 312 1008 962 6461 6423 4390 6081 7624 3196 2747 8943 3388
7174 1545 6984 4166 9982 9423 9717 4295 8945 7004 8292 3798 3983 4809 9483 5874 4532 2092 5819 779 2869 8842 3890 7585 2509 653 1924 5741 9288 1462 8203 4351 2560 7701 5708 8503 4742 551 283 8872 4499 6015 103682 1593 1616 6104 7262 4206 99 1913 9227 1255 101402 9754 1169 1512 5389 2806 3151 856 2159 2674 2727 1886 8357 3933 8570 89 4923 3288 85 105694 7299 264 9660 2104 6591 602 8662 5370 5009 806 265 5369 5601 2871 8072 4008 863 2090 8074 6227 1929 8053 1229 817 1055 3434 3114 7252 5429 107275 8395 9602 1017 6928 1194 4153 7861 6871 7244 2414 1079 7052 6750 631 1120 5578 638 1754 3242 1616 5550 9013 1917 295 6580 5184 2260 5107 197 3920 971 408 1412 7421 7212 7823 1029 2165 1418 8969 727 7602 5245 6339 7041 154 656 1818 3532 647 263 6369 2209 108134 6949 353 1349 2707 5933 1425 8450 4085 6695 1606 5032 4117 4261 3868 7988 629 918 4741 991 9647 1259 1762 2810 1579 2873 5488 1112 8565 7550 1508 9070 3646 3351 203 7798
322 9457 571 9818 107 2015 3582 2079 4948 1196 4464 8671 6864 9825 294 7916 6475 761 8289 9042 3681 5170 5348 1900 4302 4775 2370 3850 8437 108956 76 2353 2486 1498 5370 9556 1642 2316 2839 5073 6080 4937 5346 8527 6557 7570 8290 7 5231 8814 3833 1264 8067 3685 2877 9648 6936 7802 627 8655 2692 2028 2300 2830 6261 4142 517 3464 9482 2790 8602 7927 5667 1987 9659 779 5462 2323 6881 9927 9508 1763 8178 5548 3643 8824 579 3962 3693 6542 3662 103364 4961 100639 6389 7811 1768 4598 5349 3422 1715 3525 3886 4249 5540 1203 722 109195 2162 986 105244 108340 4880 9376 2979 4047 448 9732 4751 2452 3780 1564 5196 8401 6629 6061 8413 1738 40 2426 4914 1855 9262 7184 1036 7341 9514 2098 960 3624 8073 7504 9115 4535 3373 3773 5605 9456 8586 8753 9945 1349 5621 1324 1892 271 4681 1069 1004 1515 1323 9538 595 6194 1409 9632 9580 7437 3391 9302 8509 1688 2978 3485 6949 7495 3457 2194 6992 5015 993 5271 4505 2118 4087 8326 2287 3253 6163 2712
6747 972 5083 2966 1185 8255 277 5470 8373 6160 3882 1495 5072 2630 3959 3112 6531 3132 5590 1462 6555 7276 3437 7405 5029 4846 106036 1266 5092 4939 3725 1238 7553 5335 9999 3165 8419 2095 5283 3568 7295 7599 9683 9087 833 2391 6463 1003 8364 4287 3907 1827 46 8872 7286 2013 1912 2085 2003 8424 892 1770 77 1167 824 7827 1199 1872 370 617 6978 8766 4484 2769 1474 996 2314 4069 6003 103276 2281 6263 7295 5887 6162 7442 3972 9149 1032 3315 7276 431 7679 9657 3533 219 3285 107529 8562 7015 5285 1733 3209 4642 1865 9614 847 9568 8976 5767 3689 324 3601 220 8324 3059 102703 6707 6063 1446 4829 2177 8055 8576 852 8896 8003 3153 1618 5984 7346 570 1589 7740 194 1810 6857 238 4146 9497 9390 6133 698 2971 8669 5318 8777 8951 7644 3697 655 9200 6769 7542 2525 963 451 2024 7465 3466 1831 7200 5862 705 104042 7637 1444 1319 3434 9210 4164 600 2298 2664 6574 4616 4853 4878 2422 3218 6370 5990 444 2514 8569 1371 852 9120 3926
5960 1494 7854 8187 1042 566 2403 3115 4808 4374 1257 3828 2489 2907 580 3852 5095 926 6325 3312 3611 3939 8942 8905 4474 9263 9158 208 9158 6885 1390 7826 4328 9730 53 3207 2604 2666 8538 1152 7645 8162 2912 4064 8500 6064 6727 2077 7547 8960 6200 6231 1462 5528 1553 4376 7812 9934 9474 987 9489 921 4007 4418 7904 2949 9767 3203 3913 7050 1564 2371 621 3119 4612 5654 9825 4076 1447 2405 9146 5949 1082 1281 2534 3070 3300 391 3516 1955 7007 2933 8948 774 1089 7836 9705 6455 8203 5510 8382 7823 7362 3929 1519 9621 5116 6669 3210 3829 2269 4907 6798 5534 1011 2695 5091 8891 5391 895 6874 4884 1269 1860 2741 2406 9109 4088 6058 1152 2539 5720 4661 3839 1395 4861 3132 876 226 3438 3399 8661 7377 2600 1791 8650 3067 2960 9861 4536 313 8 6486 5579 1580 7376 5774 3759 4123 2127 2140 9080 6989 5987 2789 2099 8713 1605 7099 8461 7244 544 8222 1122 9003 4835 4883 1832 5833 5589 1733 6301 6748 3721 1497 9263 4923 7346
8183 7531 5610 2777 5366 4039 6202 3948 9734 7124 554 5241 8372 8478 1139 1900 3513 2982 5570 3909 1220 2754 8327 7885 9754 1395 4654 971 9899 6759 8091 7890 3190 7328 2636 4269 4768 965 1865 1038 4929 7112 4975 1490 6911 936 2222 4137 9263 7991 9552 3989 5417 847 3835 2642 8204 1776 102952 9797 4690 8957 3844 8919 2021 5976 9383 9476 7154 7627 101636 6942 9197 6713 5152 9016 1525 3139 8471 4912 9625 815 4075 3884 103707 3911 2686 9209 2756 7550 4610 8416 2184 2344 3678 4138 59 8282 2388 5909 9877 9087 7441 5143 5826 8093 2149 5586 1565 5224 4900 1209 5678 8101 156 5346 97 5345 104 2428 6009 9107 3251 6915 2004 704 7825 5506 9617 102734 1611 1257 3600 4315 1642 143 9497 8798 2150 3609 6927 2925 9726 9963 3734 8481 2859 1998 4675 8615 3888 6467 259 7753 4853 8327 4319 8957 789 3240 9934 9804 1060 5079 5067 4037 3637 1934 4585 6658 8154 8436 8052 4812 5437 7439 8730 1499 671 6569 5305 2784 5040 5445 4731 9543 510
2020 8144 4855 273 1347 4410 9180 8166 4344 8799 2887 4330 2605 5162 3187 6586 4524 1459 5051 6025 8156 5296 4219 7202 266 3164 9749 6062 43 5576 8677 6439 305 7503 3446 1022 7628 8910 6998 7179 6196 2627 2791 7827 1428 2228 3576 3454 9272 6980 5108 8681 4891 7763 4617 2874 3402 5507 4236 8195 7501 338 9642 1208 135 9732 8146 980 2603 3456 5842 3001 6882 4927 1279 2502 7002 8176 537 5422 9185 2224 350 7639 4211 1848 9885 1536 3696 4599 6574 4183 5010 7329 7840 8505 5869 5480 5203 9595 8887 538 3048 121 58 2924 8710 2701 8952 7862 462 8738 8175 8110 5136 7561 6477 8505 1967 6620 741 1551 7155 5505 9090 5182 654 2674 972 8706 3698 586 6281 8500 6864 6450 9557 6080 5508 4270 7925 3068 6191 2001 329 1638 3268 2920 4768 77 3720 9446 4304 108019 9204 2379 1750 6064 9148 4874 4619 3914 5541 875 9448 3685 7523 3950 8315 2710 3232 7330 58 2508 2548 7237 1607 2048 7537 4156 8725 5836 9982 917 1563 3435
7079 6523 8790 5232 109139 6922 2323 6153 8246 1652 5773 6597 4471 5235 4980 4435 740 2432 5279 109053 3573 516 5379 5733 4639 4909 1780 4751 4810 2594 4331 6080 6901 8394 7033 5941 121 218 5308 9318 2155 2846 3663 1900 6373 8043 1766 657 9719 9938 100075 8039 4218 4103 9650 8556 1334 1394 84 2717 8709 8389 103530 9241 1463 4416 1560 71 3575 4050 1133 2313 4910 353 8087 1187 8342 2460 9372 1319 102993 638 3654 3427 9724 1541 9839 2462 4446 4724 9118 5326 1397 1798 8560 7822 2548 821 6778 4734 7429 58 7534 7355 8053 1573 6733 1281 1936 3694 4828 7982 7915 9597 101785 9944 3473 5336 8768 5474 106399 8587 9849 6795 9044 2509 2388 8967 8611 1504 4280 8435 6060 537 2424 2739 426 8177 6616 398 701 2075 8110 1676 7435 3383 8492 102639 834 2038 1133 3392 7986 109871 4270 6571 2569 4258 3695 5901 2638 171 7754 9373 5826 1832 51 4537 932 7806 240 8147 7396 3050 5532 588 2874 4532 106054 94 9160 6088 9039 5328 4525
4200 8164 1030 3803 1436 3033 696 5980 956 9143 9908 9536 6479 374 4902 2378 6837 1135 2134 1229 7186 1883 9603 5616 7083 3312 6751 9481 9814 4766 939 2473 1469 8340 7941 9332 8020 2825 4894 53 5036 8648 4865 1983 3830 5226 3761 2102 379 3850 1362 5087 4636 8294 5227 7110 3814 130 9514 2047 2360 9697 5960 8351 4776 7094 7535 6651 5874 8439 1657 1873 2322 7492 459 8870 1125 1079 9890 5807 587 2268 1756 9380 101744 6066 4507 9938 9003 1859 2213 106320 9062 2625 3903 1509 7023 6049 4204 776 104750 9884 1920 4055 5928 691 5370 652 723 1812 7073 6493 7276 4683 6174 8195 3366 1146 5035 1214 2899 4875 74 982 2071 5285 4361 6901 1547 2318 4804 7635 3984 6272 5468 3746 8772 7055 2439 4235 7338 5945 5175 5528 2837 7023 2703 4836 6085 6884 484 6416 22 4883 3552 1160 5892 8518 237 9541 420 4036 4816 2372 799 2426 1556 4759 4208 5342 4200 8506 800 9407 7371 9880 100095 7937 2520 9055 7766 1272 109533 6626
3627 307 7264 6734 5685 7803 6675 47 8289 364 2183 7651 2004 2275 6592 2671 9858 6408 4584 3265 8830 2766 1846 1045 6146 4329 4800 2588 9698 6943 9710 2987 5708 6130 2753 2960 1730 1565 5972 4633 1932 7021 4546 1512 5063 7154 6456 1426 4851 6598 9980 3064 8732 3997 8399 7192 4054 9662 2879 3620 2750 3937 9087 9474 4223 57 5723 8150 1123 7332 9895 9581 699 9680 935 6747 2560 8576 8645 7800 4282 3280 3710 8903 8465 8485 4606 8247 1155 5656 7021 6781 149 9701 6281 5665 1405 9119 4342 1528 7151 39 6292 4002 2679 3340 81 8133 1127 7157 5662 4170 1985 381 3253 8230 2807 718 8587 9739 3520 7825 4419 8688 1310 3556 3220 3967 990 8605 939 5998 7152 4798 1860 5376 3624 4026 7637 1356 9123 3688 6091 2974 6062 1781 8554 477 2724 894 4543 8333 422 9935 9192 5173 9696 7765 5142 9620 9914 2059 4769 4752 9116 1363 5533 1247 7397 6018 8957 6857 3422 3601 1829 5022 3354 690 8179 4292 465 5552 4449
2451 941 4010 2388 2981 3892 929 5065 3464 2152 6816 7553 1894 3388 8587 2330 9223 9992 1851 3552 8757 7086 2506 2547 5648 3901 4105 8699 9235 4470 6938 9129 4423 4589 1403 4752 9142 370 7360 4852 3635 4881 4004 6866 744 5431 8273 3344 8048 9975 3390 7862 3158 2764 2344 6765 1326 7551 8981 5303 2386 9994 869 1648 3871 686 3417 1187 8834 3490 473 1375 2173 6782 7472 1052 1071 8599 6859 4681 994 9115 2450 8024 2614 5455 8006 5244 1358 7351 1596 2881 1738 183 4408 6685 6021 6215 3453 6293 9216 7196 1092 355 2878 804 396 4311 161 5826 8193 1292 5237 684 176 4333 1660 817 1785 359 7882 5086 9254 3248 33 531 5420 3928 8928 5202 7631 8831 6663 551 218 8055 687 3102 8671 6076 679 7937 7996 5905 2482 6690 8735 9549 5743 4088 7852 2262 329 9581 1980 684 3697 9959 7480 4681 3480 3173 5862 7256 4001 4973 5187 5748 3366 4099 290 7170 42 876 9396 4561 2799 644 3016 5056 5065 8397
5013 7186 9267 7322 4662 8094 3904 8667 8805 9721 6165 1625 9083 9720 8805 5300 1814 6320 1516 2954 429 8113 416 171 160 6611 6325 4795 3 239 9041 1992 5020 3601 8096 7373 9371 8077 9976 3046 9482 4207 3534 789 102021 2999 6795 3189 2252 3205 3034 4796 9126 9122 2115 2006 1001 1951 8797 7359 6631 337 767 2705 1498 7134 280 102000 4740 5697 1519 6306 9776 5540 509 2403 2125 109102 1211 8183 8828 4843 6950 109025 3608 1804 202 2148 1734 3790 8781 3592 1933 3055 2555 9024 7175 110 2115 2201 3192 179 3519 9541 1823 9967 2073 9705 6171 4196 8973 2180 8511 1288 5130 1009 5961 231 100653 9790 9584 8647 7679 4718 2124 8560 8701 1788 3258 9243 8265 7714 5408 2137 4015 8968 7934 4280 3275 1904 9190 1378 6217 4962 2909 374 2268 388 8226 2635 2499 940 3646 818 2490 697 1053 5644 9949 6958 60 9020 690 5313 323 7422 9191 5923 5062 5815 297 9712 4470 3439 5527 8666 1037 477 358 5537 9002
6945 4614 3958 1497 3448 3045 224 9751 5563 3491 79 2533 1705 2486 104974 666 6039 4447 6862 2030 5221 6620 5345 1860 7331 4239 548 2088 6051 2527 801 2378 5248 8925 628 1513 7456 9242 3500 3043 3734 1271 2884 5803 8411 101277 8179 2957 4926 7167 7825 3375 6457 1324 4219 6696 9702 103369 2984 4357 9330 1967 9260 4537 9329 1040 2317 5013 4306 9344 2229 5080 2500 3378 1160 109641 793 5824 5143 1971 7946 1183 2739 7200 1260 9090 1557 8105 8593 381 3470 3549 5857 4701 1034 8848 5131 247 5515 3493 1543 1679 6851 9968 6670 186 8578 2917 8284 102181 7585 7973 8660 2311 6189 107322 212 4660 3016 3472 7275 7492 1853 2775 25 5123 2211 8006 1062 3354 1828 323 7253 7407 6542 1136 9674 216 3929 2984 9162 7542 105962 554 2018 47 6807 6660 101675 8380 1292 3973 412 596 5870 2556 8465 2152 4846 5732 6922 850 5217 7972 2839 3288 6445 4738 178 6741 3894 6297 9485 100857 9466 4795 8207 335 6649 1080
7321 3424 2281 1806 5133 2039 5609 8051 6657 8612 8037 1234 4976 6901 297 7395 242 1682 8746 3486 1006 6711 4737 1184 8621 7752 8793 2335 8800 6640 7355 2779 9364 3034 3383 198 2725 1683 6278 6293 7857 1856 1310 3047 8879 428 1270 8646 1952 2245 1595 103883 1908 1832 7842 8919 9248 5609 606 303 2303 3336 5684 2439 6102 1584 3501 7859 5868 7538 973 7258 1402 370 1234 9660 1983 9568 7454 6421 9304 3001 9112 105154 9566 255 2480 2644 1824 2950 8610 6851 9683 4016 3517 7076 3606 7980 3045 2830 5243 9595 9605 102793 7171 4403 3113 1656 105 8903 3290 5593 8642 4806 5227 5851 4819 1043 277 5679 5652 1126 9710 6690 532 4257 3390 1113 4029 9493 8389 8638 2921 2597 8279 9387 8357 3643 986 2340 4916 6699 8338 2906 2391 1349 1531 7245 3740 782 743 3217 581 1553 9543 7252 2443 6081 1887 6383 7298 8995 7414 9836 7902 6666 4379 3703 5926 6771 4863 8807 8856 8738 46 2511 3518 6380 9423
7168 1024 2503 2975 7858 1466 8479 792 5298 1631 7962 6248 2126 9421 9422 3967 4767 6115 4977 4249 7046 9696 3601 9022 1946 222 1718 2678 8737 8304 2021 3504 1709 6599 5686 3956 4073 4779 4520 9336 3076 1240 7587 1601 9453 9719 6542 6170 32 3182 8850 5513 2591 7259 9551 9248 901 9773 1549 3921 5015 3571 3222 9878 748 9018 9027 5792 2046 2000 2356 102558 6625 2414 7395 9889 9652 2518 8955 877 8790 1658 1589 9219 3691 9517 1795 4524 303 5197 1665 1048 4954 2225 5001 6153 5188 2063 438 169 8299 6226 267 9347 242 9386 7972 3713 8652 996 3629 3682 4154 1020 2946 8766 1106 7920 6951 8108 9649 8343 100873 6451 6801 2177 7972 5904 1422 8145 1511 4969 2293 24 3829 104559 9247 1620 4653 8025 7021 1641 7596 1678 8564 2142 7425 2675 4699 7227 626 1991 5618 3522 2733 7642 6213 188 8353 6981 2401 7669 4126 9350 9831 7579 102522 7322 102751 5506 9222 129 2734 3180 720 7932 5483 3895
442 1818 7278 8279 2331 9668 1451 9206 2789 7253 718 3561 9655 3198 9334 9669 2771 3129 5191 849 7586 2732 8122 1598 105447 752 8408 1493 8466 9779 6632 3775 6630 2187 3525 9691 1644 7836 1411 795 7497 3035 5251 2912 6526 9876 7221 104 4990 4009 8989 645 4166 4620 3753 143 776 4672 1298 1932 3592 522 4754 8975 5371 7661 5525 623 5436 231 787 618 8065 5094 7692 3866 3678 1071 6549 166 6472 9280 2018 7244 4700 1092 4596 8318 1873 87 1605 5930 2763 2203 6386 3614 6962 4474 2777 9084 1715 9324 8658 7930 9381 1420 2259 6430 5886 2342 1598 9672 4887 104116 2478 5312 4462 6218 8322 7457 7386 9246 5865 8230 9940 3900 783 1509 6452 3976 106647 5321 1321 789 4057 1684 8317 2358 3341 84 3529 7987 3209 901 9893 6046 7672 107288 7090 8343 6396 1362 9643 589 789 9656 9145 5125 2066 7866 2567 2640 8679 3966 5158 7336 880 4990 5426 6139 9973 5924 5348 8268 4942 7525 2056
7718 107849 3388 6290 9010 4073 7993 2957 2139 3266 3273 5540 2432 1539 3127 3253 9290 5058 1891 2498 414 8510 659 8778 581 1361 55 7384 490 1380 1217 6698 9668 5128 5444 8596 4037 4866 9469 854 7042 9287 100992 1580 5572 9833 1892 8436 637 3840 2049 7141 4671 1820 8424 4590 1386 5817 196 1277 5157 6436 6736 5585 2015 1806 297 3378 5206 3311 374 543 792 2253 805 8088 1336 3068 7383 1726 5747 6024 703 4024 1795 2241 2183 3831 9379 1830 6307 1499 4277 6742 6842 9703 2769 2050 8099 1139 1342 7735 2220 8449 6774 5739 2945 3186 9717 3925 3594 8714 1570 4482 4661 913 9442 2230 5527 3915 7736 5296 7197 8123 1361 2721 8456 3715 2288 4669 2312 104143 1701 9187 7912 5747 724 7962 6490 3361 4979 3340 5908 1440 1875 6728 4044 8409 9539 5266 1744 1476 4753 3982 9449 8515 1427 8589 5425 9805 101589 1415 9714 5790 9811 810 5585 7292 6266 6241 1067 7933 4586 3273 1102 1159
9390 448 6747 4409 4447 3086 5515 9592 9382 5833 2960 3948 2689 1283 5757 8301 8504 3143 7624 2312 704 1236 4767 4390 6607 3609 6841 9054 5809 3938 3951 1113 5355 5202 9514 711 6334 1218 3982 561 4622 7896 3704 7455 4868 7067 7156 7051 1520 886 1139 5 5379 4587 1914 328 8380 2202 62 1708 6353 2114 107855 2685 4433 727 6866 6413 568 3445 8452 1430 9666 100164 5435 5970 1955 460 9791 4815 8711 4779 9738 765 9109 9845 5947 7609 2265 1563 7521 3711 8195 63 5910 4779 9178 5862 6634 3441 6788 4575 4386 4623 4986 7268 5216 959 6680 4239 9685 5105 6035 103439 2373 2088 7598 410 7178 2419 9598 1413 6555 101247 2045 3841 909 5516 8956 2392 2730 2093 7836 5978 5250 84 14 5713 103424 5021 4969 7739 863 7881 7341 9049 6844 1534 9126 4547 8381 157 4067 3343 5042 2261 7351 530 2571 3926 1024 6741 1307 7192 3590 1739 7595 9741 998 4947 978 820 2560 5785 5972
6783 525 3970 1496 6727 2405 3240 3726 3743 16 3586 2480 4135 5067 8231 2009 6562 7758 9972 132 4698 7131 2509 8742 3666 6537 753 2110 8315 2851 6993 2892 203 2443 737 5216 9196 4882 1264 9844 101473 8604 8549 5069 6014 4879 3307 2797 8120 6653 5022 7517 3403 8579 7190 1866 6683 5889 4627 1597 4140 9050 1002 895 214 3998 991 2972 4995 3815 4419 7528 1931 1648 3745 8927 2643 5213 8675 5441 817 7558 7770 9550 2163 1254 8478 2607 64 660 7171 7526 6686 335 5708 6182 3638 1215 9316 277 8550 6890 9531 4496 9077 7780 397 6880 4364 8763 9978 7373 547 978 5969 1168 8202 7211 4558 3533 4297 4811 9158 1297 2713 4617 33 7416 981 103542 6631 5954 1579 532 1677 8166 7160 9056 1602 600 4355 8658 9414 183 2424 4231 4779 9546 6040 8316 2942 6909 1854 2957 6007 7622 1813 1311 102222 4653 9193 4475 2337 3835 9708 972 9732 114 4106 9884 9560 605 1390 7833
207 100697 774 2526 3999 6245 5797 1327 1093 9158 6120 6532 5004 8990 9179 8570 7710 414 7212 100934 9401 9369 7551 4876 822 1611 4292 4255 9414 4121 1543 102426 6606 8827 1911 8958 837 5064 3193 8349 1340 864 2461 390 6381 3968 65 6050 104022 1378 3188 6655 6504 5779 9166 410 1403 857 4079 9586 3717 5524 9253 75 1115 8019 289 6209 9910 8651 9548 9149 426 2308 8230 6204 2243 8901 2560 6606 6945 8385 1723 6029 101430 9601 7600 4479 5116 2980 9041 109 9660 1428 1792 7157 7261 4811 7886 4845 7706 7430 710 5001 2728 9001 4460 3534 9334 6211 352 2904 107749 4739 106632 5801 2138 7915 9805 1027 465 7269 8436 5176 3540 4531 9263 4320 5133 3738 357 555 8120 7906 896 4215 9805 9543 1397 7060 4573 1636 5498 806 4266 107905 8179 7835 1228 1114 29 4430 3137 5475 734 7563 4597 3608 1836 8180 7538 7961 878 8611 2457 1590 5456 8304 2546 7767 8507 6582 9521
8688 101812 2145 2585 7811 8612 9115 5941 2902 888 6104 917 742 9161 4094 9478 9676 3582 1320 1077 5871 5233 4941 6661 1610 8736 284 7327 4432 7237 4251 7609 6957 4248 1329 5354 239 6627 8977 925 7525 2294 7896 9844 1446 7852 2248 6703 5366 7565 6134 1677 7252 2262 592 1315 8871 8982 1907 9851 9994 9947 108 2446 3813 3356 7662 7940 1743 7368 1876 5467 2545 2527 1463 4215 1820 2926 1858 9433 1086 3521 2676 9683 8817 1717 103429 7179 2052 4508 3661 5774 766 980 9313 2279 5472 6986 256 2272 7498 731 2925 6264 3297 2699 4429 9349 4095 9721 644 8236 556 2947 8043 103071 9740 2566 7509 9654 1449 6457 305 81 6595 6666 3842 2765 3156 8585 6958 5765 2376 4756 6820 7419 6733 6754 386 1591 4664 20 5910 3855 809 101241 835 9768 591 2993 8165 103244 2367 8804 9801 6012 417 9780 9095 4200 4171 7200 6049 105164 5410 7771 7841 2141 2046 8700 7198 103845
1310 2055 5615 8907 6652 1100 2851 1495 1634 398 9696 8164 653 3895 7147 7831 400 104010 2823 1519 9132 4713 8385 9933 8095 6248 6460 2118 7275 100914 1464 1734 4281 8810 4537 647 8973 821 165 3763 60 1398 7677 6503 6539 1369 103311 5288 8873 6100 5132 7066 9200 299 8022 6095 6088 1412 9964 9837 8237 8602 8521 7443 3521 6949 874 6508 9205 1530 4815 341 5525 9055 1107 4988 6961 9234 5231 234 7859 5402 104012 7827 3310 9806 4984 5162 1971 3701 763 3498 6826 7038 2442 1411 367 2353 2411 5794 2091 4420 3114 3252 3541 2883 4107 4988 472 2794 106882 7235 100775 4325 9808 959 2014 5306 6334 7976 5258 7237 6383 5942 5484 9860 1568 5103 5850 116 9284 7984 8455 9052 110 3849 4853 7144 381 814 3399 5721 5439 101884 3499 651 751 2729 872 8311 7873 8094 5157 5354 5009 1881 7194 5238 4678 1006 7931 4551 5052 1663 1362 585 6818 8972 7132 9784 8753
5884 919 7287 2351 6332 1609 2453 1891 2343 8757 4861 8601 103 5034 606 1640 1738 8253 8010 3123 8169 1496 3650 93 8358 2723 8706 8528 948 2210 5193 5935 1019 447 4060 5034 8219 9305 3180 4466 8113 7852 6597 1790 680 7955 295 9166 6738 1036 4778 8686 5592 1131 158 2669 1470 7762 1473 6494 4201 1616 2517 990 4453 1015 8209 2408 8979 3250 9334 3765 1296 3654 5221 2216 924 3912 9871 2825 6585 159 509 1888 104370 2812 3265 629 4574 9480 5309 709 5877 3804 7347 872 1826 6663 7500 7664 8298 9803 5565 8500 2252 2201 3574 3391 4025 7055 6765 8514 2854 104623 5771 289 5551 7745 8613 8013 3119 6956 3934 973 9677 1393 6186 4883 7881 7512 2534 4428 9656 6719 8503 4199 4284 2847 1793 4794 4199 4002 393 101713 4529 8435 1196 7417 2280 108532 8288 2909 9960 9814 1132 1982 4796 6692 5828 4680 3075 106993 1208 3362 4790 4211 1230 7046 2569 102720
5612 178 1151 2760 6618 254 9699 6147 248 2767 421 4701 1900 1292 9826 8222 4591 5471 4216 1711 3976 9806 4199 6314 8088 1099 1995 3889 6040 2808 4154 562 3600 6495 8377 1034 7754 5393 2164 1159 9223 109 2397 5474 7200 4259 3157 8429 9295 7450 1945 2617 318 4927 990 2764 6736 3007 2288 9825 7215 678 1800 7359 7158 505 7628 3455 5328 5201 4827 1880 5553 4713 3353 7005 6692 794 6728 7226 292 7125 3016 9739 8222 7057 7824 1406 4615 1493 3245 249 2714 3896 7370 175 517 2167 9985 4351 2853 5640 769 8333 8430 5052 529 2373 9327 3929 7491 9182 998 2441 717 5868 3040 8333 948 6152 6484 6631 697 323 2481 6358 7369 9384 6276 7411 3712 4978 7519 7788 4941 15 950 3870 103884 1587 507 5656 7040 7711 7661 108382 7663 7956 2109 8779 4019 8691 2705 1067 4269 7670 140 4312 1245 8676 4333 1971 1935 7985 5735 2309 2472 8036 3505
2647 7170 1582 383 104783 4373 4007 2129 363 3654 5419 907 8003 3636 4021 9237 7882 4608 1307 4067 1893 4781 9514 2951 2016 505 8483 5893 6061 362 4054 2088 1598 2396 8990 19 2469 5898 105342 3547 842 588 6298 5203 103501 2736 4921 9336 4428 7851 7177 6318 5591 2241 9443 7690 7986 9060 5744 2834 7179 5786 269 2753 2444 898 9067 2464 531 9896 9531 9425 8241 1383 1096 1677 7888 4430 5780 7394 4025 3926 920 8165 7012 1459 3782 2478 9056 5497 1505 5076 4454 5024 2192 2694 8409 3963 7838 2748 369 9286 2166 7341 2489 8911 7245 6226 6133 9239 3232 5099 4264 9320 7872 2864 117 3208 6699 6843 5908 1503 1661 8660 7335 70 8647 3629 3149 9440 4414 4048 1271 2701 4919 3237 2250 8141 9106 6728 8324 2322 5524 9739 1474 3241 4762 4584 6753 139 100138 7609 5188 9790 3500 539 6550 2017 3466 8416 128 6201 8676 7060 413 2341 5542 355
4923 2296 7966 4745 2437 712 3145 4202 5183 1459 781 5011 3890 7842 6588 7200 5049 1328 2311 2416 1787 6604 2097 7205 1546 4140 6358 1697 1786 3349 6796 302 9414 2857 9273 3820 8800 1617 5429 4208 1959 7995 6513 9514 846 1013 4616 872 5147 100875 2005 6906 6781 2509 533 105750 34 1412 5662 8781 7271 5510 7521 7517 593 5096 3708 3944 92 2420 2258 2773 7106 5132 5007 9910 4830 1757 3335 5018 1106 1447 8958 8611 3158 7516 9774 2634 801 109959 4484 3889 3868 8783 7099 6506 3141 2540 574 7095 9650 4074 9592 4050 4664 1707 3470 9997 9866 6818 2399 5020 2821 9853 939 4114 428 9586 2434 4809 9487 2750 9342 6278 9233 9465 996 140 6634 9742 8871 8928 7626 8778 5630 5021 7408 7587 8806 25 6170 103115 314 2935 6158 1156 8179 6447 456 1319 6139 6523 3236 8240 4758 9955 2302 6796 9683 5819 3224 5045 7295 4315 4828 2301 188
9967 6851 8122 4848 2224 8006 2209 7824 8116 8483 1446 7838 2321 7457 9954 1824 7624 695 6982 1108 2607 971 4655 2481 7615 8263 7818 1471 112 4416 586 858 1537 6009 2456 6819 2508 293 299 4519 2745 3133 3368 1236 434 3537 7371 109274 792 2018 6711 109534 8372 4415 1562 9253 1360 5838 5685 1182 6855 7438 9754 8545 2441 9402 758 7943 6004 5840 8226 537 7376 483 2292 2158 1465 5919 8396 3279 4307 555 28 1502 6137 771 6214 407 4022 1542 7293 5909 9832 4525 2261 4695 6529 7518 104220 7301 109824 1503 7005 9326 7087 4111 146 243 7006 1410 6954 1946 9281 6699 6716 2011 101238 9455 6411 6895 9865 5239 2314 2059 5243 1430 6274 9607 2176 2348 5057 6435 4760 7562 6757 2108 864 9095 4346 5900 3402 243 7152 3920 4122 6810 108656 104686 9923 3307 128 8518 101521 9993 6981 200 1272 7329 1833 5814 6125 7389 6510 9356 6356 6649
546 1725 2218 2020 1635 928 6211 6698 2196 9467 1143 3215 3216 78 8728 7518 2750 83 1687 371 7478 596 855 2678 3620 4702 7954 9337 2842 5925 101068 6515 6075 488 3029 8207 4245 1287 1906 8478 1006 8322 107182 5284 8787 8435 5101 2402 8764 2478 1425 2447 2084 3208 2305 1356 3720 8198 4534 4696 109342 1240 104 7266 152 2326 777 8941 2665 2633 8943 5641 1607 1837 216 1119 7553 4165 8474 7853 8371 7136 6329 8259 1800 2155 1452 2365 1632 8775 9409 402 2322 4556 108352 4124 8067 8942 238 2553 106711 3087 531 593 6663 9141 2750 9257 7188 4141 1959 4424 875 8800 5893 4120 1418 1253 577 4287 5953 4984 5115 4894 3581 7594 2684 102970 8673 8120 4556 7801 6150 106624 8020 863 4549 2673 1190 810 4690 9394 3420 7787 2987 5526 4143 2310 2288 2943 8409 3595 3766 3153 5324 3654 7015 7928 103652 6499 3773 5420 4171 3255 79
5220 284 1867 7210 2649 3706 90 9779 5117 1633 3197 8828 3147 6237 6613 5717 432 8426 1881 5717 5690 9308 2592 6473 3904 9329 5297 7037 2483 3427 681 8617 2244 7105 1373 2301 3670 2369 7376 8736 8964 2895 6568 4389 6342 1865 2316 2335 16 5022 320 2631 2780 3636 1893 5131 9722 8697 5066 5081 1492 8428 3352 7373 759 253 9500 3815 7039 9314 9990 3328 2753 7180 3394 5838 4799 4618 7908 1031 1528 1804 6282 8275 686 3242 477 1652 2044 7189 6631 858 5176 6414 3275 8514 7989 3479 7026 4223 8444 3975 1218 4652 5228 8146 7060 3985 4287 5383 8917 1716 2351 9899 8413 9985 6217 3127 8767 5725 7232 4990 400 264 9573 4690 3964 6929 855 1447 4309 2334 1349 6919 5853 3756 4827 6967 3302 7044 3885 5114 9607 5327 6173 3045 8786 8043 9491 1123 388 3598 3038 1498 2973 1066 4038 8926 4897 9602 5971 3572 6830 1596
6995 1546 7423 1015 4152 5733 5744 7871 3217 5898 7442 1055 9771 801 1825 134 1174 3431 8773 4238 9676 4259 2230 3977 1232 9324 2595 6236 8580 2952 7957 1168 5469 108552 5423 7830 5499 1282 7593 101195 2451 9887 4158 7421 5151 8103 4306 5821 5242 6313 7784 5941 8756 1104 9474 3276 1597 4450 1242 327 9151 4666 3409 6547 4636 9769 3623 1088 8090 4136 2714 4688 5068 9297 5762 2896 8484 1871 892 2070 6213 6099 8325 2492 4350 3545 5594 1724 8883 1242 7598 9165 5086 242 1260 3404 1207 4325 7293 8702 8079 4030 4555 7893 627 4712 8695 5281 95 1009 8601 6025 4689 252 4502 8699 4688 9541 2134 1184 2925 1162 1623 2755 5176 424 3004 4820 4134 2484 4906 7911 3009 2684 7220 4994 6465 2317 6437 7864 5546 869 9567 1167 9046 106299 4689 3161 4932 6270 222 929 4096 6812 2012 7668 678 5173 1418 8514 1217 6270 9206
8676 1193 5498 1629 3121 461 54 8436 7724 1788 6019 3815 3920 970 1834 6000 2735 2705 2891 6106 7639 550 8087 1734 4262 7006 3663 8238 1311 3569 1612 1672 1981 1262 7088 6590 8504 6575 2540 2876 198 9933 1940 3721 8115 5463 48 1513 8068 7024 5012 1153 109865 9287 483 9725 8385 9274 8751 9248 1282 77 1732 5290 5369 2616 6822 1566 2015 2079 101687 2212 9949 9094 7166 4012 9457 836 2501 1349 5297 3831 1921 7389 6335 5081 2327 889 6910 106754 5277 8119 4532 173 8223 6242 4641 8815 2212 2838 7471 2022 5008 2101 1594 1470 2842 7306 8289 5946 2513 8827 9886 8769 426 884 7650 8790 317 2706 3269 1180 7298 3644 8413 4906 9974 521 3852 2044 5522 4574 559 7531 7309 5239 3540 100030 401 8569 7900 192 2844 8773 18 7171 1016 1135 7354 6277 8444 7551 9149 2914 5316 2503 3844 7563 7007 4551 851 2486
1000 6062 1608 7510 4536 290 756 9132 4953 658 7914 9054 5246 4745 7669 5767 7857 7221 8095 2255 103533 7609 1727 316 9053 960 226 7512 6644 9028 4509 4486 1039 8942 1122 6944 2695 4654 3698 4530 828 8781 898 5788 2607 7344 1376 980 2638 3344 9928 1978 3542 8264 4738 107600 7443 399 526 7434 9036 615 1955 6546 2781 9973 1476 101360 628 7234 6613 7208 6032 497 6828 9731 7879 4834 2395 1698 728 1590 317 1248 3728 9172 2943 4216 5872 92 3425 3320 5470 5786 6877 4100 5355 6572 2455 9598 5542 2903 2005 2308 8863 6792 4785 762 9614 2519 3005 2666 1173 9168 1367 1945 2179 8725 9357 6540 1707 4430 6706 6170 1764 5907 5682 5044 8802 203 8482 1042 9173 3574 6171 4672 224 9928 1257 9305 9197 7206 7583 3859 3311 102 2590 956 2583 4050 789 2338 5996 7390 5562 8601 9333 2155 4106 1432 5144
8522 1390 1157 1625 1589 3663 3299 6843 1130 5675 1865 3610 8905 4920 2181 7388 4608 905 6785 4229 1013 5071 1844 1770 836 8129 1004 729 4442 3375 9482 5623 3233 419 414 1369 9100 2825 4118 8056 2902 6576 2721 7134 1894 1441 8697 7334 6950 2336 2944 3699 6980 5522 2217 1279 1752 6110 1547 264 1415 105734 5106 107926 6696 2216 5366 8639 1461 255 2752 718 3940 9904 9466 2418 6422 107986 6934 7363 104815 105853 6258 8715 824 4790 2010 450 2242 6922 7246 618 4924 7226 6678 1724 9158 9765 1412 339 9990 3580 8985 5367 2523 6242 8538 7709 9777 258 9044 9837 2708 5062 9630 1523 1849 8245 5006 4427 6761 2620 8430 5607 6623 4912 1200 7603 4916 1763 656 5131 5816 4214 2297 59 6516 3582 5851 8550 2446 9450 2412 1867 5789 5443 972 8277 4702 5044 6381 5874 7654 4365 7666 8039 4137 4115 5367 6434
4458 8778 5122 5584 3267 1829 9097 8224 9976 93 1700 6087 3655 5009 5812 7013 1570 2653 9812 9656 8929 910 1007 2831 6849 9028 1907 4626 1058 1177 8340 4465 5088 8785 6307 6026 8175 9891 2720 815 3773 3047 4158 7063 6898 2944 487 2515 9915 9756 687 1940 1112 4281 3453 859 6930 2586 3111 2145 8017 6234 7902 5464 1997 4401 1786 7457 5108 7349 3431 2464 1131 9891 9072 8285 4408 1982 1834 5901 1343 8919 1445 7008 3804 157 9678 9196 2833 8423 3784 202 6080 7680 7069 9647 5499 5649 9680 2638 7369 9718 5652 2555 1468 9946 8370 4931 4385 2948 2183 75 8728 2486 3244 2342 6597 1795 5338 6299 1845 7330 8046 6774 6117 4928 249 3678 8256 7194 6955 2695 2535 763 9041 1385 2710 2707 7293 2240 2069 9385 3557 2693 4524 2978 558 2717 2282 707 5786 5377 6376 4739 9487 1598 9433 1188 1547
3437 821 8340 5589 4358 1382 5279 1878 1232 1746 9543 4391 8284 363 5862 9372 627 1844 9251 8402 8509 2389 7732 7765 7780 9488 3491 3317 3848 1604 7924 1994 4020 6098 1334 870 4417 8958 9080 2137 3594 2280 4765 3227 3967 4748 739 5509 7198 6151 3105 5105 5694 2716 6431 3251 9614 1062 1066 5288 1694 9710 392 9551 9740 2110 1992 1396 2498 9047 1774 260 9181 8672 1790 8974 8561 3905 6167 7543 4940 799 979 9537 312 2264 6923 5613 3429 8865 6815 8926 4439 4030 6567 9104 8587 9235 4612 1849 9359 4168 1226 8079 2387 9330 1442 9050 1403 8016 7019 9675 5606 5954 3953 3884 9540 2609 2049 5146 995 8555 5803 3841 4218 4654 9289 5239 3306 1271 2591 1916 4754 8347 788 1584 9587 1621 1952 2486 1891 3233 7494 8567 4629 2441 516 874 2312 7455 9512 1842 3295 2602 2198 2953 6001 2100
8583 6700 3090 3299 3972 7366 7874 1574 8675 4769 6372 4195 6193 6090 7794 9982 4513 581 4959 8972 6564 9314 1469 3081 1433 2622 528 9671 7575 9724 104819 8393 1033 9157 809 6591 9737 7278 9671 882 288 249 2016 9122 4444 9983 9713 7421 7091 701 462 1075 7096 8556 4380 4504 4796 1333 6576 2474 5382 5396 4072 9828 9782 5212 6857 2003 9974 8508 9465 3734 7586 337 3310 827 1626 2060 8310 679 1429 4677 1448 4934 56 5728 9547 7173 9304 5983 7302 1611 4780 2824 9992 8671 695 2697 2537 8278 4948 6761 109408 1868 6322 1504 5190 6085 66 6297 5386 1924 5823 1351 8519 9084 5262 4039 2772 9109 1222 7045 5018 2802 1265 7105 8875 5920 659 2530 1136 977 6795 2747 104484 8522 7735 5454 112 2330 3965 2751 4502 6524 6824 2026 7650 4414 2704 2776 989 6003 9533 1917 6788 9654 508
2181 2617 4081 5891 3633 9624 9084 5058 492 5277 5673 6858 2516 8676 3808 467 3717 5889 8583 6473 471 9569 2468 4246 6235 2896 582 2550 6625 588 8129 5590 2543 8714 7160 2558 9085 9720 1167 2225 5636 2435 1265 9747 2712 9002 2656 5819 3107 1538 9244 3369 9077 4220 1606 1929 4793 3860 4309 6840 5193 3610 3769 1462 3220 1958 5133 8925 8895 9592 6450 1586 3290 9438 4746 713 5764 5658 1666 6445 5378 1811 2852 4369 5468 7995 844 6896 9368 3776 4617 7228 3036 5031 5542 3253 5326 8278 2250 440 9998 3856 973 442 7414 903 9836 629 8320 9660 7678 3411 9993 2667 8024 2888 5893 3734 7085 3237 1427 910 5978 5097 5266 473 2002 7963 7748 8128 3190 182 6258 9112 8663 6900 5280 5972 3454 8622 1187 8473 956 2418 5264 130 6573 2295 1830 6261 1283 6909 4047 8053 3296 4552
1155 7545 6820 9999 2686 5869 5208 8416 1235 105640 1337 2006 9169 9390 6793 9309 2101 4311 8579 6581 2815 5824 7358 821 6153 9616 5044 1282 9782 4669 1283 9025 6904 4768 8787 1177 2885 390 3225 1965 9882 2936 395 4216 2976 4270 7013 3865 1262 304 1052 6418 2047 1437 5202 1115 1430 1519 7865 4364 31 4750 2314 7435 3944 5412 1816 723 2704 8945 1969 5910 2382 5249 7893 3859 5605 1018 5546 7259 263 7098 1231 4321 5671 7025 3664 3457 9924 1674 8825 1571 6739 5120 8575 102495 9563 9199 2171 6962 5975 1624 2136 4658 7543 505 2703 1439 2041 8412 9792 7179 391 6255 8788 2859 9712 2708 7809 846 105291 106234 2126 5725 7928 3739 8216 5172 6282 2295 6772 1169 5379 8578 7621 2570 9406 313 4352 3795 579 2523 5886 640 2630 8549 6819 6472 737 4206 4205 1771 3651 3333 2622
1525 6633 3095 8126 227 8012 5622 2122 6485 4139 8326 9361 7797 3402 3802 7489 9016 1755 7790 1470 7378 9356 6742 771 9775 1394 7303 2620 6815 5285 7556 9218 3841 4731 6813 9464 3443 3897 101011 7079 3465 1559 6686 9797 7820 7428 1010 6347 8757 3258 4255 8454 6459 2642 41 8445 9257 9339 3384 9861 2051 7400 7168 7010 9418 1880 5811 3824 6093 1706 2277 1153 67 1951 609 4567 7303 8002 9499 3043 2083 5014 6485 1951 9664 7024 6869 5530 1581 3845 9431 8706 4574 4132 7951 5142 2407 3815 6610 2604 8777 8902 2454 8977 8891 5708 7111 815 5773 6878 4971 7588 3770 3034 2952 5809 8108 8428 9332 2831 5284 9191 9726 3433 9737 2082 9371 6182 4368 6816 8563 405 7582 2645 8253 1999 7179 9301 3272 9959 2711 2735 5116 6805 2161 1099 9424 915 5621 6944 7053 743 9077 2969
9683 4291 2220 2009 4571 2281 1503 4940 9388 6099 9621 109791 3906 5090 9576 1443 1772 6613 1388 5646 2373 941 5776 9075 1733 1358 5363 7891 100568 313 777 8852 2016 3032 6654 3297 4215 3480 186 1090 1335 4526 3029 3053 4557 9940 2604 5229 891 9667 1637 5378 7325 7061 3312 137 2383 2731 447 7982 2397 4940 3911 5519 105035 5679 6999 8866 2646 9403 361 5946 555 2029 2503 5910 4566 1659 8495 8763 1741 3975 8778 4163 5310 2885 5337 8005 102 2128 8849 6391 108740 377 108345 498 2654 1458 2705 4725 658 330 5989 3501 4959 922 2690 7699 7509 2176 5817 7925 8266 1433 9154 2858 879 5717 9826 4176 291 5381 5728 921 3318 100264 6884 4630 6080 3863 2545 2113 3794 1661 9061 3825 6365 555 335 5754 8947 1307 3312 2980 4475 1603 133 7550 2264 3516 6628 1761 5644
4292 8340 7369 761 593 4210 994 424 2359 5250 3663 8510 2843 51 4769 3884 713 7669 3269 8118 6755 7135 3663 2742 3851 5644 2951 2449 6596 8534 6113 4458 7699 6663 7393 4918 2475 2411 7054 2560 7914 6106 7238 6014 2286 1300 4722 2228 3756 7949 1436 6247 3042 2540 4094 8276 3515 2335 1773 5330 4851 209 1430 7862 7644 7231 648 1622 4912 8215 2514 495 231 1425 9326 1194 2444 2562 926 1709 6939 5455 7302 8239 8110 7728 7866 3582 107433 645 9817 6788 8834 957 2458 9814 7669 2068 8182 383 9254 5756 5927 2301 520 101312 8879 923 6430 2693 5628 7167 7328 5490 8683 980 9488 5538 2954 5066 1182 4807 103650 4685 1449 7489 4485 7108 54 2527 5204 5466 1974 6581 3620 1650 1491 8591 9010 8519 2475 3493 7157 7346 7953 4383 6483 576 7056 683 9574 6434
3537 76 1232 566 3487 3925 8877 4902 4121 9911 2153 2048 9128 4104 8002 5046 6289 2645 2526 6519 5629 1400 4384 1054 583 2253 9607 9577 4118 100818 106791 1453 5852 4429 7452 7959 8094 1795 2012 2886 9621 4853 861 56 195 1917 2023 9058 634 6651 6395 6676 4362 265 2261 9931 1258 4709 8349 9753 793 2704 1444 2258 9909 7938 1357 4073 7996 101728 1882 1883 7809 9009 89 3097 4241 8254 9182 8620 678 6504 50 4420 6732 5806 748 5682 1986 3918 2704 2086 2323 508 6453 6587 8997 3394 7228 8098 9346 4535 1485 5549 1446 9522 1060 6765 5448 3216 9052 1501 6845 7429 4314 2705 1448 1152 1422 8377 3510 7537 6821 1242 4602 1343 2515 2239 7908 149 735 5676 7880 1198 107135 4835 4796 4561 3622 3099 3121 9854 6219 2766 2758 137 2475 5393 4041 6838 866
921 8080 9782 7318 9404 3111 5889 9173 4310 7402 5813 1712 4429 4454 9037 8455 1831 859 1621 5623 6123 1684 317 6882 8613 1850 6365 6446 5566 7926 8040 6208 6283 9446 356 4970 9668 8450 3305 8211 4568 2511 9015 7990 8431 7811 1085 1150 5920 8602 919 3536 773 681 6936 2249 5308 753 1641 8906 5518 4406 7344 3425 5797 7329 2756 4714 4346 6338 9087 5797 9309 7002 6646 6026 5433 9048 9478 5930 4854 108499 3695 6296 9505 2007 6677 6841 1945 4835 2516 5623 2299 7138 1972 9036 865 185 1501 1181 7734 7617 8909 7572 429 612 2151 9203 707 8846 3759 9590 6449 2524 516 1464 5687 2680 3916 1257 5990 3736 1030 7598 8332 2131 3788 105 5717 6277 2136 1467 7808 1013 3080 3559 2656 4581 7237 601 3204 4074 880 9463 1354 4158 9134 7367 7439 370
7670 6641 9433 3063 8552 2758 6329 510 4833 1473 187 8766 1228 1292 7296 2071 2091 6023 782 4421 4630 229 8326 5655 5203 8967 5815 80 2166 8189 3793 6798 1595 1913 2636 7161 1938 3191 2682 4062 9018 9595 9706 621 6370 8841 2606 6991 5532 3306 3504 8844 5314 557 688 2396 2957 6525 1681 1244 4948 107810 8533 7108 9522 2074 1558 7414 9068 681 231 4153 104897 8703 4234 3544 3410 6457 9363 4325 3171 9834 4044 8065 4067 7148 9658 3760 553 2177 865 104 6607 2575 1892 8795 4388 8204 4991 2870 1612 1173 6568 4505 3963 805 4867 2439 1987 6181 2405 3280 2185 2271 1227 6574 9454 9095 2749 6028 3501 972 5341 2318 4528 7451 3316 1709 2072 3621 1791 5153 6733 306 100197 6724 6818 6758 8301 2020 9997 6979 253 7113 1622 1663 3942 9289 2765
1352 4991 600 3025 1269 8222 7812 9887 2638 108702 3584 7559 3263 3646 9086 917 3417 1606 307 1470 7961 5760 7430 1897 1981 1716 2505 7937 104068 2211 939 4616 1334 2329 9532 6686 4740 2685 5251 4882 2497 5931 4509 1545 9841 612 5463 3373 1 500 4333 6103 3591 2372 852 4863 4011 976 105717 2227 6086 3356 9451 3879 617 5459 4464 7756 6370 4737 4802 9972 5547 3793 2460 1061 9379 2809 2114 7100 946 5797 3004 771 1671 5025 4903 5398 5587 9739 904 5763 3163 3064 4259 7681 474 1526 4923 3074 1686 449 5371 9403 2772 1370 2228 547 5678 5957 72 1658 105140 98 1174 173 8001 1743 2007 5495 3391 3388 7337 4458 5757 1550 6297 6942 6336 4120 22 729 6760 9799 1828 5680 6549 3117 2031 7388 1385 5840 7408 6561 2864 756 7749 6411
1693 6150 555 938 8262 3754 3871 3327 404 5704 2470 839 8867 6050 2298 9608 6513 4522 550 7866 4485 3778 2435 8072 2461 6611 8164 646 4093 1569 5054 1766 5172 9167 2141 2998 3505 191 100019 5867 6950 1405 1186 2340 1820 2109 108332 1544 8104 4722 2185 4978 44 9008 6361 3726 4336 9716 2346 1012 195 7251 7772 389 1405 7312 931 2275 9351 194 4877 9142 3021 1205 2357 5436 2482 8000 8135 1312 309 6103 3349 895 7459 913 4617 1191 2364 4973 1468 8545 5003 2800 2934 1072 6672 2706 1526 4858 7424 6011 8197 391 5088 9416 1863 2376 1229 6946 1298 4489 6912 4433 2161 9450 6816 1884 363 874 8601 5028 4080 6853 2043 4130 8227 17 5030 4766 7262 7859 4581 3570 9315 9799 4632 1486 7087 9199 3670 3085 2532 2363 7778 1080 9943
8266 7902 9689 9110 8896 9485 2595 1934 1641 3470 6368 8156 3598 2150 6811 105747 2181 9068 6319 2686 3885 9211 8463 6918 202 9572 2536 7206 3629 6082 7476 5053 8760 2962 4080 7027 481 930 108752 2752 1333 6665 9394 5114 4527 8712 3920 3325 6985 6064 3082 3423 9346 9699 3155 8980 704 8399 635 4736 8856 2777 3421 1820 3372 8406 2329 2635 1028 6000 1877 8524 8144 406 1232 2146 1229 5941 2311 7843 2454 5974 2971 686 7517 4744 5042 9633 2586 1008 1934 730 3251 4893 1547 1612 29 4801 4316 4036 3346 7229 8713 5516 5315 8700 4658 6351 1231 3908 8263 350 2565 5064 6010 9827 7143 9073 8133 3973 448 6253 1897 7611 9431 8 9014 692 3220 2411 2978 2758 9346 6003 1604 422 7109 1412 1664 8247 2239 461 106424 8934 6782 2061
1440 246 1607 7958 2034 8599 5449 8849 740 2925 187 6242 9655 670 5688 8429 9393 9915 1117 1481 7421 9747 8815 869 7922 5172 9362 6760 5969 4883 3896 8157 3251 4766 1702 2751 4723 8849 7006 5969 663 4870 7416 7794 1828 816 1202 9742 2162 1737 8154 1672 4174 7658 3977 4631 3856 652 4050 7278 7212 6525 2651 401 9116 5797 2860 7045 8702 8793 5558 1719 4778 8463 3190 9408 2263 211 4553 7399 8030 6809 4594 9591 9934 105365 2698 3346 802 9496 6231 4262 3296 5387 3888 3840 388 865 7920 8815 381 6776 5338 7130 8181 9376 4220 6372 7750 1135 104326 109374 8491 4372 9212 4334 1141 8346 7802 2895 7616 9935 2169 8809 4661 4502 3935 4914 5937 5387 1595 8277 7926 7109 8833 162 2416 5632 4626 54 7915 1835 7361 573 7027
3247 5425 8309 8764 9746 1443 6085 4067 102555 8302 9790 2884 8407 7375 6992 5549 7130 8772 104496 3411 2842 9556 8472 1012 377 3170 6831 7981 3137 8753 8363 5260 149 9593 1701 2137 2517 4026 2652 1905 290 8481 6621 6835 7603 2585 3137 6527 8984 1748 7079 6202 8525 2042 1107 6711 9105 3249 1927 8771 3527 158 1505 2336 6908 7179 8005 8965 2811 1450 6493 6563 6734 1192 7566 3755 9637 1733 573 1550 6187 1923 3410 1269 7447 4620 9579 403 5201 5674 1108 8407 5766 1489 5686 1078 2174 1056 9566 1480 3819 1704 3967 994 5060 4027 5898 948 2484 5242 8989 6356 1869 3640 9721 3643 1632 1106 9561 6030 4401 8659 688 3376 4118 914 9058 6294 785 1503 966 3051 1935 2735 58 6292 6335 3060 968 8551 1159 1792 9464 2056
104275 3115 21 2260 144 1875 3652 5682 3097 5060 3058 5766 8815 3161 1166 9240 4398 673 5639 1572 2285 6277 519 1075 1206 3464 5440 5066 3879 3856 2774 50 1240 3973 4397 2280 9711 2792 9684 3429 1728 9606 5619 2193 1592 1212 1249 4852 2556 3661 7561 8845 4270 626 1421 4870 8208 2290 109755 6295 5900 7698 9391 7114 1251 4478 714 1071 6868 6280 8578 2561 4159 2736 7386 409 2923 3542 8243 5586 7157 7436 1250 1196 8794 9567 2372 1957 3766 2295 7664 6404 8446 5069 1180 312 7915 3069 7379 4993 1352 100252 9253 2813 6607 8460 2383 8230 4782 717 2476 7578 7983 3606 107308 555 9960 7908 6069 3063 3889 2578 1767 9627 8708 1514 9700 7620 1658 7291 4416 8774 7171 1948 4789 369 405 6495 5178 1840 650 8793 9509
3412 7171 3954 1342 9985 3378 1480 3207 2598 2470 2409 6905 5795 8152 3600 8976 1766 3558 4863 4089 5511 4301 5791 5195 8933 6476 1204 1956 1951 4439 9316 757 7656 1977 9368 577 7077 6158 2676 5874 9721 2992 1236 6765 7571 9744 8920 1654 6390 9815 8146 7511 2826 4222 1069 7405 353 106395 6048 3908 7644 2636 387 8405 1326 4777 3682 7244 2257 6917 9375 5854 7272 5125 7612 5579 453 9653 3322 2849 9885 8983 9676 3569 6712 9917 9791 5286 8461 6857 206 5538 6365 9395 3905 491 7422 3067 2597 6887 107084 239 7714 1860 75 9823 7497 8123 2768 1087 6445 4598 4321 107501 1092 7231 8762 339 7757 2395 6305 4143 9188 4663 92 8674 7251 289 2625 9462 9228 1131 414 2212 3157 6763 2170 8692 7026 2486 1212 453
6185 5871 6523 1392 4210 1242 630 5944 1790 3686 6149 2421 1450 9642 1935 4866 101604 9695 2829 6163 1325 9375 6703 4891 3887 3132 4046 1229 1440 67 4241 5665 7000 7027 4228 7337 5487 1657 6806 8692 6971 9342 9473 979 89 2147 9536 2171 3626 5835 5916 8794 106816 7099 471 7373 1880 461 9869 3745 8922 2811 9751 1673 8831 6426 9922 8832 6019 3380 4608 6511 4939 8171 1438 4225 73 4395 1669 5221 102077 9999 106212 9795 5502 4791 142 1955 5673 7944 1328 5978 9529 5973 4630 8326 5417 1053 7007 2797 9846 788 2494 8833 2823 4214 9186 8918 9313 7449 2712 5687 5670 100403 1727 9494 1823 7324 364 5202 6522 6165 3792 7246 725 8121 9671 816 5979 7587 9169 8503 4574 5408 679 3825 8775 2902 9078 6939 2058
1845 8800 5674 2445 2189 7988 3338 7626 9041 7994 9653 9474 939 9075 9223 1845 5599 2960 1999 1840 2404 5474 2040 6294 5472 3282 3928 7506 9363 1155 8057 1035 5272 9972 109862 393 4663 1434 4664 4935 3134 8878 6579 602 3938 979 107002 7937 832 8186 1770 1502 3272 2505 5686 7428 6365 8953 4782 9216 5654 207 8853 9773 4889 3566 7827 2371 5128 491 857 4880 3340 1 1523 9770 4834 2518 9730 7619 9555 1870 5995 5565 424 526 8538 3344 2942 7475 3531 5131 758 7476 2106 3047 9472 8053 1721 1186 3977 2798 8258 1531 9474 5644 1534 2329 7459 390 9974 2448 2512 3362 2040 118 1019 9017 348 1283 8907 8696 1590 264 587 649 4639 9202 2805 9201 9664 6207 9601 2443 4494 5296 9128 3989 1324 191
9806 3273 7117 1395 2064 7616 8778 2273 6378 2210 7683 3125 1276 2528 6345 658 750 3861 3931 2294 4753 2842 207 5057 1784 2730 3380 5064 439 4982 949 757 6795 9065 3968 5297 8346 2414 5512 2933 7516 9713 7769 3693 4842 19 1146 7839 1014 8770 2583 2714 5723 8712 7247 6385 6 643 2779 6058 7622 6933 5361 7987 5808 2109 2920 5173 9270 8374 4124 1259 2377 4190 2948 4148 476 9513 9154 2663 5307 2407 2779 6567 2204 8308 2344 5399 7908 686 3980 100911 5437 6524 2087 1328 8391 3197 1482 1141 4365 6175 9692 7434 3065 3681 5149 1361 9595 2187 1193 1475 2789 2092 7359 9060 5691 7028 4098 7258 1593 1043 7855 2431 1957 2194 1856 4021 247 5105 9521 6265 8166 7632 3266 5435 1381 6514 9724
1309 1389 351 5127 4411 4013 8825 1514 2810 6528 7569 1540 9219 8558 9115 3164 2529 8565 109055 4132 3097 9545 2593 4788 5482 8521 9091 5700 7494 8820 9161 3304 7376 6668 846 7555 7094 1994 7286 22 608 2835 8227 6280 4025 8762 5980 1018 108830 4421 6746 9883 1077 8612 5797 154 1136 9359 799 5514 6866 8271 2847 1483 7585 1248 6113 3814 1708 5605 2443 1081 1583 8813 7363 7588 2677 6325 239 7651 2525 4766 509 1581 1504 6704 677 3612 210 2382 4764 1038 599 5084 8010 6667 2905 4255 6958 744 8695 7253 101872 2476 575 9205 1703 1777 2734 2295 1405 1645 3287 5382 8415 7665 7251 2773 5801 5506 2633 9841 4130 3798 8463 1541 6004 6385 639 899 1487 3921 9516 2434 8973 7111 4295 9299
809 3895 2781 4649 8204 5009 9892 5367 6905 8081 8374 2700 7258 1300 9132 5597 4873 9596 2319 8546 2931 6053 1035 1396 8938 4889 2198 9108 2523 3009 4095 4928 1536 4958 4122 1058 1350 3799 5755 4361 6945 1507 109792 3756 7582 8809 1684 2988 3033 198 9522 7769 4113 671 3447 4808 313 2232 4715 4932 512 6084 1505 3539 1875 253 156 6122 769 4726 1700 2547 640 896 6378 8445 8526 6506 1369 9733 3018 8877 8445 6740 1316 3126 2937 745 515 4965 4371 1721 1221 1830 9922 2052 9884 8269 7003 5833 71 6856 8728 1725 158 2400 2331 664 8291 2448 6674 8560 6533 7640 5723 8219 9990 1428 3673 9358 1743 1913 9495 987 5539 864 7389 9003 6450 7303 7345 4184 2079 7139 6943 399 3267
3674 7340 6772 4291 5345 7959 2742 3648 1 1778 6356 3102 8703 4464 1344 7335 5100 1135 5635 4640 1690 4887 100705 5293 6080 6579 1023 1601 2112 9392 4226 568 106647 2116 1753 3160 7957 8530 101630 7268 974 3594 2233 7300 432 7062 6246 2386 5286 5202 1032 3382 5164 5275 9549 8500 7603 2204 1428 9892 8967 8228 1101 9955 9216 3932 1360 744 9238 792 656 362 6008 108109 2161 8448 9983 9554 8616 3128 7502 2025 2242 3068 7261 3279 2936 2689 3607 4434 1873 4658 1712 5779 7768 462 5243 2780 1664 6573 7722 100 7493 1496 359 8816 1077 6090 307 2972 1855 1393 5518 9563 186 9753 1846 3803 7113 1148 4563 7277 1293 5586 7778 9012 8748 6719 2864 7979 2273 4926 1531 8139 8660 4840
2483 237 3612 7290 5014 5758 1601 6309 9068 100193 9319 407 2368 1929 8872 3387 2448 5766 2785 8812 4183 2303 1872 5120 4489 1570 5884 3763 4975 5080 3989 4625 7876 684 1326 24 62 5453 7880 2604 2161 1154 7185 3981 160 9070 5549 1127 5206 3189 6371 9689 5829 4669 5516 5960 189 2152 3191 260 9182 4657 8321 682 2465 3957 5475 1484 996 9780 2956 607 4773 2407 3792 1411 8913 9589 561 2312 7821 9393 1774 15 4437 9766 4137 2366 2611 9350 6285 6345 402 6318 8111 2909 9219 4878 4244 6382 6784 3865 708 708 1151 472 6077 7313 202 2483 2331 8790 5709 9714 2871 807 7919 8657 2734 1996 2068 1043 6947 2090 2 8616 4823 2337 4306 4834 7208 2038 3210 1940 4488
8900 8745 4588 671 2751 5186 8627 5364 5242 1325 3282 100472 5065 1002 7047 4083 6409 8680 6136 3891 2319 4469 7511 3234 1758 3702 695 9175 1597 109481 3950 2032 4008 9273 6092 1135 3541 5682 1835 3010 6410 3094 7479 616 2238 6304 815 2576 4461 5766 4556 9988 1072 8180 1906 4198 636 1047 358 3578 809 1622 8943 108853 454 5960 6271 9652 1947 105858 5027 8095 9872 944 6249 2431 5452 6023 482 7614 608 8152 24 7807 6069 5095 4274 6350 195 7020 8278 1848 2948 3546 3374 8238 109960 5230 2974 6406 6682 5002 104068 7827 1570 3539 9025 3046 2589 5784 2903 1908 2138 4932 4516 6842 9782 7062 2798 4399 27 1038 4399 4041 7732 4282 1108 102323 5380 7779 7840 2973 2904 1986
3926 1652 4746 1047 6262 3748 7975 795 6183 1483 1939 5635 3799 6287 2828 8280 7535 835 8092 1253 2459 7142 6867 5217 7880 3789 6868 3038 5230 3394 526 9105 9744 5100 1006 6835 2209 5521 2388 8615 4762 2906 195 6829 9130 6726 8877 838 5949 4225 6878 1785 4448 3366 199 2854 9603 3091 2943 1945 8831 332 3141 5472 1307 9778 2024 1313 2138 7974 8586 4694 487 6057 995 3818 5556 1205 6978 9177 143 3681 4473 6562 6150 785 634 4352 106828 9533 2188 4170 7821 1683 6323 856 270 2303 7839 855 6808 8714 3011 2366 2615 4128 185 7874 1918 9702 932 87 9629 8860 102 9944 1606 108240 6451 3688 7516 195 6021 2586 5165 6736 9330 7374 6770 906 5787 6110 9076
6741 6854 1784 2273 856 4750 4540 5311 3585 3753 3784 8561 5497 4747 562 5880 7658 682 2726 4267 2702 1457 2641 2089 4474 3400 2269 1742 3291 1572 925 8981 7983 4987 3756 3534 3288 1739 5329 3856 6684 2139 1766 8496 7104 3298 249 595 6199 2807 5682 1552 3525 1112 7446 3609 6345 6223 2364 9067 8779 8194 3422 8660 8065 1498 1442 2341 9016 3798 3257 3929 2529 4769 4487 2869 3274 7937 645 95 7951 1522 7428 6788 6913 4898 4387 2996 9654 7470 7906 100033 100000 9789 455 2969 6770 9691 3121 2047 1713 3641 76 1233 3272 9539 6453 8053 4142 3682 6590 2517 3931 7507 2419 2030 7657 1095 2350 7315 6936 100492 5960 567 1828 557 4849 6091 3579 9318 2194 7876
58 5114 1809 1425 6295 792 54 2299 388 1147 1659 2557 9314 5122 232 8439 3861 815 1728 4654 7655 7859 7014 1238 3519 1994 3700 4930 4899 2115 9950 2459 1579 3827 4914 9488 376 9322 8338 5725 101541 9318 6470 399 1741 5175 5563 118 2477 5235 577 8588 5435 6890 8372 21 6568 102268 5608 183 1298 6266 1723 1373 1581 9291 2885 8662 9522 672 5635 1395 6600 1706 9301 4482 7475 3226 996 5812 2698 3897 5064 9253 3597 5817 2457 9533 1319 1308 9605 9106 8576 9171 1809 6529 4214 8314 723 445 830 1298 5232 4246 8949 7423 1009 9806 780 1283 8699 8904 9795 3642 3487 7810 9620 2088 102351 7029 5892 7408 4530 1674 8390 104679 5786 2784 105873 3304 1092
2891 4930 2408 7232 9390 9749 3949 2882 2396 1776 5035 8727 187 2352 2447 6716 907 681 7903 716 9942 4488 101697 5192 1656 395 8620 5420 4097 4563 2269 2000 9544 1081 8890 9628 3810 703 8828 479 996 1352 4920 6258 5093 2266 8350 6056 4519 3651 3606 8105 344 9082 904 2367 6612 103 507 9297 7373 6070 513 1886 4973 2696 385 9996 9131 9595 2436 5330 6445 3483 5059 6050 3693 9208 6689 9851 7343 4026 9830 4654 2178 7730 9051 3871 2356 1027 1837 1119 1387 6721 1708 696 3074 5657 4675 3800 7152 1985 7981 3233 5072 145 4325 3520 6236 8930 6702 2413 1866 2534 8117 1154 2332 9033 8532 720 2963 838 553 8014 2324 8925 102358 4340 7694 2771
9833 7159 4314 9514 7039 108725 1460 1939 2501 9203 4841 7729 2159 4021 7137 6832 6460 7983 4031 2134 7338 5433 9063 8600 6582 1160 8240 2864 1799 5771 9242 1006 2076 242 1697 1597 8482 2310 9522 1928 1354 453 1805 2444 7963 4765 2156 5967 7604 6171 6211 5025 7988 2036 9545 5842 3534 9619 2902 4804 4967 3908 6381 2563 2370 6642 5020 962 6782 8764 353 2872 4638 812 5759 8763 6313 7931 5250 1451 739 3567 9680 7939 6908 3287 4320 3787 7000 7577 3647 1553 4094 9177 4336 2729 901 6765 179 1954 2012 8830 2682 8923 4248 7874 6584 7383 5011 2776 3003 108957 1507 1443 9884 9954 7817 683 4325 2283 9019 9872 6290 5998 2549 5200 3818 4792 8763
1675 480 2852 7074 4757 2421 1162 2368 7117 4960 2311 107456 5595 5793 3852 4762 655 9682 697 35 7223 8751 6411 849 2625 100216 3267 994 2642 9332 8969 4574 7558 2792 1857 4937 298 4809 3133 4861 4677 7278 3635 7112 8654 9481 5664 7346 7178 9336 333 2946 1877 3351 5409 193 915 520 104 8463 8135 870 9635 7860 180 8006 2175 4170 2403 3342 102538 1273 3508 4571 9219 3043 2951 3726 3618 7010 9341 8214 7880 4302 651 2132 5448 9507 6640 1403 3798 1282 2583 519 5326 2903 5967 5039 2024 6172 7832 9774 1243 5899 4448 6974 240 7145 3760 1974 6633 6258 6129 1398 4593 1919 9986 7359 2389 2159 6814 7241 2180 4149 90 7551 7043 430
925 4062 4003 710 3779 9646 6343 9484 6227 336 1185 1378 2319 393 2253 4041 6107 5837 576 9213 594 7856 722 3501 6342 9817 858 7359 6263 568 2712 104849 6182 1577 8489 2082 1706 9529 3558 1986 4387 9608 2623 8839 8605 7248 3254 8529 2966 357 6478 109665 7459 5166 5702 8102 9712 19 9824 8503 984 1959 4424 5320 756 1496 3633 5719 9046 4245 3841 9814 5129 9919 7360 9918 4097 3523 6573 4337 1049 6726 6258 5121 5997 162 8441 4208 9300 1681 5775 775 7331 4071 1192 7451 6014 7908 6435 7116 271 7946 6767 1360 9772 5501 9822 7840 1781 1225 6073 5297 1515 5816 1653 7494 8663 1971 2516 4820 2602 504 9790 198 5424 1342 7266
530 1211 6773 8904 1835 3053 1969 4377 5929 1990 6297 9441 4198 3375 1690 2547 7225 3413 8674 3245 1529 1115 7978 5662 9386 5001 9603 726 1164 5817 3700 9981 4133 5188 8690 4663 9339 6568 2514 5637 343 7805 8587 4495 646 3800 6208 6482 9618 3679 988 9396 4800 6047 6590 8080 3803 5930 9495 750 5361 6101 2098 7441 444 7441 7204 9576 852 8727 2964 103677 5107 3898 4364 1042 4442 552 2624 5294 1186 6065 8623 1778 6021 2123 2776 1360 3181 1013 9807 9806 2845 2603 1280 6375 4704 4282 4962 8355 5966 1716 1568 106857 2710 9301 1956 5682 136 6023 9813 7791 2626 7747 3779 2605 8430 6745 9760 9560 1850 5458 5873 3918 968 7620
1477 3206 3063 2678 2021 6257 2642 8149 9293 9391 3783 2630 2634 6629 6186 5180 7669 8014 8315 2716 4367 7407 869 8816 3485 5359 3353 9593 4902 2423 5450 7720 6713 4055 8122 4718 5845 9081 598 451 8132 7961 2013 5924 6775 1573 5575 3424 4344 1394 1843 8390 172 7792 5009 3207 4759 2206 4913 6097 5973 7968 4844 5439 7574 9200 7234 4843 1305 5940 3459 4245 3868 1711 2002 809 467 9817 9654 3196 1783 291 1555 6231 2849 374 3658 1831 7111 3868 1276 5539 8342 5442 532 2048 7362 5851 1429 9843 2377 9256 4913 9429 542 8407 2029 1259 8901 5674 9841 134 186 2298 3940 3895 9767 619 1383 9800 5093 7649 5329 3608 8675
6883 6731 5861 405 912 957 7166 8751 1999 1481 9097 5986 5515 661 1907 1909 5071 383 4150 6312 3630 3005 5856 4629 8998 3890 962 4281 9478 4712 1109 2737 1037 490 8388 100360 5445 8048 6614 9216 7681 2513 3386 6287 194 1844 6969 6732 6176 6664 1126 2410 199 3669 1705 1316 7600 6946 8972 4041 9442 6281 5669 102011 3800 104455 9878 6370 212 8616 7569 7207 8660 195 5632 1325 9301 9809 1316 3554 6006 5828 1212 1751 7614 8374 8921 1116 751 1919 5151 4768 2861 572 1103 7079 100538 4108 4851 3069 2900 7788 73 1865 2306 7845 6211 6470 5547 9700 6638 6126 2119 1691 530 8632 2874 7703 7337 7188 4398 3010 5092 2340
6447 105 8042 5933 8237 7760 6562 7182 8126 5444 2052 3137 2067 7777 8699 6415 2412 5877 5277 6681 9853 7061 6702 1140 5443 9760 4673 101 9490 7249 5889 1965 6609 1080 5007 1206 1657 6554 4237 5391 4665 9608 2714 2213 1933 1742 5407 8579 9232 4685 1930 1018 3392 1419 6088 1156 1713 3561 8233 3366 293 4501 3374 1573 9450 9985 5638 5706 3332 7236 1370 6472 3757 3056 229 9389 9210 483 8456 6936 576 6146 6413 650 7463 6003 3786 512 2237 2874 5976 4064 4382 230 2117 2881 9699 5916 3159 1344 7416 6613 7426 1921 8035 100548 2348 4066 1745 8650 4862 3718 5171 2269 3661 1729 4570 8726 6395 367 7262 5147 2680
2218 5413 9965 8188 1404 7314 5490 4217 2977 5836 7093 3373 4256 5361 2220 6406 6892 100699 954 6985 2182 1441 4278 3732 9510 3297 6493 2018 2906 1197 7044 6543 5261 2051 7600 3629 907 9185 7305 5046 100 1065 6684 1683 2560 2225 4032 396 9314 543 2171 102081 9376 6435 9846 9032 2193 105541 110 1960 8568 912 9981 5350 2497 9039 4328 1982 6185 3592 8106 1460 1314 8886 690 3563 1399 4811 4552 7430 8493 3525 5445 9981 100603 5200 3091 7090 9852 3741 100451 4565 8818 7442 750 2005 637 4433 2478 1064 3052 1277 9390 5468 931 8395 5551 3422 9133 1766 2636 2972 3460 741 6752 108182 9424 4176 119 3322 2732 8113
101218 1377 6143 5976 1967 1763 6569 6834 8905 9122 1116 9914 1867 5894 5134 9232 5003 8244 2380 362 5285 7605 656 1064 2132 6756 3190 9500 712 5496 2956 490 1717 979 6824 4172 6089 3306 3518 108153 1600 1446 5474 8567 2699 6682 1979 7118 8382 9909 7081 5871 7017 4266 1161 6677 458 3439 5814 8699 2176 6500 50 4943 8547 7924 5397 1077 8626 2128 7652 8078 5853 4826 7782 1530 5493 9663 9699 2780 624 2873 6367 6654 8801 3780 6230 309 4504 3007 1159 7301 2726 1573 950 7160 9444 9965 4653 971 6004 8846 2546 2378 105319 6487 5183 4493 5840 6254 1166 5794 3962 4792 5459 1838 2518 2089 3455 766 6039
6203 5186 6691 9794 3844 4465 7837 2207 7427 6712 9527 6629 1964 3649 132 3718 693 1382 2839 8550 8527 9427 3513 1762 2057 5072 9175 334 7489 6142 4634 7968 8045 3807 716 27 1561 9578 100983 238 8305 6415 9344 2591 2338 1049 3732 370 7676 2802 1649 2110 906 6635 9368 7457 2565 2476 8882 2563 6166 2232 1809 6025 9515 2261 2920 9291 5324 9915 6685 4232 7630 2394 2718 728 5943 7777 578 195 1939 732 4626 4224 167 5118 7336 4544 8484 4895 2566 1500 1118 6008 8265 1548 334 1277 1007 2665 8084 3737 2808 106021 9169 1536 8874 1562 6644 3201 4151 2641 1188 875 3474 116 3741 1843 1935 4885
2414 1650 1531 1425 1539 2995 7756 3167 1726 8142 6842 8909 6219 9486 527 4733 5427 58 1194 7596 5122 2402 4010 1060 165 1032 8521 7618 3110 101186 999 410 3995 317 9545 3065 3435 2292 7346 7884 6418 5633 4752 1535 151 1938 9866 5097 4876 9664 2761 7782 5479 9564 7492 8868 9583 7259 2560 7618 8712 9396 5671 1414 8834 6727 9001 830 702 401 4641 2761 3108 317 3226 504 961 4349 321 207 3028 7545 3580 104752 1403 6278 5243 6777 6122 6635 2542 1916 2268 5665 7640 5489 4044 4969 7522 6647 6822 9538 3331 3232 1994 9787 447 2222 7617 6310 237 7688 8595 221 3357 1426 4472 1545 8457
6636 733 4497 105116 1529 6154 5520 1905 5826 8241 1226 1357 588 8698 8256 415 4792 4781 2658 1527 9546 5903 7589 6805 3532 4560 9701 5955 6100 5844 9005 4406 355 5874 9972 1089 6687 633 202 4010 1219 473 8867 1985 7477 49 9747 5134 3001 1909 103035 2970 102852 9490 2595 6689 9332 9877 4553 2167 7358 7336 2473 8137 5447 9967 3213 8197 106839 5555 2822 2812 3291 5132 588 2278 8586 2484 2914 1111 7323 7017 7118 6513 661 9939 3144 8170 6742 5000 1600 6943 1928 348 2101 778 9489 173 102627 109408 650 5886 1133 3245 103730 1505 108 4804 7172 2731 2998 6978 6214 3555 3826 5283 6243 8395
5691 7303 7484 1890 3155 103238 8522 6936 3754 1233 5655 5156 3183 779 7694 4483 7526 5256 2592 3154 6635 9060 169 2638 5414 4679 4802 937 336 4872 6552 3888 1333 3456 7180 1242 3625 9857 605 108740 2400 7254 2723 7851 2569 1901 7837 6554 4570 4866 7229 677 5938 4237 6498 9172 2987 9471 5511 1780 5919 2265 3290 570 1341 9310 3216 9722 7371 5306 9783 2519 5950 1602 9532 1628 5032 5454 1853 2426 9473 1413 3362 5107 4809 919 1528 6118 413 9921 3597 101276 9800 4141 1843 2179 8860 8088 4111 5496 5313 3320 5185 155 1421 5885 4985 4125 5844 6582 9736 4781 1314 2008 2309 1747 2759
4923 7073 6221 2563 2374 7149 2281 7762 9644 9578 8641 4441 3558 108449 1005 9394 3491 6852 1414 6004 3949 1892 7255 8535 2894 693 6953 4886 9843 9919 1871 1397 7920 6935 3503 3413 9252 2621 4690 3846 3775 4774 8397 6045 8337 413 1889 9815 7876 6806 8416 1532 4028 7588 3362 422 622 5916 101863 1316 8655 3176 8253 7819 2350 4128 2644 5420 6293 6534 4368 5884 6764 465 8847 3504 47 4253 8060 567 8226 6289 2867 1708 9361 5009 1830 7084 5692 4741 7551 9141 5491 1897 7943 7376 3742 5350 6214 1840 7009 8241 8684 9963 8542 1666 4207 6825 9627 2584 8166 6666 453 5756 2662 5949
6501 2691 778 7887 6498 9559 9945 4304 711 8728 1187 1980 8391 2047 6363 4408 990 2692 3739 5964 4890 4305 6581 656 4090 8086 6822 1386 4630 9342 9744 7 2543 9234 4296 455 55 5372 4556 2926 2452 3615 2505 9032 8449 6581 365 1197 5606 4905 4376 2022 2362 3526 424 1519 998 6271 5685 9021 6059 5937 6714 9809 3431 8838 7974 669 8612 235 7554 2999 7697 7637 2387 9724 1301 6063 610 3223 4305 5495 9706 7298 6133 9225 8081 1643 8454 8252 6843 427 8671 5340 8524 5924 7349 1303 8909 6505 8575 349 1921 4386 5670 1937 55 9039 5722 4053 7378 6141 3845 677 2040
1975 8308 2210 4248 6831 5106 7971 9424 6413 1623 2103 2478 9095 1330 3726 2933 3122 7747 6664 6834 9895 7212 6029 1775 218 2952 559 535 7479 8764 6733 7963 2798 3453 5274 5973 8593 1219 2205 1292 2651 2701 9994 6535 9171 5717 101569 1845 107776 1925 3813 5516 6976 3706 1184 7009 1988 8391 7573 600 4942 6909 2774 27 109230 7530 423 960 313 3760 7794 6278 1996 2152 3693 1009 6175 8630 5897 4487 445 5535 8412 9081 2178 1544 8114 6726 5174 4368 767 4908 8106 2209 106280 107824 4528 1731 6114 6496 102784 9618 5483 9720 2168 7153 2632 5794 4772 1502 2303 129 4895 5464
3526 6527 536 1502 3755 629 552 138 565 101452 9490 6367 2027 1378 5740 103103 2788 7759 1438 2383 7774 8456 5305 4574 5459 4211 9802 1844 7513 620 1454 2760 1433 6440 648 3829 4483 9928 8225 4654 1071 3344 719 4399 5927 4984 5401 3926 4563 2275 106346 4497 5541 8063 1172 9913 4502 6396 2440 2176 1089 2704 403 2632 863 8058 4058 388 8434 1797 6553 1027 5606 6048 824 4633 5652 1676 2608 6176 7545 5461 7757 4480 5254 84 9492 6666 1306 3140 9574 1099 9885 164 1349 5519 2526 7437 4183 820 4880 453 9385 2065 9472 7379 6246 5942 5546 8756 4712 7685 1516
2316 7790 5858 3451 3105 6543 4184 2165 4821 7197 103292 4663 1058 2157 6021 6352 4059 7383 5308 389 544 2665 7504 8886 5810 8065 509 4481 6728 90 7054 1014 5730 3206 8241 2267 8908 4093 2587 1520 2469 1477 1211 7942 3872 1715 131 3179 6986 6353 102884 7129 6526 9520 1241 4817 9398 7536 6599 6929 107602 8142 8739 7022 6477 6476 1780 3902 3550 471 2315 1332 3933 5989 7857 106145 4135 9934 9072 8601 404 9502 7588 2869 3286 7943 6867 4679 1317 5019 4714 195 4889 6522 9658 6971 2151 873 9940 8923 6287 9493 113 7239 485 3414 9541 226 575 7751 5460 7425
3615 1573 9541 975 9986 5878 4902 5106 5399 1051 4208 9949 8068 2217 3661 7511 3766 917 9496 7964 6183 4302 276 4099 213 9376 1423 2272 8960 7125 1607 907 1044 107487 2174 6576 1752 596 5563 1944 2294 808 513 9161 3660 2161 4291 1737 9154 7463 7768 4488 9966 7995 3404 8751 9092 8602 8135 4435 8258 1041 9522 6751 9466 2339 6695 4241 3521 2089 456 7491 536 9641 1300 3629 8617 2619 6485 7497 6805 6008 2620 7559 4171 105763 417 8946 987 8764 1462 8931 1708 739 2604 1877 6315 3098 7625 7529 5125 9678 3656 490 3783 9239 5856 291 6931 8110 4874
3551 4789 7759 7997 9073 1303 2751 236 9958 2115 9407 9891 3576 5751 4018 6718 5189 5837 1371 8331 3903 8971 5403 3392 1669 809 4234 8480 3377 5793 1411 3786 3411 1836 261 5618 6527 2602 3430 8709 105202 1042 7483 9063 7323 6635 6934 1887 2039 169 6176 1653 893 669 7863 4826 3740 2742 6665 9545 2721 2205 9089 1709 7037 6256 1233 6052 4711 8044 529 306 5614 1456 1815 4089 8114 3808 3800 5063 4227 2103 1166 7584 6090 4561 6683 5581 7559 1368 444 9973 8218 8061 8737 6828 8070 1482 3036 2106 6786 1877 7800 1965 8578 4935 6940 8929 566 2685
2720 2894 2769 1247 175 5587 2685 9264 6974 1906 1502 2518 6892 3995 5364 602 6203 101486 2132 1601 5437 8204 8744 1548 18 3085 5158 8173 962 855 6591 8492 53 8957 666 2329 108907 3974 2240 9362 3177 5280 7625 8215 1969 1924 5255 4732 3894 4956 9600 4751 5614 6546 2178 1546 7448 4459 1170 4683 463 4916 8166 9651 8720 8219 4596 7964 473 1601 842 943 2451 1343 9968 7300 9042 3543 1818 2394 2474 6204 8995 5258 109844 2645 3206 9560 2449 1037 3342 1401 2830 2239 1169 555 4361 3648 457 3121 2626 637 2947 8830 1285 7127 6251 6501 8888
8556 9048 1502 5328 3896 819 4267 107353 2556 1854 4779 102 237 5923 383 9461 1728 474 5404 4710 4069 8895 3424 3294 1025 8611 9352 6119 7665 6178 7666 6922 604 9302 8702 704 8088 7562 8042 2005 5647 8208 670 6510 6403 4071 7733 9789 1136 392 1598 4690 3537 5936 1313 9508 4326 7954 4806 2720 6612 8670 4994 433 3245 2237 4915 2337 8530 5390 3503 9535 4599 2422 6664 4338 806 7699 5746 4493 454 6994 2504 4083 268 658 7116 8476 1570 6697 1758 7881 7320 9093 7806 9653 6745 3109 7029 6684 1904 2457 7153 5856 2634 3015 8160 1738
8878 7632 6304 7822 4058 1954 4067 2626 9407 287 3512 2048 8176 7854 2744 3881 5606 9264 3311 3917 2984 8310 3436 2297 4585 594 7850 1520 6291 8571 7599 7885 2979 2212 6405 9735 8564 5311 7127 3846 257 6798 6607 2245 1797 8346 1806 2329 3141 2984 8299 5505 4385 5993 1263 5983 4342 9152 7872 1718 2647 505 621 8515 702 7929 8169 2065 6669 7169 2332 7832 122 5846 3783 198 8939 9622 1718 2016 2365 3267 218 8570 1148 5444 9144 2806 1406 2861 6316 1818 4864 5835 7138 2085 8262 6021 8838 8515 4380 7696 3530 100159 9395 5073 8616
7208 6649 1496 6761 9367 1575 9579 6102 1904 2321 3248 1677 8855 2937 9504 7398 9061 1109 4408 5797 6379 1571 9714 8003 2966 5482 5428 1609 4660 6466 8566 1500 9222 2519 1081 9951 758 8762 7831 869 1706 4729 9894 2199 4010 256 2241 5989 8095 8399 101672 1216 4668 3469 375 375 9474 2606 1733 656 7262 1122 6861 106250 9590 4686 2162 3040 3588 7150 3151 1793 1585 8507 4860 3853 6406 4377 1752 6547 5439 4293 371 5049 1249 6493 9659 1323 1198 6160 8043 6264 1078 72 105246 729 106304 2901 4746 6516 4586 5820 2650 1264 2557 4335
4300 7449 5204 3247 2397 1414 558 6895 7154 2153 4210 107339 7368 5799 8707 9864 4158 2761 8548 5262 9921 3458 1997 6388 2744 5138 431 6315 2658 9562 1973 1741 8893 833 3355 8967 4984 9751 4787 7621 7659 6120 9894 2397 5285 8339 7208 7983 9942 8747 3135 1723 1839 8077 9477 5987 5670 9635 7132 2643 7646 6553 8433 9726 7687 7823 2068 3339 7841 6910 6871 8432 4199 7582 8437 9453 7178 9670 4854 8092 859 6022 6560 8023 8398 578 655 7547 7563 2239 6184 1900 2374 2756 1338 4442 2561 3737 6343 5090 209 7826 194 135 6382
370 8232 4290 495 4570 8900 1080 2438 3425 8798 3051 3447 7608 388 8532 3599 8382 5644 4719 5282 2738 8568 1511 2693 5399 3899 2644 542 7021 5547 3010 9417 2589 108695 8548 4668 1237 1243 8377 105805 229 9154 9230 51 9865 5403 5876 9018 6072 9055 355 1258 28 4338 8175 3930 2835 7320 8586 3745 2437 5594 4490 5806 5543 265 109100 5577 7456 6722 4729 7690 105514 9651 2072 488 8699 9837 901 9124 981 986 2225 9943 4970 3041 6681 1112 340 6375 2427 2243 1603 5945 1478 1959 344 109943 4209 5551 3363 2051 5424 2115
8792 6106 5090 9023 3351 105234 2702 357 3052 5333 6207 1887 260 3708 8126 215 6481 160 607 6602 4399 1309 2494 6042 5768 4681 1836 1668 2517 8579 1828 4242 6615 8127 3187 8065 5413 2241 8152 9221 103734 5943 5111 6859 9249 5548 8612 48 259 3258 2031 2144 4129 6577 1067 2897 7631 3525 2403 1921 2528 7836 5855 6525 8734 3577 8195 309 6061 9986 201 2284 443 3225 5905 2148 4874 9641 3093 5017 4946 9582 4226 636 913 1274 6804 9123 3252 8246 2193 6287 4426 454 4424 9790 1942 8576 1643 6594 7126 8398 5115
4482 4867 8610 8020 416 7960 1706 4297 4059 5317 5764 7184 7525 2758 2339 2625 9688 3152 7170 5483 6724 8828 8 8840 2156 6232 5805 1986 8050 2793 5885 9702 816 4661 1787 2280 4617 4449 4871 8263 14 2118 2227 7826 108549 2793 8578 9227 2392 4891 4114 5179 6106 4238 1947 5414 111 5866 3432 4608 1180 2366 9958 4080 1884 6219 6235 1973 8613 2637 2441 4343 3019 4827 419 2767 4819 3730 8975 616 634 6461 9453 9415 2055 1512 1895 1002 5743 1076 6185 9054 8 269 5538 8915 1120 203 6459 1779 8254 5942
6824 5201 8808 2733 45 7247 2199 1705 7155 9651 5112 2893 1820 4954 8645 3857 1811 8541 5668 3600 4278 7331 2238 8814 4952 8183 4786 3246 5219 6075 3066 2898 603 8510 3183 20 137 1738 8537 106901 1382 1425 425 725 870 3785 6395 7906 4903 104277 7638 3908 4490 2839 326 4360 5169 6402 1980 716 6298 8933 7331 7163 103771 3557 3078 680 9678 873 2593 5696 4559 7116 2934 4155 4516 2062 7809 7108 5180 2236 9469 3977 9083 4210 4872 9461 7797 1406 4628 5020 7272 8583 9008 7511 5424 7406 2727 4673 4213
8979 7879 1280 2535 6747 133 2728 9997 7328 9070 29 9594 2522 4577 7287 4113 5933 6764 6251 4619 7107 3028 9000 6743 187 8041 5070 4833 434 9193 3462 3077 1777 1587 4734 262 9814 2351 3652 1738 5128 1116 3125 2504 3014 9210 7750 3894 495 2266 1987 2060 2423 7539 9766 1564 1368 822 1626 1446 791 7907 7248 1095 217 125 2258 2866 198 7212 1174 1795 2397 5794 7974 2911 440 2449 1854 2063 4545 698 1813 5647 2356 8584 3167 6850 8375 191 3010 3816 2712 1599 4967 4115 6646 9118 6868 4582
4018 709 5512 9407 231 2472 105734 1687 3768 3436 3750 9447 6121 6757 4920 103853 2449 4957 6555 9807 2687 3740 8477 671 6506 8596 7059 4544 333 6172 539 2584 9011 7200 5616 374 2190 8662 8222 2646 6351 2452 7399 8963 5729 2657 2230 2557 4327 1049 3249 4827 7176 2741 2404 2610 4727 5594 2700 278 248 2576 6529 1457 5151 2806 1943 1522 5995 9397 6838 8711 6548 7074 9961 1790 801 1527 405 9512 157 3012 843 5631 7178 4914 5983 7642 4310 9353 9801 103007 2286 1603 1516 2120 4032 107552 6453
7929 109061 3387 870 2976 495 476 100 7358 8463 1248 606 9877 9883 6438 105663 6963 6654 109964 103830 6718 1664 3929 7779 2672 6503 203 4533 8437 2254 8757 9842 1235 2965 8561 4726 5946 8713 1436 7984 8891 4469 6146 9737 685 9529 8679 7238 9054 7563 6809 144 4359 4811 7282 4786 5780 8188 4546 6963 1682 2495 9340 8773 1337 8977 9296 5165 7228 3961 6025 6980 638 2571 9767 893 1912 8432 2688 2136 8697 3257 8050 7014 797 2322 4669 7710 1552 1252 8319 5312 4997 7981 5055 4184 3618 5299
4718 4069 6607 5079 8683 266 2335 2375 9334 2292 5405 6471 7015 8429 939 1249 1040 6113 8135 538 4176 7711 3007 6535 585 1202 8934 5247 7253 2977 2791 4291 4868 1204 104042 1452 3913 4216 277 1491 6822 1732 7653 4071 5813 1853 1853 4282 9577 9767 5885 9117 2260 9149 2487 109 5162 6914 8686 4142 7350 6329 9056 775 4539 5922 8598 3006 7357 3943 4553 8918 657 9366 8087 7734 531 3487 8534 3724 1143 9888 8200 6562 2674 655 9520 2207 7849 8776 9621 2289 9593 1384 3636 969 2202
5465 6746 1288 9182 6062 7970 585 2942 1538 2476 1742 983 2076 109103 6176 5200 106278 103872 6385 7536 6830 5731 1684 5358 6540 6210 624 9368 4021 4316 3553 5544 2192 5135 7311 5156 1463 9897 2115 3301 5872 6763 3687 9819 636 5472 6861 3198 1087 1868 5411 1799 3778 8232 5397 6385 9542 5869 8931 3818 7162 1599 1365 4239 3582 2285 941 6647 1464 5189 3292 2270 3415 7069 7239 6981 3687 2272 9003 264 7125 261 3775 480 1875 2390 4361 1610 2237 7888 2003 3992 1389 5318 4175 1638
6700 1355 8121 7855 4426 800 3596 9601 7569 8618 6616 6319 1717 6231 1683 7974 4014 5603 4925 101426 4696 5670 3752 5393 9738 8960 5175 8232 9863 8024 1446 3077 6498 2914 4267 8580 7445 863 9436 9798 4084 4041 1042 8975 9485 6799 6444 2656 2034 5245 5622 6388 4555 2719 8442 8542 1205 7656 5400 483 3408 8830 4035 340 8584 473 1948 3151 3585 8844 1379 5509 9369 8914 4123 8927 2184 7213 4526 7085 1051 2251 7632 6112 802 7514 232 9385 1990 8254 4637 289 2655 7872 8029
4426 2613 1113 5971 2566 7414 6463 2458 6903 6647 5151 4477 2982 7582 1740 1329 7720 6048 1558 1574 2477 8758 2287 617 1627 4261 8602 8158 4491 1438 773 3676 5554 8899 7625 7225 2354 5003 9231 2631 594 9800 4837 1263 6316 1111 5666 9182 5766 5432 5510 1373 2963 9711 3061 9718 2026 5305 2261 1779 8295 7859 2486 2616 385 104 1906 4372 876 1161 917 485 6879 2290 4703 6954 4169 8011 2535 7340 8880 8892 1090 8735 2346 9220 4116 5653 5487 300 1895 7397 6974 5991
682 4490 7568 2317 8795 7694 2090 9432 3544 9833 807 1007 1651 2869 7381 6721 9684 1988 8398 2308 8227 5907 1002 1583 758 7936 6131 2308 3111 7451 6937 1410 9594 7561 6663 138 2237 9711 1094 2096 8465 1421 8336 9653 4457 5336 4088 4419 8241 1772 3176 1144 416 3986 7675 9830 6544 3007 60 5674 3390 4925 6351 5660 1709 7022 7518 7126 9120 9021 1974 2937 6984 152 2948 4284 9306 1227 794 5319 2053 6734 2982 447 4098 1843 8405 8498 1597 7000 2596 6470 2083
8884 7287 7324 7772 3295 5358 3659 2667 100306 9956 10 2500 626 1801 7150 4254 9031 2371 6838 1528 6610 9569 4226 3121 1662 2064 8091 7058 213 5506 2047 1487 6166 6347 8188 7855 5430 2925 7999 1815 486 8631 9037 1134 1603 8505 4546 300 2243 5451 7895 868 2526 1135 5002 5972 8939 8661 3385 9562 5405 4237 3182 8537 9694 4034 4306 7517 4939 2181 3531 4603 863 3351 5544 2797 1540 8651 655 316 2135 571 8916 9759 103612 5098 1485 5779 6947 2730 107891 6763
3961 1759 236 2042 161 2612 7703 574 260 3228 5991 9248 4983 3371 3796 1193 3053 4279 104782 4584 7132 2793 3523 6145 388 8088 1971 311 5037 7176 1091 5645 2496 1951 1455 986 4345 8248 1907 4635 1227 3692 6235 8606 5237 5245 4025 2748 3988 9413 4119 5254 2361 1087 5149 67 4764 5955 7110 7512 5873 4968 3967 5914 9018 3445 107439 8992 9565 1640 9181 1100 136 411 3006 172 1794 3892 5198 5980 819 8989 5441 7422 1798 6179 7658 1516 6654 994 972
7197 2664 208 1776 8295 4000 5785 1142 4325 3686 1852 3295 9625 6209 3907 4633 101618 8132 1528 3324 2129 6945 2694 646 5289 2732 2703 1954 7046 7362 1949 4447 6591 6393 1530 2973 78 2072 6035 8938 2656 651 3546 3983 8120 8368 1147 101 6953 1046 5970 7612 3460 999 6667 9516 3230 2994 2585 2141 1462 2350 2315 6309 326 9660 3164 7520 6807 4797 2171 1253 4298 7716 1451 8022 1060 104156 6619 5208 8665 637 3400 6004 108797 235 9025 104188 262 3728
587 3826 3366 5084 6502 7686 441 7306 4944 9647 2282 3428 1385 1933 6970 4377 359 2620 1171 6350 5723 9178 8345 4787 7299 716 2451 1608 8801 1918 2809 6623 9836 9659 9614 2115 3669 4828 5312 3018 2301 6788 6861 3383 5621 1643 3033 4515 6198 2024 6669 1885 3075 100821 9458 7455 6747 5470 2527 7299 2547 7850 9166 6678 3524 9950 853 7996 2192 4638 1796 3796 7963 7877 3627 7005 503 4470 2254 4249 2193 3684 7867 1857 5275 1295 1179 3145 3657
4416 8152 2582 4959 3944 7806 9437 7674 4820 3220 1437 8591 835 3085 1648 3026 3354 2218 6334 5336 1320 9042 1315 9934 2086 7797 5362 102603 5185 101789 2442 5539 8748 9479 728 8254 5583 1840 3757 3912 4820 2179 5313 9674 5028 8082 4663 8650 5165 6067 339 6942 3751 5213 8458 8310 7687 3282 4585 7323 101123 6976 937 2739 8392 4915 6401 8326 7736 9021 1804 6693 312 5913 2189 3162 1177 9260 4240 1595 8452 4093 4915 8595 5676 4454 1733 4578
6911 2171 6941 915 1165 9835 302 5663 2012 3893 103962 289 491 4509 6293 3305 4854 9166 1563 1525 6666 4802 5092 4221 5401 6240 2886 4477 591 3398 3276 8825 3222 7800 6775 8539 6951 8103 2754 3089 7010 2404 7466 8469 1824 871 3245 3869 743 4940 2626 916 158 4765 9706 3416 1394 9014 1237 6294 5416 548 232 1202 3283 5600 2589 7340 8008 4155 9356 3855 102289 1929 2361 6412 9295 9779 1998 1335 4547 7256 5962 3936 3742 9381 3882
2740 3320 1637 9415 2196 9422 6281 1360 231 800 955 5353 3676 3450 544 6180 9635 5488 7740 3792 4109 1119 8618 9663 9792 8802 1165 4620 7935 4627 5217 9500 107513 102338 9893 8260 4017 8699 6685 428 7263 7139 108578 7427 357 5811 8925 9843 7700 5752 596 6598 767 2330 3876 6664 2320 7547 2736 5807 3947 2371 4553 8985 1424 5578 7823 3845 5572 5525 1414 7285 946 9013 8669 8097 9405 1676 3899 8576 922 8193 586 9779 4812 1382
2216 2274 8672 6328 1836 6427 2218 8886 4310 2536 991 6134 6027 865 9893 1765 1375 9553 1064 8029 2451 1885 2062 1052 1937 83 9469 9427 103285 9263 1115 3548 9407 772 5894 6655 6583 313 7750 1206 512 6433 1104 6911 7824 9248 9228 1635 5502 939 4697 5605 4941 1935 3247 765 9688 9220 101877 7573 8062 675 6532 7523 106929 9750 6636 8777 3353 2688 917 9785 2126 269 1177 8477 103094 7546 6737 4470 6748 5688 7293 9123 102178
1085 5399 3829 2904 316 6746 9489 9773 6566 1599 6053 2597 113 3608 9982 5083 4008 2385 6361 9993 1411 6228 1208 2743 6776 5868 264 8864 1362 4364 4705 8459 9105 1872 7309 7512 3778 1044 7997 9833 3649 8836 108072 7171 6076 7892 7989 197 6122 9265 8860 5129 6075 2407 5912 103160 7649 8213 5823 1315 8832 7022 9973 9103 8226 2465 3389 6849 3327 1803 2962 7914 8331 7211 6565 3284 2399 7863 7560 910 3340 9581 2026 421
5486 396 3204 7300 9502 116 1380 5436 3978 9211 1287 3223 9305 7266 7677 6122 8761 6119 4679 7481 3948 4908 7940 976 7155 264 9421 3231 4137 6109 8493 6165 9715 9242 6901 6369 6902 4369 1215 7204 7065 4939 6513 955 8429 1739 2596 7948 2122 9457 3254 254 764 2096 5421 7694 8959 7441 5805 1423 1142 841 6012 7298 3842 8057 2323 2599 8577 212 263 5539 596 9351 2250 107922 310 8868 8460 5118 9834 102879 1989
8976 8740 109853 105656 5527 9739 6265 4912 5239 2221 2217 7454 8932 1795 1552 758 2015 183 6102 1350 5696 388 2117 8297 6309 4892 2549 5163 9529 7792 1978 158 7416 6459 1244 9340 1202 4735 7512 9214 3759 1093 7893 5276 5282 5279 41 534 8897 4305 2477 6882 3107 8335 1279 7031 6555 3512 1430 8794 3252 740 6251 9607 3134 505 4086 3362 8856 6964 3718 7150 1550 2246 9205 5358 3509 9309 1131 3178 8548 3222
6227 4388 3381 9647 475 1260 2893 9969 607 6721 5768 2270 2488 9849 1945 8855 4337 8658 7264 8289 4091 1433 2508 3257 5010 3164 2644 2214 799 1723 4529 606 7918 9284 3998 1772 3411 2528 7810 9456 1625 9735 5661 2678 315 4667 7921 6412 2711 9588 2611 5583 2367 743 7714 2469 5074 6509 9128 5633 5083 705 9727 8130 105640 6570 4309 9308 6621 9418 2051 9627 5242 8214 1690 6645 2187 9351 1695 7776 3598
96 5721 4565 5114 2496 100344 4083 1150 1098 4041 8982 1160 6164 9751 553 8391 9134 6611 6329 9475 6483 5687 2300 4203 3188 2792 6627 1695 2387 9387 1708 108912 2013 7593 108731 7269 8380 9061 4761 1439 7756 3102 4989 7966 4572 4000 635 7157 7751 7840 2986 9708 4244 1511 6219 4933 8042 9774 1158 9729 2072 6444 9431 5940 3988 8332 7657 6598 3283 6322 865 3355 2425 4975 5231 8341 2208 5667 2528 9369
100014 6803 5512 2352 7491 6107 9822 5838 2976 2549 1016 7240 4366 8267 3561 2258 3629 8217 5928 934 1900 5607 7379 3532 633 4661 3523 2422 1322 664 2849 1675 6939 2484 7914 807 9752 7082 5711 1776 7150 2277 1360 6316 7805 9583 6411 6353 9824 2169 9743 942 6592 1419 7285 7816 8566 104 5297 3175 128 6998 2374 9939 9126 5740 7512 8537 6061 5837 6182 6818 1003 917 2359 9109 8588 609 7219
8699 2117 2515 7542 1188 6759 982 4961 8505 7526 3887 8226 1938 6651 2629 6037 9241 9527 371 4938 7374 4648 2027 457 1483 1169 6141 7492 7835 9957 888 2156 8983 2404 6224 2150 2466 537 9153 8942 4342 5635 467 1597 109 3811 4847 8472 1109 8981 6512 1369 3678 787 3565 1922 5509 8326 262 3551 5846 1118 7149 4315 573 3236 4904 3094 5006 7566 2436 229 8823 4435 4476 9706 1922 9871
9193 6774 6287 6217 12 8524 7713 5716 2155 3656 615 3811 4696 640 1022 5552 984 9258 1590 3982 338 9822 802 7917 4966 6749 9124 5054 7953 2930 9976 761 2238 3895 1967 2315 3054 6972 4271 2179 3292 8436 4969 6847 3802 6640 2380 2707 3936 8400 1064 101898 6183 5719 2981 4239 3600 590 1636 6510 2042 2188 4167 6679 6036 3556 93 5171 3535 5055 6512 1658 7960 429 419 708 6581
2742 6230 3534 6878 1157 5548 2128 3502 1319 7503 9612 3449 769 9202 170 8064 4480 9990 2098 1971 2564 753 1641 8455 8896 429 1599 936 3499 6333 4856 9440 8986 7253 4955 8937 8338 2506 9399 8000 2169 4856 1388 8954 1532 9411 2521 4747 4582 8543 9154 2452 8496 4324 2628 9453 6228 4844 6492 5252 1206 100223 5572 7892 421 194 928 7498 446 1387 3561 2788 7122 2199 5655 7275
217 768 5172 8226 583 985 2558 9839 4782 9324 6926 1113 9797 4183 4023 3267 4039 7121 9792 393 5406 5395 3078 968 2145 853 5116 1155 8348 1222 4468 2131 2160 6529 4851 974 1114 4076 224 8587 88 9027 1213 2661 5658 164 6153 7294 3877 5740 1268 7270 5613 6034 8373 4316 564 3250 1385 9956 5790 9213 6925 2730 9624 3630 638 3942 8120 7408 1566 1409 1702 3151 8986
9654 5947 2877 3577 6204 7832 4006 9944 9028 3259 8117 1444 7998 6990 2904 344 7296 5473 6290 2552 377 6265 991 9500 4419 102392 3405 1969 109272 7678 634 4396 6135 576 8008 2961 9894 1641 9064 7043 8042 9407 486 8429 3493 6871 3361 9552 4847 9499 8174 686 792 8203 1213 758 9869 4194 92 3857 6937 6394 4090 6717 2478 5538 1311 8007 6516 9039 4507 7215 4096 7361
7580 9734 8841 8120 7379 7227 7224 2214 649 3863 4558 2951 1646 1621 2395 5406 5555 86 7419 9762 3657 339 4771 4601 8601 84 781 6851 5909 226 4384 9274 6670 4504 4804 40 1400 1167 916 2346 7867 6122 7748 3252 6092 8879 4277 8453 3483 551 7527 2780 382 6471 5439 4843 4062 5904 121 2667 102528 2661 7968 7841 5094 5083 8699 107167 3847 4293 102586 5326 4045
240 7458 474 2029 7212 6900 6302 3165 1117 2325 5682 4529 2513 7081 9426 7478 9843 1298 5473 5602 7295 4088 6302 1323 3623 8873 2662 9592 181 3539 6506 6229 7730 1806 1218 1691 9190 1824 2465 1183 1921 7900 8395 1114 9913 9707 9285 103161 7781 3789 8412 5589 3722 6625 1209 5589 2707 1923 4916 5491 6455 6950 7942 7069 1606 7171 3475 989 1427 5248 9303 5259
3529 4132 6704 3296 103543 7962 8669 2095 9869 6405 7093 6624 3884 4099 5195 2028 1961 2708 945 4848 6930 8940 3307 9275 6388 6487 2165 7818 9501 8013 1415 7639 106317 1927 7160 1758 7858 8369 7905 1488 4996 3439 1283 7594 3150 2437 5899 7608 4207 108178 2997 7415 2240 1965 6816 3929 5334 947 4672 3756 3034 1135 5017 4477 6631 443 2171 3625 2435 389 2329
756 5250 214 446 1069 106472 2207 7042 3826 9310 2469 7481 2160 903 4192 461 2174 4898 2766 2541 7898 9538 269 4102 3684 6781 7096 2145 9706 1970 5361 3357 108307 2527 5840 8207 6064 1154 104155 5655 3312 7566 1815 2196 35 6560 5661 2314 7985 1346 5185 1475 7484 1647 175 5973 9843 6120 8631 579 5561 1815 9259 105718 917 1923 7685 5117 9115 5155
5359 9314 1531 6310 5165 2943 8440 2434 1053 6528 940 6908 9699 6875 4506 9880 4094 8478 6532 4432 4511 1736 7662 8602 1003 4683 963 4501 4143 4192 7670 3253 1379 6139 6779 8848 8034 4144 8456 5175 5224 9494 3446 7017 4365 6604 4636 8804 8834 10 1230 1309 761 1272 2 5154 3082 1604 883 3903 7395 9840 8393 6414 1344 331 7417 2754 4187
9921 8681 8245 2134 6453 743 6912 2726 7150 1066 1948 1378 7807 4249 6775 8893 1772 251 6649 9232 74 1487 8663 651 6166 7164 6887 2861 6633 7403 1573 8419 4090 5860 2998 5917 3188 3671 2267 9351 7465 2365 6888 1655 6888 3197 5125 9746 5515 9762 613 6756 5300 8109 9894 9839 1433 1848 344 7107 333 9067 4817 6544 7393 4258 5904 8120
1563 103134 8560 8136 662 4619 9088 5928 2810 4050 4929 6881 6173 176 9695 3135 3034 109991 6371 2983 9137 1219 7576 970 32 9264 1806 5402 1968 1818 8555 2157 5682 5636 1704 160 6780 3133 1899 638 7215 5616 2417 7649 9883 8508 1663 103256 109573 899 6680 3594 1399 101574 8961 441 7641 5985 9523 5626 2415 5699 4897 1621 4034 513 4651
1368 1092 6892 5490 6864 2286 6767 6398 427 9708 9293 2172 6648 1756 2971 2603 6208 34 7354 2761 1689 5616 4520 7529 3336 7492 2279 106761 4743 114 9934 785 423 1956 1326 6222 3096 7983 4744 8879 4614 2872 3517 3695 107478 2503 3942 197 6386 9323 517 2361 2753 6957 1292 3048 1211 1193 7149 5562 4395 731 1665 3297 7014 8502
2156 4501 2459 5883 6849 7838 3403 9064 8611 2129 91 5279 8844 4254 712 109400 9473 729 7386 3513 4485 344 4652 597 9580 3373 8091 3235 3539 8581 4620 8481 7711 1391 8259 2569 5987 8289 5474 9363 1223 184 7935 4090 8309 102766 109561 8403 3540 1489 140 102139 8955 2417 1154 3553 3598 4618 3516 1060 8989 7299 7746 9342 3838
310 136 705 7895 3985 3298 4545 7216 3996 7401 6259 1337 3533 8798 5859 2328 3384 4046 5772 1318 8235 3702 6532 6906 6073 233 108182 4277 3316 9152 8228 8368 107024 3441 732 8371 1878 372 5082 8904 9287 6753 2415 1456 4786 8078 3761 6356 7512 4008 7891 2094 1037 768 8470 9192 2401 107976 9119 1269 4768 2621 3675 7279
727 2631 6401 1585 5960 1215 71 582 1359 1665 968 562 4566 8082 2724 5360 104551 9571 5288 6331 32 151 9695 6592 619 5585 1705 4659 1294 5730 9452 4066 4657 105106 7544 4536 8958 1372 9375 227 1710 2447 1941 8919 8577 513 8596 1059 8606 4919 5299 7445 8700 675 3000 1690 2863 4845 7084 6441 1272 7078 7950
5905 2710 136 4538 4287 6802 4642 5947 565 5882 6819 366 8551 2331 868 1386 6087 6132 4411 8573 1684 3721 1117 8104 1823 1925 2180 9710 9742 3508 754 4025 6420 3904 8868 8302 736 2458 1386 738 8005 2844 7142 1820 8154 7308 131 8028 7827 3171 4280 9069 896 8814 5117 6120 5237 1877 5885 9049 522 2155
173 9461 6755 9606 2620 300 4914 2095 4683 106092 8171 1147 415 7958 8185 3723 309 2389 2879 6417 3701 1292 1458 901 109034 3390 4933 5751 4433 6180 2037 9029 1472 203 3430 6303 2889 8077 5149 1689 6942 1281 3135 1697 6583 981 7466 530 2739 5258 4291 2151 8187 288 3648 1172 253 7652 7591 3394 935
7192 105911 218 7346 4658 6021 5604 274 2487 9833 7648 8827 8042 9722 6052 4694 9167 3191 951 8708 7125 1560 77 3426 9955 5044 9556 2717 6338 1876 9775 3144 104252 6600 3313 1516 2627 9480 1469 5552 9397 1262 5115 9257 9502 8434 8125 8435 8574 7078 4179 6065 2637 3396 3947 5281 9197 1588 1949 5859
1039 130 7750 6220 2840 1392 1876 422 837 3511 8514 1370 6284 3492 9043 8177 8485 6225 4180 1671 5801 9217 909 3681 106138 100496 8169 8720 228 3754 5751 2903 5811 9451 9759 9962 6212 3175 8201 2599 4016 7035 938 7785 2870 1715 2048 2090 4744 2029 1137 5673 3529 2526 7807 1453 6133 7237 9502
6121 1346 8685 5401 2560 8870 614 1666 1578 937 4901 8857 2072 9980 2650 5294 5028 490 3955 6554 221 7726 4000 2731 3586 7749 2759 5807 7532 3589 109977 2596 2801 1390 5284 3004 5639 5360 6378 614 5685 2430 5122 6379 3888 9010 478 1559 2437 5488 8301 8185 1121 5503 9505 588 5961 2229
8499 4582 3863 8098 1525 1681 419 6977 825 7705 131 7354 3185 5477 8771 5580 2454 7577 4120 3849 8781 9291 2289 289 1207 4068 6063 6916 6824 6986 7991 6818 3930 9772 646 7253 3906 4414 805 802 2643 7381 6124 3852 2226 3637 1963 6889 6650 2457 2631 8633 7809 402 5970 628 3658
2837 5647 3891 8988 8254 2276 1907 8836 4057 4640 4501 5591 2498 431 1641 1978 8651 1964 6316 8373 5903 2102 6175 9220 5300 2006 1659 9792 1926 107808 7249 543 9090 3192 6359 101015 4144 8823 5664 7529 549 8094 1290 9803 5527 5946 6047 106294 6866 8713 2068 2946 8202 2364 8262 108350
9122 4157 9221 644 1549 8466 2513 4044 1700 1347 5637 6064 103991 9513 641 5457 2167 4279 4925 680 6515 5870 8346 2495 1649 2299 9195 2017 6048 3332 6820 3982 8443 2019 6242 8260 6545 7089 3787 1947 2739 2711 2743 102047 5021 106401 6095 8132 9496 7492 3477 1573 9759 6130 1716
4781 5825 8603 4410 8106 2839 5766 3299 7198 983 4016 4567 6984 9304 6388 4519 4866 4086 4749 2852 8860 4040 6184 5665 9434 5696 8589 8106 586 2979 7294 102645 4648 3722 7297 1351 181 9864 2299 2458 9141 1501 2366 5742 376 7338 4788 1470 6251 5286 4876 3605 7312 1281
107429 768 539 4359 1145 7973 9503 6247 4572 102628 264 6708 1844 3357 3658 5227 2971 2370 3786 726 306 1006 1211 3281 9817 6407 5149 5692 4301 4032 193 3792 1649 594 5455 3349 5296 3628 6555 4754 3345 2009 8790 3815 3965 3457 1473 7688 5229 1650 3479 891 2103
5760 5947 4884 9178 2714 7904 7854 5255 102863 2280 6509 2228 5953 2095 6497 2203 5322 4729 8814 3640 1676 1288 1114 9171 8845 1938 1127 1162 4994 7859 193 3043 2331 5792 2250 5216 8784 4764 5829 6531 8522 6493 9487 9957 2661 7361 1908 8514 228 686 1089 119
294 8887 6182 8463 872 886 9007 4729 2107 2166 1107 6670 9975 5632 106140 4914 9088 7737 5176 6873 823 3273 2367 7500 9845 2063 3654 7436 9684 7539 9364 2086 2606 5548 9795 9400 3354 3363 2681 5603 1539 7240 4840 321 7644 5108 1362 2665 8642 2735 193
4352 4816 2274 981 7698 9945 4303 7311 434 4721 3152 6543 9022 9436 830 4233 5031 7036 8099 1389 7023 2389 3985 1335 5124 8451 4772 8916 7500 5774 2966 6678 8065 4173 1298 2441 799 8713 555 7191 2763 6067 1837 6185 2279 103849 1588 8816 4963 4053
3036 1187 710 4294 8905 6505 4926 5203 7160 6617 8628 9357 4470 864 2595 5028 1199 7283 6154 2445 121 6342 5168 8611 1587 5900 616 524 8584 100527 109829 1773 8104 1555 4720 100208 1336 3302 2904 4868 4025 171 4360 1574 1655 4327 6319 447 979
8395 8828 100750 2371 2083 4953 1400 2376 3950 202 1917 4337 8928 2981 8957 6910 1556 7284 3626 6215 646 7721 6879 6333 400 3185 5153 6225 3539 1405 4886 6085 3784 7453 1012 9504 7703 7677 8714 6166 3720 9076 3797 5270 8473 7098 1292 2277
5375 1275 4124 5772 6192 1834 2059 5966 481 999 1671 1021 2011 2739 799 2253 1043 9140 9461 2088 5226 9924 6226 8595 3714 8223 2474 2337 8963 3117 9698 1783 9548 6972 9055 3376 6334 3186 928 5090 1477 5569 2175 3409 4760 76 9268
594 3956 105 107 3523 948 9304 3767 1753 2020 4963 7575 7625 5093 2997 8183 101147 1267 9296 9082 9692 4502 1818 935 4019 6806 2072 2098 1894 2 7582 1068 9742 7587 1205 3037 4505 1596 4446 9169 2478 149 2327 9265 518 4137
9723 1524 3609 76 574 949 982 1793 7722 9223 584 5002 3091 4646 2277 225 1522 1136 2008 424 3472 3348 4098 6476 5009 6121 4060 895 2451 6562 8768 6565 4535 5888 6089 7871 7775 6409 1880 1879 7449 4328 760 9723 5851
3573 8725 9421 9183 9639 1688 3306 2577 7750 6966 2554 4439 774 3466 8776 4880 721 191 1586 5232 4372 4723 1667 2507 8829 1545 8863 8575 100019 5277 6975 2215 8710 8237 2014 574 5369 6758 2194 1601 7966 5069 6607 8904
8976 2416 9593 9334 1846 5435 9912 7870 6999 4863 6369 6553 1049 4736 8355 4165 8687 4078 655 4224 4898 5111 5003 5030 9582 9946 8168 2727 1793 8735 5843 6669 7968 9078 7033 7404 586 749 991 3994 721 8309 9233
801 3062 7351 233 3843 5188 6323 9778 5790 5824 4778 5821 7376 7695 2125 1892 1084 4809 8356 4510 5949 7452 5300 2674 2555 900 7979 8543 4476 4954 101614 9867 101853 4331 2581 7578 8257 1306 2084 2946 8232 5720
5502 6172 8996 4819 7221 7454 3672 1437 2693 2823 4290 8527 100450 3210 6730 7293 9038 9487 8443 7739 9472 8534 9874 5936 914 7742 6309 2986 6185 2181 279 2131 74 960 3993 226 4539 8525 434 1109 5032
102503 7489 1982 2040 4922 2674 7579 5903 5016 3280 2347 1332 2316 3515 1197 2278 6812 7930 5867 2666 3556 9762 376 7960 4897 3031 2885 8136 1131 100418 9338 5335 1238 9605 1075 7870 1978 1611 7352 1684
2290 163 674 8627 4483 526 5051 2825 6846 4070 5286 2016 6567 226 4623 3151 3126 567 8691 1282 9182 7314 4947 2552 988 8483 453 1116 103666 1100 1052 9559 9973 1291 2617 931 9588 531 209
5379 6938 9474 7969 1169 294 7086 4048 2471 5064 6545 468 931 1711 4983 7304 109541 2449 230 1692 2474 1626 4413 3661 2766 5465 7120 6695 8110 5607 1635 2696 60 2153 7141 342 9046 1704
399 3908 1113 1632 1932 107969 6017 5637 4700 6322 9221 5053 276 6065 9089 8153 1160 7941 5683 437 1899 8356 8170 2867 5510 1847 9820 755 1095 8525 101016 119 4860 2770 7099 6947 8721
7873 4694 1930 6838 7992 4575 6967 1237 1771 7319 9593 3890 2732 7213 2531 5364 8281 1105 6818 6771 2006 443 3584 9154 29 8893 9977 5342 9747 8518 9404 5464 1020 8793 7748 7488
8850 9725 5096 594 1170 7206 5712 4262 184 7396 8121 9346 5773 1658 5258 4675 9133 8850 9144 4620 7598 9246 3607 1357 4493 9058 8898 6200 6251 4897 7068 6304 3208 3318 616
105779 6319 772 1399 9642 2995 3567 2320 5630 2600 2717 6644 349 6965 3719 5746 4589 5368 9556 152 4288 2746 5240 1292 8761 5493 6040 4522 1422 4227 5138 671 783 8969
2027 8357 3734 4404 1432 4511 9791 4690 4689 3480 5098 2549 7635 2135 9950 1635 2054 4950 5696 8018 9182 3955 6468 5906 8933 4326 84 2843 2265 6676 7855 2264 5890
1716 419 964 6758 48 3966 4900 6128 7230 7633 3477 479 1327 7078 2696 2651 7383 4548 9899 302 223 9201 1579 2272 8584 1399 6070 147 481 3034 4581 2032
6186 985 9769 8145 5785 3010 8550 5873 637 8539 654 7729 610 8910 703 9245 7493 1685 8527 1918 472 7863 3526 6737 101751 2961 8702 1528 972 3385 151
3807 1600 8591 6766 2562 7315 108340 2350 908 7103 5807 8295 4931 7704 6638 3038 6179 4902 8122 4582 9112 8277 8847 6925 6688 6172 5930 1610 3056 8542
4227 1206 6550 5678 3805 2904 7039 1734 9628 2710 5738 7914 4839 8392 8764 4600 9709 1247 7013 2659 1212 4822 8099 8720 7872 6648 2933 6544 4410
6210 3139 6783 4673 1370 4813 5724 141 2449 1441 2106 7569 197 5777 1175 2904 1786 3204 2027 1364 1033 4523 627 9555 3785 5158 5615 3379
4494 3801 9912 7143 1695 1322 3558 9323 3964 4060 6929 1908 5744 1232 5767 6652 7843 5658 8413 220 9860 5058 4985 5866 565 5165 3792
2550 2086 4939 9819 368 109191 5762 3983 4748 1640 9979 2701 9336 6467 43 9607 7437 100909 9173 6020 9620 2841 4765 7974 3339 109006
6736 1674 1272 9402 147 7792 8078 8118 6617 9852 2094 6395 41 8812 783 6325 6015 2314 6897 6056 6658 9188 3086 2145 1926
7674 242 9310 6163 8856 4524 4464 6245 4566 8358 2336 7125 7852 354 9120 504 1273 69 1459 7079 4038 681 7647 3007
9238 2445 6834 9785 689 6463 1427 685 4274 3309 8298 9362 2413 7912 4787 8889 2100 7227 5551 203 4316 3771 7340
9744 8380 5134 3894 8226 2726 1745 813 1825 3513 4677 9833 4520 2550 1513 6811 7776 865 7406 550 8628 2347
9511 6302 1108 4222 6239 2160 2701 2648 128 1106 4777 6971 849 140 9588 4756 6992 8807 3407 2219 1616
245 7944 26 2356 4130 7289 1234 6605 8201 9135 250 105504 1418 6638 9610 9244 2202 9924 3431 103098
102059 4411 8815 7333 3566 106483 664 8541 7926 7056 1171 4007 1263 5279 6263 7751 831 9982 5132
8769 1387 8045 68 109483 317 7584 1217 2183 8181 8086 2371 6528 9614 3055 4416 195 3
7913 569 3153 5009 2139 4923 9153 6398 2038 6755 1099 1066 1145 6582 5554 3333 4500
6400 9682 2034 576 5194 8187 6762 925 290 6139 9268 5179 1318 8835 6675 4861
5248 531 2976 6394 3993 2616 9930 1878 7655 5975 8908 4433 1113 6874 8030
1326 661 6202 7838 8919 9199 5245 6000 319 3133 7827 7059 8088 7496
6444 7735 7526 2294 9484 8060 4852 5942 8209 300 3205 4699 5060
5132 3566 221 894 5326 3330 109388 2094 619 100445 5158 1304
1951 101206 6427 2127 2341 1919 5200 1702 2565 2558 2721
8996 8732 913 1530 6310 7339 3645 8743 3977 4898
7864 1370 2345 302 6232 2541 2275 3808 3051
8201 3634 9296 8360 3590 8680 2242 102406
948 7082 3640 3052 4361 109922 7848
809 3020 8319 3343 7269 5762
223 5606 109479 1831 1440
2197 6040 4128 3540
5845 1303 7726
2227 5178
2383

